00CA	04/22	35.34930	-116.89300	35.36030	-116.87800
00WI	09/27	44.30420	-89.05200	44.30440	-89.04820
01A	5/23	62.94021	-152.27293	62.94130	-152.26629
01ID	14/32	42.61100	-112.03500	42.60370	-112.03100
01J	18/36	30.69090	-81.90640	30.68170	-81.90500
01LS	09/27	30.72270	-91.08020	30.72250	-91.07450
01MT	13/31	48.79500	-114.88600	48.78330	-114.87500
01OL	5/23	34.36072	-96.73647	34.39305	-96.68889
02FD	1/19	30.94760	-86.63600	30.95710	-86.63490
04CA	8/26	34.56660	-117.68300	34.56670	-117.65750
04CL	08/26	33.08191	-116.44338	33.08129	-116.43710
04I	06/24	39.90920	-83.19280	39.91310	-83.18470
04MS	17/35	32.94420	-90.83730	32.93490	-90.83730
04NV	02/20	35.75180	-115.66800	35.75920	-115.66200
04TT	18/36	29.71954	-99.54539	29.70669	-99.54586
04V	10/28	38.10410	-106.18600	38.09410	-106.16300
04W	06/24	46.02130	-92.90010	46.02440	-92.89020
05CL	10/28	38.61310	-122.39700	38.60860	-122.38600
05LS	02/20	31.24710	-92.47830	31.25290	-92.47550
05PS	06/24	40.14120	-77.86550	40.14600	-77.86000
05V	03/21	37.40480	-105.56000	37.41750	-105.54600
05Y	17/35	46.30840	-95.44230	46.29960	-95.44230
06FA	09/27	26.90810	-80.33920	26.90820	-80.31770
06MO	15/33	39.23530	-94.80640	39.22780	-94.80220
06N	08/26	41.43020	-74.39610	41.43370	-74.38700
06TE	08/26	30.31230	-95.03080	30.31310	-95.02290
06TT	13/31	30.86290	-100.20570	30.85710	-100.19830
06WN	09/27	46.92630	-122.55800	46.92360	-122.54800
06Y	14/32	45.83320	-96.16360	45.82620	-96.15740
07B	16/34	44.45180	-68.57280	44.44420	-68.56660
07FA	04/22	25.32070	-80.27920	25.33010	-80.27040
07IA	18/36	40.65008	-95.02151	40.64569	-95.02119
07K	15/33	41.11640	-98.05330	41.10670	-98.04940
07MT	10/28	48.43030	-106.55200	48.41180	-106.50400
07Y	16/34	46.95950	-93.59930	46.95210	-93.59560
08B	14/32	44.00170	-69.89000	43.99830	-69.88430
08MS	07/25	34.66050	-89.87420	34.66400	-89.86250
08R	11/29	41.48990	-71.62450	41.48910	-71.61680
08UT	10/28	38.33935	-109.14238	38.33069	-109.12798
09CL	01/19	39.11000	-121.05900	39.11750	-121.05400
09FA	18/36	27.25220	-81.41310	27.23890	-81.41310
09S	16/34	48.84330	-117.28400	48.83850	-117.28400
09TS	09/27	29.48240	-103.17100	29.48240	-103.15800
0AZ2	12/30	33.77940	-113.64400	33.77670	-113.64000
0AZ2	17/35	33.78280	-113.64100	33.77330	-113.64200
0B2	01/19	44.76150	-68.76710	44.76620	-68.76850
0C1	02/20	39.48470	-94.78180	39.49090	-94.77920
0C2	09/27	41.77090	-88.70840	41.77090	-88.69870
0C5	18/36	43.58160	-85.28060	43.57120	-85.28060
0C7	18/36	41.52730	-89.13290	41.51640	-89.13240
0C8	18/36	41.52340	-88.60510	41.51560	-88.60510
0CA3	10/28	34.59031	-120.01885	34.58758	-120.01235
0CA6	04/22	32.74770	-116.01977	32.75117	-116.01267
0CA9	16/34	35.59940	-120.33900	35.59030	-120.33800
0CO2	11/29	38.85440	-106.93800	38.84880	-106.92600
0D7	09/27	40.79060	-83.83260	40.79060	-83.82550
0G0	10/28	43.10330	-78.70860	43.10310	-78.69810
0H7	10/28	40.42230	-91.71140	40.42110	-91.70190
0I2	09/27	39.47680	-87.10490	39.47670	-87.09450
0ID2	11/29	44.44590	-113.78500	44.43980	-113.76100
0ID9	6/24	46.78444	-116.47556	46.78611	-116.47113
0IL7	18/36	39.78569	-88.54672	39.78014	-88.54669
0J0	17/35	31.60410	-85.23880	31.59620	-85.23750
0KY1	10/28	36.76610	-86.62370	36.76500	-86.61290
0LL3	06/24	39.05043	-90.35227	39.05063	-90.35180
0MI8	17/35	44.89455	-84.30106	44.89057	-84.29995
0MI8	4/22	44.89100	-84.30110	44.89720	-84.29480
0MS0	04/22	32.47160	-88.62000	32.47840	-88.61330
0N0	18/36	39.29360	-94.44190	39.28600	-94.44300
0N4	04/22	39.19920	-75.48750	39.20540	-75.48340
0N6	15/33	39.01510	-75.53610	39.01060	-75.53180
0NE6	17/35	40.43840	-98.07110	40.42830	-98.07010
0O4	16/34	39.94730	-122.17100	39.93990	-122.17100
0O9	06/24	41.84500	-123.99000	41.84620	-123.97900
0OH8	03/21	40.18460	-84.25830	40.19210	-84.25380
0OK3	16/34	35.62610	-98.52390	35.61280	-98.52110
0P1	16/34	39.83520	-99.56950	39.82820	-99.56740
0Q3	07/25	38.22330	-122.45300	38.22330	-122.44300
0Q3	17/35	38.22710	-122.45300	38.22290	-122.45300
0Q4	10/28	36.58250	-119.66100	36.57920	-119.65300
0Q9	08/26	38.25790	-122.43800	38.25690	-122.43000
0R2	18/36	38.40640	-93.33210	38.39830	-93.33250
0R7	17/35	31.99720	-93.30790	31.98340	-93.30790
0S5	15/33	46.24180	-116.23900	46.23530	-116.23800
0TA7	05/23	30.14100	-103.90600	30.14820	-103.89300
0TA7	12/30	30.15710	-103.90600	30.14820	-103.89300
0TA7	15/33	30.16130	-103.89900	30.14820	-103.89300
0TE4	16/34	31.08500	-96.21650	31.07700	-96.21400
0TE5	17/35	27.44190	-99.18750	27.42570	-99.18430
0TE7	17/35	30.26040	-98.62340	30.24320	-98.62170
0TX1	18/36	32.35880	-97.67590	32.34920	-97.67690
0U1	02/20	44.13920	-115.31800	44.14520	-115.31100
0U2	12/30	43.80690	-113.83700	43.79700	-113.82600
0U3	03/21	44.74280	-114.92500	44.74640	-114.91800
0U7	05/23	43.32280	-113.59500	43.32470	-113.58600
0U8	09/27	44.61210	-113.90400	44.60860	-113.88600
0WI1	04/22	45.50390	-92.14580	45.51060	-92.13810
0WI4	08/26	43.82890	-89.35860	43.83000	-89.34640
0XA4	15/33	28.00320	-98.88540	27.99070	-98.87900
0XA5	13/31	28.68860	-98.38690	28.68120	-98.37860
0XS7	13/31	29.19810	-100.28100	29.18560	-100.26900
0Y6	18/36	43.41830	-93.51180	43.40900	-93.51170
10AZ	08/26	33.36640	-112.62400	33.36640	-112.61300
10D	09/27	44.95380	-94.07170	44.95380	-94.05910
11IA	18/36	42.35183	-92.51339	42.34806	-92.51339
11II	18/36	39.34730	-86.03090	39.33610	-86.03020
11LS	07/25	30.97520	-92.57170	30.97690	-92.56630
11LS	09/27	30.97610	-92.57110	30.97600	-92.56700
11S	08/26	48.26690	-124.32000	48.26540	-124.30800
12A	18/36	35.18280	-92.33510	35.17400	-92.33570
12NC	01/19	34.86900	-76.34920	34.87860	-76.34910
12NC	05/23	34.87190	-76.35600	34.87880	-76.34720
12NC	10/28	34.87850	-76.35500	34.87840	-76.34350
12TT	2/20	33.59069	-97.10256	33.59681	-97.09967
12WV	18/36	38.34578	-82.11256	38.34229	-82.11171
12WV	6/24	38.34248	-82.11196	38.34456	-82.10892
13ME	09/27	45.77570	-69.81330	45.77710	-69.80530
13NC	01/19	35.02290	-77.24930	35.03380	-77.24920
13NC	05/23	35.02630	-77.26360	35.03470	-77.25360
13Y	09/27	48.40830	-93.58560	48.40830	-93.57320
14AZ	06/24	31.90640	-111.12900	31.91030	-111.11600
14MS	03/21	32.34340	-89.03550	32.34720	-89.03290
14MS	08/26	32.34440	-89.03970	32.34610	-89.02860
14NC	05/23	34.50310	-77.56170	34.51140	-77.54860
14OI	07/25	40.91760	-82.11800	40.92090	-82.11010
14S	12/30	46.89930	-124.10400	46.89460	-124.09800
14TS	16/34	27.42950	-98.60770	27.41390	-98.60130
14WS	15/33	45.78060	-91.56160	45.77540	-91.55540
15AR	14/32	34.82870	-90.54570	34.82310	-90.54090
15FL	09/27	30.15000	-82.66690	30.15000	-82.65970
15FL	18/36	30.15860	-82.66640	30.14890	-82.66640
15G	03/21	41.02540	-81.80020	41.03140	-81.79680
15MN	05/23	45.26000	-94.51440	45.26440	-94.50690
16A	18/36	60.90920	-162.43900	60.90280	-162.44200
16S	03/21	42.99500	-123.31900	42.99960	-123.31200
16X	17/35	33.08470	-97.35970	33.07670	-97.35810
17FL	09/27	29.29060	-82.13620	29.29060	-82.12480
17FL	18/36	29.29060	-82.12480	29.26990	-82.12480
17TX	17/35	32.45310	-98.25540	32.44440	-98.25460
17XS	01/19	32.16960	-98.43860	32.18590	-98.43150
18AZ	06/24	33.81640	-111.90400	33.81970	-111.89200
18K	03/21	37.38160	-100.18800	37.38700	-100.18400
18TA	16/34	30.14210	-99.74610	30.13050	-99.74120
18TE	08/26	32.58530	-95.07220	32.58510	-95.05570
18Y	16/34	45.77600	-93.63440	45.76840	-93.63080
19AR	09/27	35.15680	-92.22710	35.15660	-92.22140
19AZ	17/35	34.60940	-111.86600	34.60060	-111.86500
19MT	6/24	46.83530	-108.94812	46.84084	-108.92554
1A2	17/35	47.11650	-97.20840	47.10800	-97.20840
1AZ0	09/27	33.10140	-112.27400	33.09890	-112.25900
1C8	18/36	42.29550	-89.13610	42.28850	-89.13610
1C9	05W/23W	36.95090	-121.46700	36.95430	-121.45800
1CA6	15/33	32.76393	-116.72372	32.75875	-116.72182
1CD2	08/26	40.16650	-104.79800	40.16790	-104.78700
1CO5	08/26	38.01580	-103.70900	38.01500	-103.69600
1CO5	18/36	38.01830	-103.69800	38.01170	-103.70000
1D2	18/36	42.35100	-83.45650	42.34470	-83.45610
1D4	09/27	40.99260	-81.43580	40.99250	-81.42740
1D6	12/30	44.73280	-94.71500	44.72900	-94.70760
1G8	16/34	40.47280	-80.62650	40.46700	-80.62370
1H4	17/35	42.42220	-74.00690	42.41720	-74.00690
1H9	01/19	45.83070	-91.80410	45.84040	-91.80130
1I9	18/36	40.54680	-86.68140	40.53890	-86.68140
1K1	17/35	37.78150	-97.11380	37.76880	-97.11270
1K6	17/35	38.37630	-98.59870	38.36930	-98.59860
1LS0	17/35	30.22940	-90.88270	30.21860	-90.88140
1M8	09/27	41.83810	-71.03080	41.84000	-71.02210
1MO3	SE/NW	39.93630	-94.07568	39.92883	-94.07159
1MS8	13/31	32.94610	-88.58670	32.93430	-88.57170
1MY1	09/27	45.98570	-96.20330	45.98490	-96.18560
1N5	08/26	38.41280	-75.62300	38.41560	-75.61590
1N5	17/35	38.41550	-75.61730	38.40770	-75.61260
1O6	14/32	41.26650	-122.27400	41.25960	-122.27000
1OK3	17/35	34.57970	-97.81440	34.56970	-97.81100
1Q1	13/31	36.16480	-119.05200	36.16000	-119.04900
1Q5	01/19	39.44590	-122.95800	39.45550	-122.95100
1S2	10/28	48.25980	-121.61500	48.25740	-121.60500
1S6	01/19	48.18740	-116.91300	48.19400	-116.90600
1S7	11/29	45.67430	-116.30900	45.66930	-116.30200
1T8	16/34	29.74296	-98.45192	29.74296	-98.45192
1TE1	13/31	28.25420	-99.82130	28.24630	-99.81270
1TS9	17/35	33.37267	-96.75464	33.36462	-96.75475
1U0	06/24	42.97430	-113.35500	42.97640	-113.34700
1U1	01/19	46.12160	-114.92600	46.13110	-114.91700
1U3	12/30	43.21840	-116.55200	43.21350	-116.54500
1U4	14/32	44.98100	-116.28600	44.97500	-116.28200
1U6	16/34	42.23910	-113.87800	42.22870	-113.87800
1VA1	08/26	36.73400	-80.45350	36.73830	-80.43730
1VA8	13/31	36.86440	-78.41350	36.85950	-78.40530
1W1	07/25	45.62790	-122.41000	45.62780	-122.39900
1W3	09/27	39.60570	-78.76420	39.60620	-78.75670
1W3	16/34	39.60700	-78.76310	39.60200	-78.75950
1WA6	E/W	47.55940	-121.87000	47.55970	-121.85800
1WI8	18/36	44.63940	-87.44050	44.63230	-87.43990
1WN3	03/21	45.21000	-92.53760	45.21370	-92.53440
1WN3	12/30	45.21340	-92.53920	45.21030	-92.53280
1XS8	16/34	29.63990	-100.37700	29.62830	-100.37200
1Y5	17/35	43.09210	-92.34480	43.08430	-92.34270
1Y9	17/35	42.99200	-95.66400	42.98430	-95.66400
1Z1	16/34	36.26280	-113.23100	36.25020	-113.23000
20AR	08/26	35.30720	-92.32310	35.30860	-92.31730
20GA	10/28	33.75730	-84.89280	33.75590	-84.87770
20IA	2/20	41.52064	-93.80228	41.53252	-93.80043
21AZ	12/30	34.35610	-109.97500	34.34860	-109.96500
21MU	18/36	36.56900	-93.50910	36.56130	-93.51030
22XS	15/33	31.37810	-97.66920	31.36940	-97.66420
23D	17/35	48.58270	-96.54290	48.57560	-96.54110
23ND	08/26	47.08130	-101.27500	47.08320	-101.25900
23XS	15/33	31.36340	-97.67450	31.35810	-97.67120
24AR	18/36	34.20150	-90.95240	34.19460	-90.95320
24C	06/24	42.95330	-85.35125	42.95594	-85.34183
24C	12/30	42.95600	-85.34880	42.95330	-85.34080
24C	15/33	42.95500	-85.34410	42.95060	-85.34110
24CL	14/32	36.09750	-119.54700	36.08000	-119.53800
24IA	08/26	42.51580	-92.52460	42.51580	-92.51500
24K	17/35	44.97630	-115.72900	44.97220	-115.73000
25IA	15/33	43.39690	-92.96511	43.39330	-92.96230
25NC	18/36	35.63760	-79.71070	35.62910	-79.70930
25TA	09/27	29.83660	-94.97310	29.83660	-94.96170
25TS	17/35	36.10060	-102.41600	36.08250	-102.41600
26AR	10/28	35.21660	-91.81270	35.21440	-91.80300
26N	06/24	39.26070	-74.61130	39.26630	-74.60360
26W	18/36	42.21090	-84.23340	42.20490	-84.23360
27AZ	17/35	33.92470	-113.16700	33.91420	-113.16800
27C	03/21	43.62680	-85.26530	43.63000	-85.26220
27C	09/27	43.62990	-85.26540	43.62990	-85.25770
27IA	09/27	40.75130	-92.03410	40.75130	-92.02760
27MS	15/33	32.76084	-89.41076	32.75563	-89.40668
27W	09/27	47.82050	-120.72500	47.81830	-120.71500
28M	18/36	42.02750	-70.83900	42.02280	-70.83720
28TA	14/32	27.84440	-98.72720	27.82280	-98.70670
29IA	17/35	40.76041	-95.62407	40.75212	-95.62276
29N	10/28	39.52430	-75.05000	39.52370	-75.04270
29TX	15/33	34.09810	-99.36810	34.09100	-99.36320
2B1	05/23	41.68280	-70.40260	41.68710	-70.39880
2B1	09/27	41.68430	-70.40760	41.68630	-70.39890
2B1	17/35	41.68780	-70.40390	41.68340	-70.40100
2B2	10/28	42.79520	-70.84340	42.79550	-70.83550
2C4	09/27	43.81680	-92.34250	43.81670	-92.33120
2C5	09/27	42.25250	-85.85630	42.25250	-85.84430
2C6	02/20	40.77030	-90.07600	40.77760	-90.07280
2CL9	07/25	38.33390	-121.31100	38.33470	-121.29700
2CN4	16/34	35.65420	-119.88200	35.64390	-119.88100
2D1	09/27	40.98170	-81.04740	40.98170	-81.03980
2D1	18/36	40.97370	-81.09870	40.96410	-81.09860
2D7	10/28	40.64680	-81.56180	40.64650	-81.55040
2E2	18/36	42.95530	-82.77610	42.94790	-82.77570
2E8	06/24	42.42320	-83.87150	42.42700	-83.86560
2F6	17/35	36.35910	-96.01090	36.35110	-96.01100
2F6	S/N	36.35850	-96.01030	36.35140	-96.01040
2G8	12/30	44.39470	-71.20310	44.39460	-71.19290
2IG4	18/36	38.85930	-87.49990	38.84340	-87.49970
2IL3	18/36	41.51880	-90.37940	41.51280	-90.37930
2IL9	04/22	41.42920	-87.78560	41.43640	-87.77780
2J0	18/36	29.99300	-84.39540	29.98590	-84.39540
2J9	14/32	30.60020	-84.56010	30.59500	-84.55410
2K1	15/33	36.66560	-97.81040	36.66250	-97.80880
2K1	17/35	36.66540	-97.80870	36.65900	-97.80870
2K2	17/35	37.06290	-93.23440	37.05600	-93.23420
2K8	17/35	37.27980	-97.75880	37.27100	-97.75880
2KY5	16/34	38.37890	-83.15690	38.37110	-83.15250
2L1	12/30	47.90960	-97.64540	47.90370	-97.63670
2M1	03/21	39.01440	-94.09040	39.02490	-94.08260
2NC0	14/32	35.87164	-82.34557	35.86625	-82.33930
2OR1	04/22	44.82530	-120.50200	44.83170	-120.48800
2P7	01/19	40.05300	-80.96370	40.06070	-80.96270
2Q5	06/24	39.20040	-119.68600	39.20270	-119.68100
2S0	10/28	48.35230	-120.09900	48.34880	-120.08900
2S1	17/35	47.46130	-122.47600	47.45590	-122.47700
2S5	07/25	47.65600	-120.06300	47.65600	-120.05000
2S6	17/35	45.29860	-122.95300	45.29110	-122.95500
2SC5	08/26	34.29100	-82.05880	34.29240	-82.04870
2SD9	18/36	45.45560	-99.01010	45.44880	-99.01010
2TA6	01/19	31.85640	-96.19940	31.86890	-96.19550
2TA8	13/31	26.86440	-98.22830	26.85420	-98.21580
2TS6	17/35	32.51700	-96.92710	32.50830	-96.92620
2TS8	15/33	29.22580	-97.87440	29.21530	-97.86890
2TX4	17/35	27.99010	-99.37800	27.97710	-99.37540
2U0	05/23	43.49600	-115.55700	43.50070	-115.53700
2U4	16/34	43.19330	-112.53200	43.18570	-112.53200
2U5	18/36	45.99210	-114.84000	45.98690	-114.84300
2U7	17/35	44.21430	-114.93300	44.20280	-114.93600
2VG2	NW/SE	38.96809	-77.86218	38.97517	-77.87765
2W1	08/26	47.17800	-120.85700	47.17720	-120.84900
2W2	14/32	39.46850	-77.02010	39.46560	-77.01470
2WN3	09/27	44.35770	-88.76620	44.35800	-88.75660
2WN3	18/36	44.35920	-88.76130	44.35650	-88.76150
2WN5	11/29	44.00720	-90.02380	44.00550	-90.01470
2XA0	17/35	33.98330	-99.71280	33.97470	-99.71280
2XS1	18/36	30.22600	-98.30190	30.21350	-98.30330
2XS2	15/33	28.26910	-100.16500	28.25650	-100.15900
2XS3	16/34	32.02250	-95.70280	32.01140	-95.69810
2XS5	17/35	30.01440	-98.42610	30.00640	-98.42440
2XS8	15/33	29.23360	-99.82600	29.22530	-99.82190
30GA	14/32	34.46340	-84.18580	34.45460	-84.17680
30M	01/19	34.65570	-90.37680	34.66250	-90.37570
30NE	17/35	40.35932	-98.68580	40.35218	-98.68584
31VA	02/20	37.01230	-76.59110	37.02810	-76.58670
31WI	06/24	43.00420	-88.60940	43.01030	-88.59470
33C	09/27	43.08180	-86.10200	43.08180	-86.09080
33VT	2/20	44.11611	-72.56694	44.12056	-72.56472
34G	18/36	41.97390	-83.92340	41.96400	-83.92350
34IL	16/34	40.36429	-90.11087	40.36008	-90.10922
34U	18/36	44.84380	-85.43150	44.83560	-85.43150
35C	18/36	43.13140	-85.50530	43.12530	-85.50530
35XA	12/30	30.83503	-94.94372	30.83309	-94.93964
36CA	16/34	36.13640	-119.98600	36.12720	-119.98500
36MI	13/31	42.03660	-83.88360	42.02990	-83.87070
36MI	7/25	42.03190	-83.88650	42.03710	-83.87260
36WI	18/36	44.03670	-91.29970	44.02780	-91.29970
37M	18/36	36.04450	-90.15070	36.03730	-90.15080
37N	11/29	47.48500	-101.41400	47.48040	-101.40300
37X	N/S	29.98790	-95.93060	29.99620	-95.93070
38C	18/36	43.61250	-85.49250	43.60310	-85.49250
38I	09/27	40.09080	-83.69410	40.09150	-83.68470
38N	10/28	39.30350	-75.58840	39.30380	-75.57920
38W	07/25	48.95600	-122.46300	48.95580	-122.45300
38XS	14/32	26.82200	-98.48440	26.80840	-98.47410
39G	09/27	43.03000	-82.67330	43.03010	-82.66540
39MD	9/27	38.27483	-76.72717	38.27514	-76.72092
39P	07/25	46.55040	-122.27000	46.55040	-122.26300
39TE	08/26	32.71080	-102.73900	32.71080	-102.73100
39TE	17/35	32.72330	-102.73800	32.71250	-102.73800
3A9	04/22	44.39140	-97.12520	44.39610	-97.11880
3A9	14/32	44.39690	-97.12630	44.38990	-97.12040
3AK2	06/24	61.64100	-149.28900	61.64250	-149.26700
3AZ5	07/25	35.57000	-113.30000	35.57440	-113.28500
3B3	16/34	42.42910	-71.79660	42.42270	-71.78910
3C1	03/21	41.65280	-86.03670	41.65920	-86.03250
3C1	12/30	41.65830	-86.03870	41.65500	-86.03080
3D1	09/27	45.21440	-88.07870	45.21440	-88.06880
3D1	18/36	45.21770	-88.07290	45.21050	-88.07290
3D2	14/32	45.13800	-87.18950	45.13270	-87.18230
3DA	09/27	43.05690	-83.80940	43.05690	-83.80330
3DA	18/36	43.05310	-83.80390	43.04620	-83.80400
3EV	18/36	38.01500	-87.59470	38.00890	-87.59500
3EX	01/19	39.33530	-94.19880	39.34020	-94.19560
3FA7	18/36	29.04470	-81.05695	29.04063	-81.05695
3FK	03/21	39.42350	-86.06110	39.42920	-86.05690
3G8	09/27	41.43990	-90.11470	41.43970	-90.10540
3GE3	07/25	34.41060	-83.18890	34.41330	-83.17940
3H5	18U/36U	41.68520	-90.07860	41.67970	-90.07860
3J6	18/36	30.79980	-82.02810	30.79290	-82.02820
3KK	09/27	41.09660	-87.91670	41.09660	-87.90710
3KK	18/36	41.09810	-87.90980	41.09100	-87.90980
3KS2	18/36	37.06328	-96.99879	37.05766	-96.99863
3KS9	17/35	37.73233	-101.19554	37.72190	-101.19528
3L7	09/27	44.73830	-83.38370	44.73830	-83.37570
3LA4	12/30	29.80263	-92.80886	29.79673	-92.79821
3MO	18/36	38.02190	-93.69300	38.01530	-93.69340
3MO4	S/N	36.45420	-89.62830	36.44690	-89.62780
3N8	17/35	47.26380	-95.93080	47.25520	-95.92820
3ND6	9/27	47.24222	-99.89941	47.24192	-99.89584
3NE5	11/29	40.94914	-96.20661	40.94596	-96.19859
3NP	09/27	42.17140	-84.26320	42.17140	-84.25370
3NP	15/33	42.17320	-84.26290	42.16710	-84.25870
3O5	16/34	34.37310	-98.40670	34.36520	-98.40570
3O8	14/32	36.25160	-120.24000	36.24460	-120.23600
3OK5	18/36	34.73190	-97.60540	34.72530	-97.60630
3OL8	03/21	36.87250	-95.15360	36.88310	-95.14470
3R8	02/20	38.65420	-85.79250	38.66120	-85.78870
3RU	E/W	33.33290	-84.40530	33.33280	-84.39630
3S2	12/30	44.51540	-70.40980	44.51290	-70.40380
3SC4	08/26	34.76970	-81.99250	34.77420	-81.98300
3T0	07/25	33.83910	-96.81500	33.83990	-96.80520
3TA	03/21	37.95910	-98.65050	37.96200	-98.64650
3TA	17/35	37.96230	-98.64670	37.95520	-98.64670
3TA0	18/36	30.10190	-100.40300	30.09110	-100.40500
3TA5	01/19	30.12890	-98.38460	30.13810	-98.38270
3TA6	15/33	29.54700	-100.25600	29.53680	-100.25000
3TE	09/27	42.02470	-83.94300	42.02490	-83.93630
3TE	18/36	42.02890	-83.93910	42.02170	-83.93900
3TS1	02/20	30.00750	-98.04220	30.01530	-98.03890
3U0	01/19	42.01740	-115.34100	42.02960	-115.33000
3U2	17/35	44.91600	-115.48400	44.90730	-115.48700
3VS	07/25	38.42710	-92.87990	38.42940	-92.87060
3W2	03/21	41.63340	-82.83120	41.64000	-82.82550
3W3	10/28	38.91810	-76.36310	38.91810	-76.35460
3W5	07/25	48.52990	-121.76400	48.52980	-121.75300
3W9	09/27	41.69420	-82.80040	41.69470	-82.79270
3X5	01/19	41.71550	-82.82130	41.72050	-82.82100
3Y7	13/31	45.39270	-101.44100	45.38640	-101.43400
40C	02/20	42.19710	-86.25110	42.20390	-86.24860
40C	07/25	42.19900	-86.25290	42.20010	-86.24740
40D	03/21	45.78580	-89.12430	45.79500	-89.11790
41C	01/19	42.68960	-85.64780	42.69550	-85.64640
41C	09/27	42.69170	-85.65060	42.69170	-85.64390
41G	08/26	42.84000	-84.48320	42.84060	-84.47510
41NC	04/22	35.51969	-80.52410	35.52426	-80.52037
42B	14/32	41.44810	-72.46020	41.44430	-72.45440
42C	18/36	43.56230	-85.77720	43.55440	-85.77570
42KY	18/36	36.78060	-88.22240	36.77230	-88.22220
42TT	14/32	30.45802	-95.23367	30.45316	-95.22792
42XA	15/33	31.36460	-97.09170	31.36000	-97.08890
43G	18/36	42.18030	-83.54580	42.17440	-83.54560
43MI	18/36	45.86480	-87.11778	45.85663	-87.11774
43MN	15/33	46.93800	-92.41660	46.93000	-92.40890
43MT	13/31	47.99423	-115.75442	47.98926	-115.74932
43NC	01/19	36.01670	-80.51690	36.02490	-80.51590
43Y	02/20	47.88600	-94.26250	47.89160	-94.25910
43Y	12/30	47.89010	-94.26270	47.88510	-94.25190
44A	17/35	32.52010	-114.69800	32.51240	-114.69800
44B	09/27	45.17710	-69.25030	45.17780	-69.23900
44G	09/27	41.85510	-83.87550	41.85510	-83.86600
44SC	2/20	33.47750	-80.77861	33.48639	-80.77556
44XA	1/19	27.83250	-97.77278	27.84139	-97.77084
45CN	09/27	37.86340	-120.18400	37.85990	-120.17200
46CN	07/25	34.48400	-117.83400	34.48540	-117.81900
46N	01/19	41.98100	-73.83610	41.98830	-73.83590
47G	10/28	43.24170	-84.88440	43.24060	-84.87590
47G	18/36	43.24920	-84.88430	43.24320	-84.88430
47KS	17/35	38.77350	-95.27500	38.76780	-95.27500
47TX	11/29	26.93630	-97.76800	26.93160	-97.75700
47Y	15/33	46.64580	-96.10640	46.63720	-96.10280
48FA	13W/31W	28.84197	-81.80751	28.83472	-81.79779
48G	14/32	43.10560	-82.89250	43.10130	-82.88790
48X	07/25	27.64140	-82.52530	27.64350	-82.51500
48XS	13/31	29.93170	-103.30000	29.92140	-103.29000
48Y	15/33	49.00360	-95.98570	48.99560	-95.97940
49C	18/36	42.53090	-88.15620	42.52470	-88.15620
49G	18/36	42.58060	-84.90830	42.57560	-84.90830
49IL	09/27	41.59330	-88.69570	41.59330	-88.68760
49MT	10/28	45.60912	-109.13196	45.60231	-109.11060
4AK6	08/26	61.63938	-149.29487	61.64250	-149.26700
4AL8	13/31	34.49260	-86.67620	34.48850	-86.67070
4AR1	09/27	35.04120	-92.10530	35.04130	-92.09680
4AR2	09/27	34.90850	-92.01220	34.90820	-92.00450
4B0	01/19	42.55680	-73.83340	42.56460	-73.83450
4B9	03/21	41.91330	-72.77800	41.91910	-72.77590
4C1	18/36	41.45610	-86.79110	41.44860	-86.79110
4C2	09/27	41.43120	-84.98540	41.43100	-84.97680
4C7	15/33	42.55060	-93.03620	42.54440	-93.03060
4D8	09/27	43.33480	-95.16340	43.33480	-95.15250
4D8	18/36	43.33460	-95.16020	43.32910	-95.16020
4FA7	14/32	28.80731	-82.12364	28.79872	-82.11575
4G1	05/23	41.44420	-80.39420	41.44950	-80.38810
4G1	15/33	41.44970	-80.39450	41.44390	-80.38820
4G3	09/27	40.98180	-81.04740	40.98160	-81.03690
4G7	5/23	39.44500	-80.17010	39.45130	-80.16400
4KA	08/26	60.57600	-165.27699	60.57510	-165.26700
4LA3	15/33	30.81220	-91.21830	30.80470	-91.21470
4M5	01/19	33.48410	-91.44420	33.49180	-91.44110
4M8	18/36	34.65130	-91.39410	34.64460	-91.39430
4MI1	09/27	41.82958	-83.68927	41.82954	-83.68062
4MN5	17/35	45.55390	-96.45140	45.54710	-96.45140
4N4	17/35	46.09250	-97.16680	46.08540	-97.16680
4NY2	NE/SW	40.78149	-73.86733	40.80359	-73.84693
4NY2	S/N	40.79271	-73.86154	40.77905	-73.86161
4NY2	SE/NW	40.78875	-73.86332	40.76413	-73.84867
4R6	08/26	46.26050	-97.44560	46.26050	-97.43690
4S5	17/35	48.63730	-97.39730	48.63010	-97.39730
4S6	02/20	46.63500	-121.12700	46.64010	-121.12100
4TA0	17/35	29.36000	-95.66470	29.35110	-95.66310
4TE9	08/26	29.26310	-99.35740	29.26520	-99.34380
4TS8	SE/NW	29.37858	-99.34374	29.37107	-99.34032
4U8	18U/36U	39.02340	-87.18710	39.02000	-87.18700
4V8	01/19	42.92360	-72.86480	42.93070	-72.86650
4W0	08/26	47.39600	-121.54100	47.39470	-121.53200
4WA0	07/25	46.94030	-119.74500	46.94030	-119.73000
4WI4	16/34	45.57730	-89.74950	45.57080	-89.74650
4WN5	18/36	45.46050	-92.37790	45.45360	-92.37850
4Y1	17/35	42.56810	-83.85740	42.56230	-83.85520
4Y8	06/24	43.20050	-82.75790	43.20400	-82.74980
4Y9	08/26	44.30770	-85.78780	44.30990	-85.76860
50G	09/27	43.18180	-84.13850	43.18180	-84.13080
50G	18/36	43.18780	-84.13200	43.18180	-84.13230
50PA	09/27	40.93280	-75.35533	40.93389	-75.34571
50S	12/30	43.78030	-116.94000	43.77510	-116.93300
50TX	13/31	30.14110	-98.52930	30.13420	-98.52150
50XS	13/31	29.04790	-100.58900	29.03870	-100.58000
51G	14/32	43.14500	-83.79850	43.14100	-83.79390
51G	18/36	43.14580	-83.79820	43.14090	-83.79810
52B	14/32	45.48020	-69.61650	45.47140	-69.59660
52B	18/36	45.47970	-69.60360	45.46670	-69.59760
52I	09/27	43.84690	-84.01630	43.84690	-84.00650
52K	18/36	39.50100	-96.17470	39.49490	-96.17540
52Y	13/31	47.07050	-93.91690	47.06550	-93.90860
53K	17/35	38.63690	-95.80180	38.62980	-95.80180
53W	09/27	43.55450	-84.98550	43.55450	-84.97160
54AL	16/34	30.60027	-87.82317	30.59481	-87.81949
54M	18/36	35.05830	-89.57980	35.04980	-89.58030
54MU	17/35	40.30384	-95.11271	40.29702	-95.11165
54XA	18/36	33.49490	-97.21110	33.48830	-97.21110
55G	07/25	43.29630	-82.61140	43.29870	-82.60230
55G	18/36	43.30130	-82.60810	43.29430	-82.60760
55S	01/19	46.60130	-121.68000	46.60700	-121.67600
55XS	01/19	29.16070	-100.42000	29.17200	-100.41600
56FD	18/36	30.97070	-85.06940	30.95860	-85.06940
56G	09/27	43.57840	-82.65390	43.57870	-82.64040
56G	18/36	43.57980	-82.64840	43.57320	-82.64820
56LA	18/36	32.35000	-93.81780	32.34030	-93.81860
56ME	16/34	46.62948	-67.84614	46.62400	-67.84247
56S	16/34	46.01800	-123.90800	46.01200	-123.90800
56WI	09/27	44.77340	-89.59850	44.77310	-89.59280
57AZ	01/19	32.44220	-111.00800	32.45110	-110.99800
57B	01/19	44.29920	-68.90960	44.30570	-68.91160
57D	09/27	42.73790	-82.89620	42.73790	-82.88690
57D	18/36	42.74030	-82.88890	42.73430	-82.88890
57FA	17/35	28.21560	-81.12080	28.20170	-81.11780
57GA	18/36	34.86740	-84.39380	34.85890	-84.39380
57KS	15/33	39.31792	-95.99614	39.31217	-95.99080
57MT	12/30	46.20405	-114.08555	46.20055	-114.08146
57MT	5/23	46.20050	-114.08700	46.20240	-114.08100
57XA	12/30	29.85912	-98.11609	29.85754	-98.11316
58C	18/36	42.87580	-89.07570	42.86940	-89.07570
58CL	08/26	33.19190	-116.28100	33.19110	-116.27100
58MT	9/27	46.54472	-111.07528	46.54361	-111.06472
59AR	9/27	35.88224	-90.61622	35.88193	-90.60880
59B	13/31	45.63410	-70.25410	45.63140	-70.24350
59FD	10/28	26.32170	-80.99610	26.31890	-80.97940
5A2	09/27	32.56060	-83.68130	32.56070	-83.67210
5AL5	18/36	34.69520	-87.65280	34.68700	-87.65280
5AR1	15/33	33.71640	-91.46330	33.70860	-91.45890
5AZ3	08/26	33.21280	-111.62500	33.21220	-111.60900
5B4	08/26	48.80950	-102.25400	48.81000	-102.24200
5B6	07/25	41.58360	-70.54360	41.58750	-70.53710
5B9	01/19	44.07680	-72.00710	44.08360	-72.00840
5CA7	16/34	36.34000	-120.24700	36.33190	-120.24700
5CL8	16/34	35.18040	-118.92800	35.17300	-118.92700
5D5	09/27	45.16480	-85.58850	45.16500	-85.57430
5D5	16/34	45.17170	-85.57880	45.16490	-85.57510
5D6	09/27	40.64860	-81.07380	40.64860	-81.06470
5D9	18/36	41.22760	-82.95760	41.22030	-82.95770
5F5	18/36	32.34870	-93.79990	32.34050	-93.79990
5F8	08/26	32.79100	-93.96120	32.79190	-93.95180
5FL7	04/22	28.97570	-82.36700	28.98100	-82.36150
5G0	10/28	42.98150	-77.94240	42.98120	-77.93260
5H3	02/20	44.76930	-96.64940	44.77480	-96.64650
5H3	13/31	44.77490	-96.65010	44.76870	-96.64260
5I2	09/27	40.54030	-86.55250	40.54030	-86.54470
5I6	18/36	40.59070	-86.25690	40.58410	-86.25690
5K2	17/35	38.46110	-101.74800	38.44730	-101.74500
5K4	09/27	40.11730	-90.59540	40.11730	-90.58270
5K9	17/35	46.29450	-98.94320	46.28650	-98.94320
5KE	E/W	55.34700	-131.67101	55.34170	-131.65500
5KY4	13/31	36.80560	-87.17970	36.79970	-87.17310
5KY5	18/36	36.86680	-87.79020	36.85830	-87.79040
5KY7	17/35	36.64240	-85.16520	36.63330	-85.16250
5LL7	E/W	42.21045	-88.52378	42.21050	-88.51633
5M1	18/36	34.26670	-91.30740	34.25790	-91.30760
5MO	18/36	39.59740	-94.46160	39.59160	-94.46180
5MO6	18/36	40.13043	-92.29113	40.12647	-92.29112
5MS1	17/35	32.95930	-90.84590	32.94920	-90.84590
5MS5	03/21	30.53920	-89.46680	30.55110	-89.45890
5MU5	18/36	38.51117	-94.48418	38.50678	-94.48452
5N4	03/21	46.62500	-97.61670	46.62960	-97.61120
5N4	12/30	46.62810	-97.61950	46.62220	-97.61190
5NC3	13/31	35.34327	-79.44017	35.33977	-79.43367
5P3	13/31	45.44340	-99.67940	45.43550	-99.67100
5P5	10/28	43.90700	-100.04200	43.90450	-100.03000
5T4	12/30	45.85010	-100.07700	45.84620	-100.07000
5TE0	15/33	28.63500	-100.16200	28.62110	-100.15600
5TE4	01/19	36.50280	-102.39400	36.51400	-102.39000
5V4	17/35	39.05470	-104.29300	39.04210	-104.29400
5V8	04/22	43.83240	-101.49900	43.83510	-101.49400
5V8	12/30	43.83580	-101.50000	43.83080	-101.49300
5WA8	06/24	47.04190	-124.15300	47.04390	-124.13800
5Y0	03/21	44.66570	-83.30730	44.67070	-83.30290
5Y2	16/34	44.33250	-84.79340	44.32580	-84.79000
5Y3	18/36	42.85700	-88.75980	42.85010	-88.75980
5Y4	05/23	44.65800	-84.24010	44.66290	-84.23510
5Y4	18/36	44.66320	-84.23680	44.65610	-84.23680
5Y5	18/36	42.80120	-82.53670	42.79440	-82.53630
5Y7	18/36	46.36010	-86.61810	46.34910	-86.61810
60G	08/26	42.58340	-84.65640	42.58420	-84.64660
60M	01/19	42.28790	-71.96470	42.29310	-71.96470
60OA	9/27	41.40090	-80.58386	41.40087	-80.57330
60TE	16/34	30.13740	-99.15190	30.12970	-99.14870
60W	14W/32W	47.28672	-122.47982	47.27967	-122.46730
60XA	1/19	30.65861	-97.76334	30.66167	-97.76389
61D	01/19	42.46460	-85.64950	42.47160	-85.64830
61D	09/27	42.46750	-85.65210	42.46760	-85.64230
61K	18/36	37.15390	-96.18440	37.14540	-96.18610
62C	01/19	42.82080	-88.09620	42.82700	-88.09340
62C	18/36	42.82890	-88.09340	42.82560	-88.09340
62FL	09/27	27.84440	-81.44470	27.84440	-81.43480
63K	17/35	38.82400	-94.60950	38.81850	-94.60950
63NY	18/36	43.26540	-78.96680	43.25690	-78.96380
63S	01/19	48.54120	-117.88700	48.54710	-117.88000
63XS	17/35	30.22960	-98.28980	30.21850	-98.28750
63Y	14/32	44.29140	-96.15370	44.28550	-96.14890
64I	18/36	38.63700	-85.44450	38.62590	-85.44230
65B	08/26	44.83490	-67.03010	44.83820	-67.02380
65G	09/27	42.71870	-84.06790	42.71860	-84.05650
65LA	02/20	29.86190	-90.02390	29.87000	-90.02030
65MS	18/36	34.56700	-89.88410	34.56240	-89.88410
65XA	2/20	30.90142	-94.69674	30.90573	-94.69493
66G	09/27	43.31390	-83.71440	43.31390	-83.70500
66S	15/33	48.52280	-116.82300	48.51450	-116.82100
66TN	09/27	35.52389	-85.85093	35.52288	-85.84201
67CA	09/27	37.07380	-120.38300	37.07170	-120.37300
67D	18/36	41.16220	-82.20170	41.15790	-82.20150
67MU	10/28	39.45450	-91.40070	39.45380	-91.39110
67SC	12/30	32.94970	-80.77060	32.94750	-80.76440
68C	04/22	44.50300	-89.02930	44.50720	-89.02170
68C	09/27	44.50440	-89.02910	44.50440	-89.02230
68C	13/31	44.50600	-89.02800	44.50380	-89.02210
68CA	15/33	40.36510	-122.21700	40.35710	-122.21500
68IS	09/27	42.14860	-88.56750	42.14860	-88.55640
68LS	13/31	31.81691	-91.37322	31.81441	-91.36997
68LS	18/36	31.81843	-91.37033	31.81110	-91.37028
68Y	17/35	43.74530	-93.77740	43.73740	-93.77720
69G	18/36	42.44550	-84.06450	42.43870	-84.06420
69MU	18/36	39.76640	-94.62740	39.76210	-94.62740
69N	01/19	40.76020	-75.60490	40.76700	-75.60480
69S	17/35	49.00110	-118.22200	48.99570	-118.22300
69TX	14/32	28.58830	-96.85890	28.57890	-96.85000
69WT	15W/33W	47.40168	-122.44678	47.39051	-122.44225
69WT	4W/22W	47.39521	-122.46113	47.40319	-122.44164
6A6	13/31	43.75900	-98.98310	43.75260	-98.97590
6AR8	09/27	35.33020	-94.04430	35.32980	-94.03960
6AR8	18/36	35.33340	-94.04150	35.32660	-94.04240
6AR9	09/27	36.41550	-92.69950	36.41510	-92.68940
6B6	03/21	42.45760	-71.52010	42.46480	-71.51720
6B6	12/30	42.45950	-71.51900	42.45840	-71.51400
6C0	18/36	42.33406	-93.11435	42.32584	-93.11427
6D3	12/30	47.98330	-99.53230	47.97760	-99.52240
6D7	05/23	41.21700	-83.87830	41.22010	-83.87340
6D7	09/27	41.21550	-83.87760	41.21550	-83.86860
6F1	01/19	34.70310	-95.07550	34.71190	-95.07220
6FL3	01/19	26.93190	-81.56810	26.94270	-81.56600
6FL8	18/36	29.59110	-82.87130	29.58400	-82.87120
6G8	01/19	42.09130	-84.24170	42.09880	-84.23990
6H4	09/27	42.15590	-84.33820	42.15560	-84.33040
6H8	17/35	46.48740	-100.26400	46.47700	-100.26400
6J8	10/28	29.72030	-82.67360	29.71910	-82.65860
6K2	17/35	39.81570	-92.05060	39.80940	-92.04990
6M8	18/36	35.53610	-90.40010	35.52870	-90.40010
6MN0	18/36	47.06060	-95.42270	47.05050	-95.42340
6MT4	11W/29W	48.04107	-115.09307	48.02330	-115.05180
6MU5	1/19	39.36189	-93.77886	39.36674	-93.77768
6N6	ALL/WAY	40.85119	-73.80835	40.83789	-73.80428
6N7	S/N	40.72036	-73.97016	40.74712	-73.96626
6NC1	03/21	35.58810	-81.08200	35.59520	-81.07690
6P3	09/27	43.17870	-89.45550	43.17870	-89.44710
6R1	07/25	30.24130	-92.83560	30.24370	-92.82750
6R1	09/27	30.24100	-92.83320	30.24130	-92.82630
6TE6	01/19	33.63430	-100.34900	33.64810	-100.34600
6TE8	17/35	33.17750	-100.19800	33.16670	-100.19800
6WA3	16/34	46.62030	-119.27400	46.61330	-119.27500
6Y0	03/21	44.45830	-84.99680	44.46520	-84.99210
6Y0	09/27	44.46330	-85.00210	44.46330	-84.99210
6Y6	12/30	44.36830	-84.40260	44.36480	-84.39280
6Y6	18/36	44.36850	-84.40240	44.36150	-84.40240
6Y8	09/27	45.72030	-85.52560	45.72050	-85.51570
6Y8	17/35	45.72650	-85.52000	45.71690	-85.52020
70CL	17/35	36.30393	-116.41729	36.29873	-116.41777
70N	5/23	41.34470	-75.41880	41.35000	-75.41300
70S	16/34	47.79060	-117.35800	47.78380	-117.35800
71K	17/35	37.65120	-97.38380	37.64420	-97.38360
71TE	18/36	30.38270	-98.37560	30.37330	-98.37670
72CL	17/35	34.13830	-115.11900	34.12970	-115.11900
72MI	09/27	46.28630	-89.28740	46.28540	-89.26770
72S	02/20	47.23360	-117.42500	47.23960	-117.41800
72TE	15/33	28.88550	-99.99460	28.87330	-99.98660
72XA	15/33	29.48946	-96.04324	29.48381	-96.03933
73AR	18/36	35.05400	-92.05340	35.04300	-92.05410
73AZ	06/24	35.20000	-113.36900	35.20390	-113.35300
73FD	18/36	29.51810	-82.87480	29.50740	-82.87480
73MD	18/36	39.17810	-76.24250	39.17250	-76.24250
73OH	09/27	41.64620	-81.01590	41.64780	-81.00150
73S	04/22	47.23390	-117.04800	47.23710	-117.04000
74TE	18/36	32.06710	-97.79470	32.05570	-97.79470
75FL	09/27	30.10250	-85.46860	30.10250	-85.45640
75G	18/36	42.19850	-84.03090	42.19170	-84.03080
75K	03/21	40.27420	-94.00960	40.27950	-94.00530
75TA	16/34	32.54040	-101.72800	32.52820	-101.72300
75TX	14/32	29.50530	-100.37000	29.49500	-100.36400
75XA	14/32	30.53879	-95.08704	30.53288	-95.08037
76B	16W/34W	44.00115	-70.63906	43.97268	-70.59789
76TA	03/21	35.39760	-102.81100	35.40590	-102.80500
77NC	17/35	34.15700	-78.10660	34.14750	-78.10460
77XA	17/35	29.82016	-94.55159	29.82184	-94.51045
77XS	06/24	29.28440	-95.36500	29.29000	-95.35440
77XS	15/33	29.28920	-95.36110	29.28530	-95.35830
78I	10/28	39.50140	-86.69660	39.50010	-86.68380
78MI	18/36	42.04370	-83.30350	42.03750	-83.30350
78XA	18/36	32.74116	-97.91769	32.73725	-97.91779
79KY	09/27	37.87170	-84.62000	37.87080	-84.60110
7A9	18/36	32.09310	-84.37240	32.08420	-84.37260
7AR0	07/25	36.43050	-93.70270	36.43230	-93.69590
7AR1	09/27	33.05010	-91.34490	33.04990	-91.33840
7AR2	18/36	35.55940	-92.13180	35.55500	-92.13240
7AR8	18/36	34.66940	-91.17650	34.66080	-91.17680
7B9	01/19	41.92275	-72.45677	41.92792	-72.45733
7C3	18/36	43.03640	-91.34650	43.02910	-91.34650
7CA2	16/34	35.18040	-118.92800	35.17300	-118.92700
7CO0	08/26	40.07170	-105.04100	40.07160	-105.02600
7D8	08/26	41.35040	-81.10450	41.35200	-81.09460
7E3	03/21	41.23500	-81.25560	41.24180	-81.25210
7FL6	06/24	29.07660	-81.05150	29.08370	-81.04190
7G2	13/31	47.46550	-100.49100	47.45860	-100.48400
7I2	09/27	40.15540	-85.32400	40.15510	-85.31390
7KA	13/31	60.87680	-146.69600	60.86800	-146.68600
7M0	18/36	35.23170	-91.09310	35.22510	-91.09320
7M6	03/21	35.29610	-93.68450	35.30190	-93.67880
7M7	18/36	36.38170	-90.16620	36.37470	-90.16630
7MN8	18/36	48.07480	-96.27850	48.06520	-96.27940
7MO	18/36	40.42450	-93.59950	40.41770	-93.59950
7N4	18/36	42.08300	-83.98620	42.07260	-83.98580
7N6	17/35	48.62820	-103.92500	48.62110	-103.92500
7N7	07/25	39.73400	-75.40150	39.73710	-75.39390
7NC2	17/35	36.25820	-75.78950	36.24880	-75.78750
7NC5	04/22	35.92913	-78.24632	35.93381	-78.24322
7Q7	12/30	43.56370	-100.74800	43.55850	-100.73900
7S3	02/20	45.42558	-122.94515	45.43091	-122.93978
7TE2	12/30	27.10890	-98.21080	27.10250	-98.20060
7TE6	17/35	29.20470	-96.55530	29.19580	-96.55350
7TE7	09/27	26.38470	-98.34810	26.38220	-98.33310
7TE7	13/31	26.39380	-98.34210	26.38220	-98.33310
7TE7	18/36	26.39620	-98.34410	26.38240	-98.34350
7TX0	17/35	33.83340	-98.57280	33.82300	-98.57280
7TX5	06/24	32.21570	-102.16400	32.21990	-102.15200
7TX5	17/35	32.22260	-102.16000	32.20590	-102.15900
7W1	10/28	46.31630	-124.00700	46.31350	-124.00000
7W7	18/36	40.72160	-86.61620	40.71670	-86.61620
7WI6	06/24	43.46970	-89.36100	43.47130	-89.35700
7XA2	16/34	33.15278	-97.37497	33.14498	-97.37306
7XS7	15/33	30.11890	-98.93320	30.11060	-98.92900
7Y2	09/27	44.51770	-85.98300	44.51770	-85.97150
7Y2	17/35	44.51900	-85.97390	44.51230	-85.97210
7Y3	15/33	46.83160	-94.50920	46.82220	-94.50530
7Y9	11/29	48.20040	-93.76970	48.19650	-93.76100
7Y9	3/21	48.19880	-93.76270	48.20510	-93.75600
80FD	14/32	27.11830	-80.63810	27.10860	-80.62890
80G	10/28	40.24710	-81.74030	40.24860	-81.73160
80XA	3/21	32.48589	-95.95557	32.48914	-95.95346
81D	16/34	29.26790	-95.41420	29.26200	-95.41210
81D	17/35	29.26800	-95.41210	29.26200	-95.41180
81NM	17/35	33.35330	-105.18000	33.33680	-105.18000
82IS	13/31	42.14610	-88.40700	42.14010	-88.39870
83FL	12/30	30.62100	-81.53800	30.61670	-81.52940
83TX	17R/35L	30.64420	-96.48560	30.62500	-96.48560
84C	09/27	42.76170	-88.04730	42.76090	-88.03760
84ME	18/36	45.55457	-67.74608	45.55016	-67.74601
85TX	S/N	30.08290	-97.96560	30.07250	-97.96560
85V	18/36	35.70750	-109.51400	35.69570	-109.51900
87MO	18/36	38.70020	-94.25780	38.69200	-94.25820
88C	09/27	42.88350	-88.60140	42.88360	-88.59350
88D	11/29	41.40470	-82.60560	41.40260	-82.59700
88G	09/27	41.91980	-83.73930	41.91980	-83.73060
88NV	5L/23R	40.75193	-119.23166	40.76110	-119.21291
88NV	5R/23L	40.75468	-119.21911	40.76305	-119.20019
88WS	9/27	42.93102	-89.62643	42.93093	-89.62307
88XA	18/36	33.34033	-96.48022	33.33456	-96.48022
89D	09/27	41.60320	-82.68760	41.60320	-82.67940
89D	18/36	41.60530	-82.68560	41.59910	-82.68560
89NY	06/24	44.31280	-75.90580	44.32070	-75.89350
89TE	07/25	29.27580	-103.69900	29.28010	-103.67600
89TS	18/36	31.57420	-95.76670	31.55970	-95.76670
8A7	09/27	35.91480	-80.46180	35.91510	-80.45190
8AR1	13/31	36.49120	-92.64430	36.48770	-92.64010
8B2	09/27	44.26310	-71.55160	44.26510	-71.54190
8CA8	17/35	38.07210	-121.20700	38.06260	-121.20800
8D4	07/25	43.12490	-85.68590	43.13000	-85.67250
8D6	14/32	45.91560	-101.34700	45.90670	-101.33900
8D8	12/30	43.15110	-98.54400	43.14620	-98.53690
8D9	13/31	44.03620	-97.53830	44.03060	-97.53170
8D9	18/36	44.03580	-97.53150	44.02990	-97.53230
8FA1	9/27	30.05290	-82.24490	30.05300	-82.23860
8FD2	9/27	29.71528	-82.10639	29.71528	-82.09333
8G8	09/27	40.88350	-80.88650	40.88330	-80.87980
8GA1	06/24	33.42130	-85.16170	33.42130	-85.16170
8I1	09/27	38.69480	-85.20080	38.69430	-85.19500
8I3	18/36	40.43080	-86.20110	40.42510	-86.20110
8IA8	12/30	41.45297	-91.61823	41.45438	-91.61640
8K5	17/35	37.85880	-95.74770	37.85130	-95.74770
8M2	01/19	35.58710	-90.91430	35.59340	-90.91310
8M6	13/31	47.77290	-98.18950	47.76790	-98.18430
8M6	18/36	47.77360	-98.18320	47.76680	-98.18320
8NC8	14/32	36.06330	-78.78700	36.05690	-78.77960
8OA7	04/22	39.55450	-81.78410	39.55850	-81.77790
8OH5	18/36	41.38560	-80.71240	41.37840	-80.71220
8TA0	11/29	29.13770	-98.28240	29.13390	-98.27040
8TE4	07/25	28.81400	-99.76270	28.81600	-99.75360
8TS9	13/31	28.14440	-99.57610	28.13560	-99.56440
8V6	01/19	37.75940	-108.89200	37.77020	-108.88600
8W3	03/21	47.80720	-119.64100	47.81150	-119.63300
8WI1	18/36	44.75800	-88.72830	44.75250	-88.72830
8WY6	17/35	43.93190	-107.29750	43.92220	-107.29170
8XS8	08/26	33.58390	-102.05200	33.58540	-102.03100
8XS8	17L/35R	33.59900	-102.03800	33.58120	-102.03700
8XS8	17R/35L	33.61320	-102.04200	33.58430	-102.04200
8Y5	10/28	46.11380	-94.91170	46.11220	-94.90170
90TT	12/30	29.68550	-97.25814	29.68000	-97.24722
91C	18/36	43.30190	-89.75610	43.29380	-89.75550
91N	08/26	47.50960	-100.92300	47.50960	-100.91000
91TS	15/33	29.37240	-95.34240	29.36480	-95.33740
91TX	15/33	28.40140	-98.36570	28.39250	-98.35990
92C	03/21	44.63930	-88.21870	44.64280	-88.21510
92C	12/30	44.64260	-88.21970	44.63980	-88.21070
92CA	14/32	36.12110	-119.89300	36.11190	-119.88800
92MU	18/36	39.41187	-94.60616	39.40638	-94.60631
92XS	14/32	26.48190	-97.69030	26.47580	-97.68420
93AZ	08/26	32.22472	-110.01240	32.22468	-110.00000
93B	07/25	44.17140	-68.68340	44.17500	-68.67710
93KS	2/20	39.77650	-96.08540	39.78350	-96.08420
93MS	18/36	33.97590	-90.76810	33.96720	-90.76820
93XA	18/36	33.51292	-98.12019	33.50626	-98.12022
94C	09/27	43.45160	-89.25650	43.45160	-89.25180
94FL	09/27	26.73280	-81.90220	26.73280	-81.89240
94TX	17/35	31.44280	-99.31670	31.43250	-99.31460
95FA	1/19	30.39860	-82.95680	30.40370	-82.95620
95KS	1/19	39.02290	-96.01569	39.02942	-96.01440
95MI	12/30	44.08974	-85.73735	44.08431	-85.72413
95TX	SE/NW	28.19631	-100.07701	28.18886	-100.06802
96C	01/19	42.74750	-88.25010	42.75440	-88.25070
96G	09/27	43.37640	-82.81820	43.37640	-82.81100
96OR	12/30	45.10530	-118.82300	45.09580	-118.81100
97MT	02/20	48.07110	-114.68000	48.07860	-114.67200
98G	06/24	43.72790	-83.46550	43.73010	-83.45960
98G	18/36	43.73240	-83.46250	43.72640	-83.46190
98TS	2/20	31.55558	-98.42458	31.56299	-98.42037
99A	17/35	34.41140	-91.95870	34.40100	-91.95870
99CL	04/22	34.62360	-117.60500	34.62860	-117.59500
99CL	07/25	34.62360	-117.60500	34.62360	-117.59500
99CL	16/34	34.62860	-117.59500	34.61860	-117.59400
9A3	9/27	61.58040	-159.22501	61.57780	-159.20599
9CA7	07/25	36.76670	-119.44100	36.76830	-119.43100
9CL2	07/25	36.87110	-121.34200	36.87190	-121.33200
9FA5	18/36	29.19333	-82.03264	29.18852	-82.03264
9G0	06/24	42.85950	-78.72030	42.86450	-78.71290
9G1	17/35	40.60820	-79.82780	40.59890	-79.82440
9G6	10/28	43.17360	-78.27960	43.17350	-78.26970
9G9	08/26	46.62240	-99.16990	46.62240	-99.16190
9G9	17/35	46.62460	-99.16190	46.61910	-99.16190
9I0	09/27	40.22200	-90.02690	40.22200	-90.01890
9IS0	09/27	40.54320	-91.33680	40.54300	-91.32460
9IS2	18/36	40.48650	-88.26760	40.47780	-88.26760
9K5	04/22	39.22690	-93.07580	39.23180	-93.06980
9KY9	13/31	37.74830	-82.78340	37.74360	-82.77470
9N3	04/22	41.58560	-75.75830	41.59190	-75.75460
9NC0	01/19	35.79270	-78.43990	35.80090	-78.43820
9NR0	17/35	36.22000	-79.17720	36.21610	-79.17720
9OA5	01/19	39.95790	-82.54090	39.96550	-82.54040
9OI5	16/34	40.31240	-83.54450	40.30380	-83.53900
9SD9	17/35	43.81140	-96.71010	43.80190	-96.70780
9TN2	01/19	36.16130	-88.20580	36.16650	-88.20470
9TX5	10/28	29.74570	-98.54240	29.74320	-98.53140
9W9	05/23	34.55890	-79.54110	34.56400	-79.53510
9WN1	18/36	44.11030	-88.68390	44.10080	-88.68390
9WN2	04/22	45.96310	-92.15060	45.97030	-92.14170
9Y0	07/25	47.55750	-93.87560	47.55880	-93.86490
9Y2	13/31	46.38650	-94.37710	46.38120	-94.37010
A26	09/27	41.18790	-120.95900	41.18510	-120.95000
A28	16/34	41.88150	-120.14600	41.87150	-120.14700
AA16	16/34	60.63087	-151.29466	60.62407	-151.29459
AA16	2/20	60.62087	-151.29950	60.62399	-151.29460
AG-0001	10/28	17.62055	-61.80700	17.62161	-61.78951
AGGH	06/24	-9.43174	160.04500	-9.42426	160.06400
AGGM	07/25	-8.32918	157.25700	-8.32676	157.26900
AGGN	14/32	-8.09512	156.86205	-8.10187	156.86621
AGLM	10/28	-10.29597	166.32257	-10.29753	166.33184
AK1	07/25	61.53030	-149.02299	61.53030	-149.01199
AL05	04/22	32.21500	-85.47330	32.22560	-85.46280
AL12	09/27	32.35860	-86.13250	32.35860	-86.11750
AL71	08/26	32.80270	-85.98770	32.80480	-85.97330
ANYN	12/30	-0.54118	166.91200	-0.55374	166.92599
AQ-0011	N/S	-71.52620	8.79900	-71.55300	8.80581
AR-0083	02/20	-35.63430	-61.39580	-35.62430	-61.39190
AR-0298	4/22	-35.09160	-57.95200	-35.08670	-57.94820
AR-0513	08/26	-37.46417	-58.18694	-37.46111	-58.18306
AR-0736	16/34	-54.81540	-68.30450	-54.83000	-68.30400
AR-0744	1/19	-30.35440	-66.29500	-30.33610	-66.29220
AR03	09/27	35.11890	-93.20590	35.11850	-93.19720
AR05	18/36	35.22000	-93.30460	35.21180	-93.30520
AR06	10/28	35.23330	-92.34760	35.23170	-92.33900
AR09	18/36	36.41750	-94.43860	36.41030	-94.43920
AR10	09/27	34.80680	-91.61270	34.80650	-91.60400
AT-0093	16/34	48.45000	16.74000	48.45000	16.74000
AU-0032	01/19	-35.76851	147.88567	-35.75670	147.88811
AU-0115	05/23	-34.55794	139.58919	-34.55374	139.59563
AU-0324	06/24	-41.00000	147.47800	-40.99600	147.49500
AU-0538	30/13	-26.40998	152.95995	-26.41265	152.96625
AU-0539	05/23	-33.89057	150.69862	-33.87534	150.72984
AU-0564	01/19	-13.44070	142.92763	-13.43173	142.93073
AU-0708	07/25	-32.42875	139.99917	-32.42664	140.01305
AXO	03/21	-8.24839	124.21700	-8.24111	124.22100
AYBK	04/22	-5.42701	154.66701	-5.41751	154.67799
AYCH	03/21	-6.02755	144.96800	-6.02021	144.97400
AYDU	14/32	-9.08229	143.20300	-9.09122	143.21201
AYGA	17L/35R	-6.07496	145.39200	-6.08625	145.39301
AYGA	17R/35L	-6.07532	145.39101	-6.09023	145.39200
AYGN	09/27	-10.31000	150.32600	-10.31300	150.34100
AYGR	03/21	-8.81049	148.30400	-8.79860	148.31400
AYHJ	01/19	-5.19430	142.95874	-5.18856	142.96040
AYHK	12/30	-5.45786	150.40094	-5.46984	150.41355
AYKM	14/32	-7.96000	145.76900	-7.96694	145.77400
AYKV	12/30	-2.57498	150.80200	-2.58381	150.81400
AYLE	02/20	-5.22160	151.39200	-5.21690	151.39500
AYMD	07/25	-5.20893	145.78200	-5.20524	145.79601
AYMH	08/26	-5.82708	144.29300	-5.82615	144.30299
AYMH	12/30	-5.82376	144.29100	-5.83398	144.30800
AYMN	17/35	-6.14171	143.65601	-6.15377	143.65800
AYMO	16/34	-2.05393	147.42101	-2.06988	147.42700
AYNZ	09/27	-6.56887	146.71500	-6.57078	146.73700
AYPY	14L/32R	-9.43087	147.21400	-9.45210	147.22701
AYPY	14R/32L	-9.43471	147.21300	-9.45063	147.22301
AYTK	10/28	-4.33822	152.37199	-4.34262	152.38699
AYVN	12/30	-2.68762	141.29700	-2.69776	141.30901
AYWD	14/32	-5.63807	143.89101	-5.64853	143.89999
AYWK	10/28	-3.58210	143.66200	-3.58556	143.67599
AZ82	03/21	34.39370	-110.53400	34.40080	-110.52600
B01	16/34	43.42560	-73.27090	43.42020	-73.26520
B10	02/20	44.40700	-70.14670	44.41300	-70.14550
BA-0003	01/19	44.84378	18.76094	44.84857	18.76278
BG-0170	07/25	42.30810	23.23220	42.31530	23.26160
BG-JAM	12/30	42.46040	26.33890	42.44950	26.36550
BGCO	18/36	70.74548	-22.65350	70.73717	-22.64303
BGDH	10T/28T	76.77130	-18.67430	76.77020	-18.64820
BGGH	04/22	64.18144	-51.68623	64.20025	-51.67248
BGJN	06/24	69.24014	-51.06337	69.24628	-51.05085
BGMQ	16/34	65.41460	-52.94630	65.41030	-52.93250
BGPT	17/35	62.01758	-49.67558	62.01189	-49.66629
BGQQ	17/35	77.49083	-69.40437	77.48646	-69.37310
BGSF	09/27	67.00560	-50.74310	67.01760	-50.68640
BGSS	13/31	66.95220	-53.73810	66.95040	-53.72050
BGTL	08T/26T	76.53001	-68.76150	76.53240	-68.64483
BGUK	05/23	72.78667	-56.13299	72.79369	-56.12819
BGUQ	15/33	70.73620	-52.70680	70.73220	-52.68560
BHT	18/36	-23.35790	141.56240	-23.36860	141.56310
BIAR	01/19	65.65490	-18.06990	65.66720	-18.07400
BIBD	04/22	65.63740	-23.55120	65.64530	-23.54110
BIEG	03/21	65.27460	-14.41120	65.29080	-14.39280
BIGR	17/35	66.55039	-18.02131	66.54172	-18.01332
BIHN	18/36	64.30220	-15.23080	64.28910	-15.22390
BIHU	02/20	65.94530	-17.42950	65.95930	-17.42240
BIIS	07/25	66.05510	-23.14860	66.06100	-23.12160
BIKF	01/19	63.96449	-22.60543	63.99186	-22.60541
BIKF	10/28	63.98503	-22.65498	63.98503	-22.59237
BIKR	01/19	65.72327	-19.56961	65.73998	-19.57608
BIRK	01/19	64.12200	-21.93620	64.13600	-21.93890
BIRK	13/31	64.13250	-21.95540	64.12760	-21.93270
BISI	06/24	66.12980	-18.92480	66.13690	-18.90850
BISS	15/33	64.06170	-21.57430	64.05840	-21.56100
BITN	01/19	66.21310	-15.33630	66.22380	-15.33500
BIVM	03/21	63.42083	-20.28250	63.43056	-20.27500
BIVM	12/30	63.42639	-20.28750	63.42250	-20.26500
BIVO	04/22	65.71736	-14.85595	65.72388	-14.84494
BKPR	17/35	42.58533	21.03460	42.55804	21.03737
BR-0039	16/34	-18.78350	-50.94000	-18.79060	-50.93330
BR-0062	12/30	-24.41960	-47.87160	-24.41874	-47.86674
BR-0063	04/22	-5.64104	-63.18813	-5.63136	-63.18344
BR-0569	15/33	-14.90230	-40.92260	-14.91350	-40.90700
BR-0741	14/32	-16.81958	-49.04958	-16.82626	-49.03854
BR-0856	18/36	-7.83953	-34.89364	-7.85067	-34.88940
BR-1311	11/29	-26.42290	-48.88220	-26.42250	-48.87350
BR-1400	16/34	-7.04256	-34.91616	-7.04993	-34.90970
BR-1526	11/29	-16.73410	-55.74260	-16.73480	-55.73280
BR-1655	10/28	-2.50446	-43.43937	-2.50359	-43.43547
BR-1699	03/21	-10.92998	-69.55927	-10.91950	-69.55490
BR-1739	02/20	-10.50220	-40.48730	-10.48890	-40.48750
BR-1753	10/28	-22.81876	-49.38618	-22.81748	-49.37597
BR-1881	11/29	-14.09851	-46.14132	-14.09855	-46.12863
BR-1941	08/26	-22.52900	-52.97850	-22.52210	-52.96590
BR-2152	08/26	-14.81310	-39.29470	-14.80810	-39.28700
BR-2154	5/23	-20.68152	-51.03450	-20.67132	-51.02714
BR-2489	14/32	-15.82070	-58.55630	-15.82680	-58.54700
BR-2776	16/34	-17.06300	-45.45240	-17.07570	-45.44250
BR-3019	03/21	-17.72062	-54.41230	-17.70868	-54.41074
BR-3081	3/21	-17.62771	-50.14270	-17.61589	-50.14122
BR-3155	14/32	-11.25538	-54.93344	-11.26015	-54.92371
BR-3237	18/36	-15.54842	-58.59036	-15.55418	-58.58774
BR-ALT	10/28	-1.91755	-54.72724	-1.91633	-54.71832
BW-0022	17/35	-26.32200	22.09210	-26.33000	22.09710
BW-0030	13/31	-19.46548	23.37402	-19.46888	23.38284
BY-0001	05/23	54.43312	30.27605	54.44648	30.31622
BY-0022	07/25	53.68640	27.32367	53.69125	27.35840
C00	17/35	41.25210	-90.73760	41.24530	-90.73680
C07	07/25	39.26780	-108.86900	39.26840	-108.86000
C25	11/29	42.74310	-92.51290	42.74080	-92.50290
C37	03/21	42.59330	-89.38040	42.59670	-89.37730
C37	09/27	42.59700	-89.38850	42.59720	-89.37950
C37	15/33	42.59690	-89.38180	42.59340	-89.37870
C40	09/27	40.71440	-85.25070	40.71440	-85.24130
C40	18/36	40.71970	-85.24910	40.71260	-85.24910
C44	17/35	41.95780	-72.05590	41.95360	-72.05270
C45	04/22	40.48610	-89.77950	40.49300	-89.77520
C45	18/36	40.49200	-89.77890	40.48600	-89.77900
C55	09/27	42.03720	-89.39820	42.03730	-89.38840
C56	09/27	41.37740	-87.68890	41.37750	-87.67060
C59	18/36	42.64020	-88.60040	42.62810	-88.60180
C66	02/20	40.92610	-90.63320	40.93340	-90.62900
C82	18/36	41.76650	-89.10180	41.75940	-89.10180
C86	18/36	42.38140	-89.56430	42.37560	-89.56430
C89	08L/26R	42.70280	-87.96330	42.70390	-87.95470
C89	08R/26L	42.70260	-87.96310	42.70370	-87.95480
C92	18/36	41.15010	-86.06440	41.14320	-86.06440
C94	04/22	41.56290	-88.95200	41.57010	-88.94410
C97	18/36	41.23430	-87.50770	41.22600	-87.50770
C98	18/36	41.15220	-87.46030	41.14510	-87.46030
CA-1240	01/19	46.64000	-81.03000	46.65000	-81.03000
CA20	01/19	38.42550	-121.01800	38.43540	-121.01200
CA42	18/36	33.64459	-117.42924	33.64226	-117.43032
CA60	16/34	39.95360	-121.99700	39.94560	-121.99700
CA62	10/28	35.72140	-120.77300	35.71690	-120.76300
CA73	16/34	39.10000	-121.71600	39.09140	-121.71600
CA84	09/27	32.88986	-117.24790	32.88916	-117.24567
CA89	11L/29R	33.63590	-117.30463	33.63034	-117.29626
CA89	11R/29L	33.63477	-117.30564	33.62899	-117.29686
CA90	08/26	34.51430	-115.52800	34.51350	-115.51100
CA92	17/35	39.71470	-121.61600	39.70640	-121.61700
CAA8	15/33	50.52080	-116.00100	50.51250	-115.99900
CAD4	16/34	49.07210	-117.60000	49.06120	-117.60000
CAD5	03/21	50.11880	-120.75400	50.12480	-120.74000
CAH4	14/32	52.85830	-119.33700	52.84810	-119.33100
CAJ3	15/33	49.04220	-116.50000	49.03170	-116.49700
CAJ4	13/31	52.45700	-125.30800	52.44800	-125.29800
CAJ7	07/25	50.44970	-113.76000	50.45030	-113.74000
CAL3	08/26	50.16780	-120.19300	50.16560	-120.17400
CAM5	13/31	54.43800	-126.78800	54.42870	-126.77900
CAQ5	12/30	50.26940	-117.81700	50.26310	-117.80900
CAT4	11/29	49.34030	-124.40000	49.33440	-124.38800
CAU3	18/36	49.17750	-119.54900	49.16920	-119.55300
CAU4	03/21	54.03560	-124.01900	54.04620	-124.00300
CAU4	07/25	54.04530	-124.02400	54.04670	-124.00100
CAU4	16/34	54.04530	-124.02100	54.03660	-124.01900
CAZ5	15/33	50.78780	-121.31800	50.77890	-121.31600
CBBC	13/31	52.18940	-128.16100	52.18060	-128.15300
CBJ4	07/25	51.24170	-122.00200	51.24160	-121.98700
CBQ8	02/20	55.06340	-128.23900	55.07000	-128.22800
CBR2	07/25	49.90350	-116.94300	49.90370	-116.92700
CBS2	03/21	49.29388	-103.02059	49.29731	-103.01717
CBS2	12/30	49.29667	-103.02573	49.29123	-103.01595
CBS8	12/30	49.32590	-124.93700	49.31820	-124.92500
CBX7	01/19	55.02080	-120.94100	55.03000	-120.93100
CBZ9	08/26	54.01460	-124.77700	54.01210	-124.76000
CCC2	15/33	47.13970	-55.33390	47.13470	-55.32440
CCE3	02/20	46.55720	-67.16800	46.56820	-67.16880
CCG4	08/26	46.15170	-64.77360	46.15610	-64.76360
CCN2	06/24	44.71030	-66.80030	44.71640	-66.79250
CCP2	07/25	49.05200	-55.45350	49.06020	-55.44250
CCQ3	05/23	45.41740	-63.46700	45.42470	-63.46170
CCQ3	09/27	45.41387	-63.47057	45.41787	-63.45200
CCQ3	16/34	45.42530	-63.47030	45.41500	-63.45750
CCR3	18/36	46.43310	-67.63180	46.41920	-67.62410
CCS3	14/32	45.20940	-67.25560	45.20530	-67.24530
CCS4	09/27	46.14690	-65.91170	46.15030	-65.89660
CCW3	10/28	45.05110	-64.65860	45.05330	-64.64530
CCW4	02/20	45.09730	-63.92220	45.10380	-63.91890
CCW4	09/27	45.09940	-63.92500	45.10170	-63.91640
CCW4	15/33	45.10440	-63.92330	45.10170	-63.91860
CCZ3	08/26	48.27150	-53.93040	48.27790	-53.91740
CDA4	12/30	47.71750	-64.88830	47.71530	-64.87660
CDA5	18/36	47.77750	-59.31500	47.76970	-59.31080
CDJ4	14/32	46.71560	-66.83550	46.71090	-66.82120
CDT5	09/27	46.50740	-64.70330	46.51140	-64.68430
CDU6	11/29	46.55290	-66.10180	46.55200	-66.08600
CDV2	05/23	47.74890	-67.43030	47.75820	-67.42170
CDY3	10/28	49.65680	-54.24380	49.65810	-54.23120
CEA3	04/22	51.70940	-114.11500	51.71190	-114.10800
CEA3	10/28	51.71360	-114.11400	51.70895	-114.09893
CEA5	07/25	52.64690	-111.39100	52.64690	-111.37800
CEA6	05/23	49.16030	-113.24700	49.16470	-113.23400
CEB5	04/22	56.07890	-118.44200	56.08390	-118.42700
CEC4	02/20	53.31440	-117.75900	53.32390	-117.74700
CED3	14/32	51.33810	-110.49400	51.33060	-110.48900
CED5	05/23	49.82470	-112.19100	49.82830	-112.17900
CED5	13/31	49.82940	-112.18600	49.82470	-112.18200
CEE5	07/25	55.96170	-113.82800	55.96190	-113.81000
CEF3	05/23	49.88170	-111.33900	49.88500	-111.32700
CEF4	12/30	51.26890	-113.94200	51.25880	-113.92700
CEG3	17/35	52.49250	-113.71200	52.48420	-113.71200
CEG4	17/35	51.50140	-112.74900	51.49190	-112.74900
CEH3	16/34	52.65580	-113.60600	52.64720	-113.60600
CEH4	10/28	50.82420	-113.83000	50.82000	-113.81900
CEH4	16/34	50.82810	-113.81900	50.82000	-113.81900
CEH5	13/31	56.55000	-115.28000	56.54250	-115.26900
CEH6	12/30	52.34270	-110.28600	52.33340	-110.26900
CEJ3	07/25	52.30970	-112.76100	52.31000	-112.74700
CEJ4	03/21	50.00290	-113.63700	50.00860	-113.62700
CEJ6	08/26	53.89310	-110.78300	53.89280	-110.76200
CEL4	02/20	51.62920	-111.90100	51.63310	-111.89600
CEL4	12/30	51.63470	-111.91000	51.62810	-111.89900
CEL4	15/33	51.63220	-111.90000	51.62860	-111.89900
CEL5	07/25	55.03220	-117.30400	55.03250	-117.28800
CEM4	04/22	52.07920	-114.03600	52.08310	-114.02400
CEM4	10/28	52.07810	-114.03600	52.07420	-114.02400
CEM4	16/34	52.08280	-114.02300	52.07440	-114.02300
CEM5	10/28	54.67420	-115.42300	54.66720	-115.40600
CEN3	12/30	51.69920	-113.21400	51.69390	-113.20400
CEN4	07/25	50.53373	-113.84734	50.53511	-113.83464
CEN4	15/33	50.53610	-113.83800	50.52860	-113.83400
CEN5	08/26	54.47750	-110.27600	54.47750	-110.26200
CEP3	07/25	54.10000	-114.44100	54.10000	-114.42500
CEQ3	14/32	53.04250	-112.81700	53.03140	-112.80800
CER2	13/31	52.22030	-111.93700	52.21310	-111.93000
CER3	14/32	53.27100	-114.96300	53.25790	-114.95500
CES4	10/28	54.14420	-113.74700	54.14030	-113.73500
CET9	11/29	61.51860	-120.62200	61.51470	-120.61100
CEU2	07/25	55.18420	-119.45500	55.18420	-119.44000
CEV3	13/31	53.51890	-112.03200	53.50970	-112.02200
CEV7	10/28	53.37300	-112.70300	53.36920	-112.69100
CEW3	08/26	53.99360	-111.38800	53.99280	-111.37200
CEX3	12/30	52.96920	-113.41900	52.96190	-113.40600
CEY3	06/24	49.69890	-113.42300	49.70110	-113.41100
CEZ4	08/26	58.40440	-115.95900	58.40360	-115.94300
CFB6	08/26	53.72810	-113.09300	53.72640	-113.07900
CFD4	05/23	49.48140	-111.50000	49.48470	-111.48900
CFG3	13/31	52.02030	-110.75300	52.01310	-110.74700
CFH4	15/33	45.87390	-63.46890	45.86610	-63.45340
CFL2	02/20	50.67860	-110.04600	50.68640	-110.03700
CFN7	06/24	51.77530	-114.68300	51.77690	-114.67500
CFN7	15/33	51.78030	-114.68147	51.76900	-114.67600
CFP7	12/30	52.83610	-111.11300	52.82500	-111.08900
CFS5	06/24	55.78330	-118.84700	55.78360	-118.83200
CFS6	13/31	57.14910	-115.08200	57.13480	-115.06900
CFT8	07/25	56.16090	-113.48300	56.16080	-113.46400
CFX2	16/34	50.73940	-113.93400	50.73120	-113.93300
CFX4	07/25	56.95080	-117.65800	56.95080	-117.63000
CHL2	11/29	45.14409	-64.42674	45.14423	-64.42028
CHL2	18/36	45.14576	-64.42787	45.13986	-64.42506
CJA3	10/28	49.21170	-98.06690	49.20860	-98.05110
CJA3	17/35	49.21670	-98.06500	49.21060	-98.06470
CJB3	14/32	49.55280	-96.68220	49.54580	-96.67610
CJB8	08/26	50.83340	-108.07600	50.83330	-108.06400
CJC5	02/20	49.65530	-108.40800	49.66240	-108.40100
CJC5	12/30	49.66080	-108.41100	49.65500	-108.40200
CJD5	09/27	50.87850	-109.50700	50.87600	-109.49400
CJE3	06/24	49.69890	-103.80600	49.70140	-103.79400
CJE3	12/30	49.70100	-103.80800	49.69360	-103.79500
CJJ	15/33	43.36890	-92.13550	43.36170	-92.13070
CJJ4	08/26	49.15080	-100.50700	49.15080	-100.49000
CJJ4	17/35	49.15720	-100.49900	49.15110	-100.49900
CJJ8	11/29	52.34500	-109.92400	52.34060	-109.91300
CJK4	08/26	50.64250	-102.11200	50.64280	-102.09900
CJL6	08/26	49.09530	-97.54330	49.09530	-97.53500
CJL6	17/35	49.09860	-97.53390	49.08970	-97.53390
CJM5	07/25	49.16660	-108.57400	49.16680	-108.55900
CJQ3	10/28	49.64560	-102.29200	49.64240	-102.28000
CJQ4	06/24	49.89440	-109.48100	49.89690	-109.46900
CJQ4	17/35	49.89750	-109.47500	49.89310	-109.47600
CJQ6	03/21	81.40490	-76.89590	81.41400	-76.86740
CJR2	11/29	52.07190	-109.38000	52.06750	-109.36800
CJR4	11/29	51.14640	-108.76800	51.14190	-108.75700
CJR4	16/34	51.14670	-108.76800	51.14140	-108.76700
CJS4	13/31	50.43756	-105.39215	50.42981	-105.38003
CJV5	04/22	50.22970	-99.51640	50.23580	-99.50470
CJV8	13/31	53.17560	-99.32802	53.16956	-99.31796
CJW5	14/32	50.77060	-101.29600	50.76610	-101.29200
CJW5	17/35	50.77050	-101.29600	50.76120	-101.29400
CJX	13/31	61.87020	-158.13800	61.86550	-158.13200
CJX5	08/26	49.62970	-100.20800	49.63000	-100.19700
CJX5	14/32	49.63670	-100.20300	49.62970	-100.19700
CJY3	08/26	52.83500	-104.07300	52.83500	-104.06600
CJY3	14/32	52.83970	-104.07100	52.83330	-104.06200
CJY3	17/35	52.84080	-104.07300	52.83500	-104.07300
CJZ3	08/26	52.86447	-104.70779	52.86446	-104.69408
CKB7	13/31	51.23820	-101.39700	51.23070	-101.38800
CKD5	10/28	50.10000	-102.61300	50.09780	-102.60000
CKE8	02/20	52.44280	-109.18500	52.44500	-109.18200
CKE8	11/29	52.45220	-109.18900	52.44750	-109.17900
CKH2	12/30	50.46780	-101.56400	50.45970	-101.55300
CKK7	07/25	49.49697	-96.70267	49.49823	-96.69520
CKK7	18/36	49.49824	-96.69788	49.48972	-96.69764
CKL5	10/28	50.45860	-100.61500	50.45580	-100.60200
CKQ5	08/26	50.99420	-107.13800	50.99420	-107.12400
CKQ6	09/27	50.49970	-99.90420	50.49890	-99.89110
CL-0017	14/32	-33.12414	-70.68384	-33.11064	-70.68384
CL-SC49	09/27	-20.73500	-69.63220	-20.73440	-69.61910
CL35	08/26	33.28470	-116.68200	33.28390	-116.66700
CL46	08/26	34.76780	-118.73700	34.76750	-118.72600
CL56	14/32	39.72220	-121.87200	39.71690	-121.86900
CLM2	01/19	42.01980	-82.52570	42.03020	-82.52430
CML8	13/31	45.31310	-73.57160	45.31004	-73.56141
CMT	10/28	-2.24730	-49.56500	-2.24650	-49.55520
CN-0036	04/22	23.41830	116.75400	23.43580	116.77000
CN-0157	18/36	48.39580	124.43000	48.38210	124.43300
CN-0218	01/19	37.60217	117.88571	37.62073	117.88569
CN-0316	10/28	31.21576	120.78695	31.21511	120.79378
CN-0443	04/22	37.39100	121.36100	37.40960	121.37900
CN13	09/27	38.44410	-121.51300	38.44240	-121.50500
CN37	01/19	35.37830	-118.22800	35.38800	-118.22200
CN95	13/31	37.99630	-121.49500	37.99040	-121.48900
CN99	12/30	37.54924	-121.16207	37.54363	-121.15510
CNA3	07/25	44.40830	-79.73060	44.41140	-79.72360
CNC3	08/26	43.75810	-79.87940	43.76030	-79.87060
CNC3	15/33	43.76420	-79.87780	43.75670	-79.86940
CNE4	07/25	48.73890	-80.79640	48.74250	-80.78720
CNE4	14/32	48.74280	-80.80030	48.73580	-80.78720
CNE4	18/36	48.74640	-80.79580	48.73860	-80.79330
CNF4	03/21	44.35970	-78.78060	44.36690	-78.77890
CNF4	13/31	44.36660	-78.78980	44.36243	-78.77789
CNK4	17/35	45.26190	-79.83220	45.25170	-79.82640
CNL3	04/22	44.63410	-75.75450	44.64480	-75.74580
CNL3	16/34	44.64250	-75.75110	44.63750	-75.74640
CNP3	10/28	45.40890	-76.37280	45.40970	-76.35750
CNP3	16/34	45.41530	-76.36810	45.40940	-76.36280
CNQ3	05/23	42.97530	-79.32830	42.98280	-79.31970
CNQ3	11/29	42.97726	-79.32835	42.97615	-79.31973
CNQ3	16/34	42.97970	-79.32390	42.97440	-79.31780
CNQ4	08/26	42.92220	-80.75670	42.92750	-80.74360
CNQ4	14/32	42.93030	-80.75000	42.92560	-80.74310
CNR4	12/30	45.23470	-81.63920	45.23220	-81.62750
CNV8	08/26	44.43968	-79.96928	44.44214	-79.95825
CNV8	13/31	44.44052	-79.97231	44.43553	-79.95895
CNY3	01/19	44.44470	-80.16470	44.45170	-80.16330
CNY3	13/31	44.45171	-80.16759	44.44526	-80.15088
CNZ8	04/22	43.15670	-79.60190	43.16330	-79.59640
CO-0054	07/25	11.49320	-72.99930	11.50430	-72.97910
CO00	08/26	39.28360	-103.07600	39.28360	-103.06700
CO00	14/32	39.28610	-103.07300	39.27640	-103.06700
CO00	17/35	39.28360	-103.06700	39.27640	-103.06700
CO12	12/30	39.98640	-104.71000	39.97920	-104.69900
CO15	17/35	39.22990	-104.64000	39.21950	-104.64000
CO55	16/34	40.60260	-105.14500	40.59180	-105.14200
CO80	04/22	38.06940	-104.04900	38.07560	-104.04100
CO80	12/30	38.07500	-104.04900	38.07000	-104.04100
CO90	17/35	38.76220	-104.30800	38.75280	-104.30800
CPE4	17/35	43.44750	-80.23440	43.43780	-80.22970
CPF2	11/29	46.42750	-84.09610	46.42580	-84.08500
CPF2	18/36	46.42750	-84.09610	46.41560	-84.09390
CPF6	02/20	43.16700	-79.71070	43.17240	-79.70830
CPL6	08/26	53.47469	-113.83463	53.47415	-113.82423
CPR7	13/31	43.87080	-81.30470	43.86530	-81.29190
CPT2	06/24	45.97440	-81.50000	45.98060	-81.48940
CPU6	09/27	44.18140	-77.11750	44.18390	-77.10170
CPU6	15/33	44.18720	-77.11000	44.18190	-77.10330
CPV9	15/33	50.04004	-107.25506	50.03587	-107.25307
CPZ3	06R/24L	44.06470	-77.34500	44.07390	-77.33080
CPZ3	16/34	44.07560	-77.34330	44.06890	-77.33640
CRF5	08/26	52.28024	-106.69081	52.28032	-106.67737
CSB3	15/33	45.59229	-73.24097	45.58798	-73.23493
CSC3	06/24	45.84158	-72.40013	45.84983	-72.39005
CSD4	08/26	46.56710	-75.56910	46.57170	-75.55460
CSE4	10/28	45.63914	-74.37819	45.63997	-74.36269
CSE5	08/26	46.99940	-70.52110	47.00330	-70.51060
CSG3	15/33	46.04780	-73.50610	46.04170	-73.49690
CSG5	02/20	46.68100	-71.15190	46.68950	-71.15140
CSH4	15/33	49.03390	-77.02240	49.02650	-77.01180
CSJ4	09/27	46.24890	-72.92220	46.25110	-72.91110
CSL3	03/21	46.61890	-72.63330	46.62670	-72.63060
CSL3	16/34	46.62310	-72.63390	46.61860	-72.62920
CSM3	06/24	46.04720	-71.26330	46.05610	-71.25110
CSQ3	05/23	45.47670	-72.31440	45.48530	-72.30640
CSR3	06/24	46.10547	-71.93925	46.11637	-71.92408
CSR8	18/36	48.92330	-79.18140	48.91110	-79.17580
CSU2	14/32	53.80894	-78.92381	53.80246	-78.91013
CSU3	02/20	45.60000	-73.01470	45.61030	-73.01360
CSY3	03/21	45.97470	-73.04420	45.98560	-73.04060
CTA4	10/28	47.44930	-79.42710	47.44930	-79.40890
CTG3	08/26	48.38100	-64.57190	48.38560	-64.55700
CTT5	11/29	50.25990	-60.68240	50.25930	-60.66560
CYAB	13/31	73.00969	-85.06183	73.00309	-85.03281
CYAG	03/21	48.65280	-93.44530	48.65860	-93.43920
CYAG	12/30	48.65800	-93.44810	48.65080	-93.43300
CYAM	04/22	46.47780	-84.51530	46.49170	-84.50190
CYAM	12/30	46.48601	-84.52088	46.48097	-84.49822
CYAT	06/24	52.92446	-82.43797	52.93073	-82.42599
CYAU	07/25	44.22710	-64.86220	44.23350	-64.85000
CYAV	04/22	50.05080	-97.03560	50.05610	-97.02690
CYAV	13/31	50.06140	-97.03560	50.05580	-97.02610
CYAV	18/36	50.06140	-97.03680	50.05350	-97.03890
CYAX	18/36	50.29920	-96.00920	50.28920	-96.01030
CYAY	10/28	51.39090	-56.09180	51.39290	-56.07450
CYAZ	07/25	49.07590	-125.78100	49.07590	-125.76000
CYAZ	11/29	49.08250	-125.78300	49.07440	-125.76600
CYAZ	16/34	49.08940	-125.78100	49.07580	-125.77900
CYBB	05/23	68.53000	-89.82220	68.53890	-89.79390
CYBC	10/28	49.13090	-68.21960	49.13360	-68.19480
CYBD	05/23	52.38580	-126.60400	52.38940	-126.58700
CYBE	06/24	59.56000	-108.49200	59.56280	-108.47100
CYBF	08/26	54.30420	-110.75400	54.30390	-110.73300
CYBG	11/29	48.33280	-71.01580	48.33250	-70.97500
CYBG	18/36	48.33750	-70.99640	48.32190	-70.98940
CYBK	16T/34T	64.30440	-96.08190	64.29330	-96.07360
CYBL	12/30	49.95834	-125.28281	49.94574	-125.26330
CYBR	08/26	49.90710	-99.96590	49.90750	-99.93830
CYBR	14/32	49.91350	-99.94890	49.90650	-99.94220
CYBV	09/27	52.35887	-97.02441	52.35891	-97.01149
CYBW	08/26	51.10480	-114.37853	51.10480	-114.36406
CYBW	17/35	51.11217	-114.37875	51.09847	-114.37873
CYBX	05/23	51.43660	-57.19090	51.44760	-57.18180
CYCB	13T/31T	69.11220	-105.15400	69.10390	-105.12300
CYCC	10/28	45.09220	-74.57000	45.09330	-74.55670
CYCD	16/34	49.05920	-123.87000	49.04550	-123.87000
CYCE	10/28	43.28310	-81.51810	43.28280	-81.49920
CYCE	16/34	43.29080	-81.50940	43.28030	-81.50140
CYCG	15/33	49.30340	-117.63500	49.28910	-117.63000
CYCH	09/27	47.00530	-65.46040	47.01030	-65.43790
CYCK	06/24	42.30140	-82.08830	42.31140	-82.07560
CYCL	12/30	47.99250	-66.34330	47.98830	-66.31940
CYCN	13/31	49.10860	-81.02190	49.10250	-81.00530
CYCO	12T/30T	67.82060	-115.16100	67.81280	-115.12700
CYCP	01/19	52.11080	-119.29100	52.12250	-119.27900
CYCQ	05/23	55.68530	-121.63700	55.68910	-121.61600
CYCT	11/29	52.07750	-111.45100	52.07250	-111.44000
CYCW	07/25	49.15190	-121.94700	49.15360	-121.93100
CYCY	02T/20T	70.48140	-68.52110	70.49080	-68.51190
CYCZ	16/34	50.34000	-115.87600	50.32390	-115.87100
CYDA	03/21	64.03860	-139.13901	64.04750	-139.11600
CYDB	11/29	61.37530	-139.05200	61.36690	-139.02901
CYDC	04/22	49.46400	-120.51800	49.47100	-120.50600
CYDF	07/25	49.20530	-57.40070	49.21640	-57.38210
CYDL	02/20	58.41670	-130.04401	58.42780	-130.02100
CYDN	02/20	51.10140	-100.05200	51.10620	-100.04800
CYDN	08/26	51.10670	-100.05800	51.10670	-100.04700
CYDN	14/32	51.10720	-100.05800	51.09560	-100.04700
CYDO	11/29	48.77900	-72.38520	48.77810	-72.36460
CYDQ	07/25	55.74110	-120.19400	55.74220	-120.16900
CYEE	16/34	44.68948	-79.93338	44.68020	-79.92540
CYEG	02/20	53.30890	-113.59600	53.33420	-113.56800
CYEG	12/30	53.30640	-113.59500	53.28670	-113.56200
CYEK	15T/33T	61.09890	-94.07670	61.08950	-94.06500
CYEL	12/30	46.35360	-82.56970	46.34890	-82.55310
CYEM	02/20	45.83810	-81.85940	45.84750	-81.85670
CYEN	08/26	49.20790	-102.97600	49.20800	-102.95500
CYEN	15/33	49.21640	-102.97000	49.20880	-102.96500
CYES	16/34	47.49530	-68.48780	47.48580	-68.47610
CYET	07/25	53.57900	-116.47900	53.57880	-116.45100
CYEU	10T/28T	79.99630	-85.84990	79.99310	-85.77680
CYEV	06/24	68.30320	-133.50500	68.30440	-133.46100
CYEY	14/32	48.56810	-78.25780	48.55970	-78.24170
CYFB	16/34	63.76499	-68.57472	63.74818	-68.53747
CYFC	09/27	45.86300	-66.55230	45.87030	-66.52250
CYFC	15/33	45.87440	-66.53940	45.86360	-66.52170
CYFD	05/23	43.12746	-80.34676	43.13758	-80.33392
CYFD	11/29	43.13439	-80.34878	43.13332	-80.33905
CYFD	17/35	43.13413	-80.34912	43.12719	-80.34647
CYFE	09/27	48.74380	-69.10700	48.74840	-69.08750
CYFJ	02/20	46.40190	-74.78180	46.41700	-74.77770
CYFO	19/01	54.68480	-101.68000	54.67130	-101.68400
CYFR	13/31	61.18500	-113.69700	61.17670	-113.68200
CYFS	14/32	61.76780	-121.24400	61.75280	-121.23000
CYGB	14/32	49.69750	-124.52000	49.69000	-124.51500
CYGD	05/23	43.76400	-81.71330	43.76860	-81.70970
CYGD	10/28	43.76420	-81.71170	43.76390	-81.70030
CYGD	14/32	43.77110	-81.71640	43.76390	-81.70030
CYGE	14/32	51.30420	-116.98500	51.29250	-116.97800
CYGH	07/25	66.24080	-128.66100	66.24080	-128.64101
CYGK	01/19	44.21910	-76.60180	44.23260	-76.60310
CYGK	07/25	44.21955	-76.60143	44.22559	-76.59015
CYGL	13/31	53.62880	-77.71790	53.62190	-77.69040
CYGM	15/33	50.63610	-97.04940	50.61970	-97.03470
CYGP	10/28	48.77424	-64.49304	48.77580	-64.47041
CYGQ	08/26	49.77671	-86.94869	49.78067	-86.92841
CYGR	07/25	47.42060	-61.78790	47.42810	-61.77350
CYGR	16/34	47.42940	-61.78580	47.42190	-61.77610
CYGT	15T/33T	69.36928	-81.82545	69.36005	-81.80751
CYGV	08/26	50.27920	-63.62000	50.28470	-63.60280
CYHB	06/24	52.81390	-102.32200	52.81940	-102.30100
CYHD	12/30	49.83510	-92.75515	49.82806	-92.73224
CYHF	04/22	49.70890	-83.69110	49.71920	-83.68080
CYHI	06T/24T	70.76030	-117.82200	70.76580	-117.79000
CYHK	13T/31T	68.63920	-95.86280	68.63190	-95.83670
CYHM	06/24	43.16670	-79.93470	43.17760	-79.91780
CYHM	12/30	43.18060	-79.95310	43.17220	-79.91750
CYHN	07/25	49.19060	-84.76530	49.19560	-84.75250
CYHR	07/25	50.46540	-59.64460	50.47250	-59.62880
CYHS	01/19	44.15280	-81.06280	44.16390	-81.06280
CYHS	09/27	44.15780	-81.06750	44.15890	-81.05810
CYHU	06L/24R	45.51075	-73.42913	45.52539	-73.40686
CYHU	06R/24L	45.51140	-73.41470	45.51860	-73.40360
CYHU	10/28	45.51080	-73.42610	45.51170	-73.41530
CYHY	05/23	60.83940	-115.78900	60.84390	-115.76900
CYHY	14/32	60.84720	-115.79600	60.83190	-115.78300
CYHZ	05/23	44.86860	-63.52500	44.88830	-63.50560
CYHZ	14/32	44.89360	-63.51830	44.88110	-63.49420
CYIB	04/22	48.77030	-91.64330	48.77770	-91.63410
CYID	06/24	44.54190	-65.79090	44.54990	-65.78060
CYIF	01/19	51.20540	-58.65710	51.21790	-58.65960
CYIK	07/25	62.41420	-77.93330	62.42020	-77.91720
CYIO	02T/20T	72.67830	-77.97380	72.68840	-77.95950
CYIV	12/30	53.86010	-94.64560	53.85390	-94.64560
CYJM	10/28	54.40030	-124.27100	54.39420	-124.25500
CYJN	02/20	45.29080	-73.27580	45.29750	-73.27580
CYJN	06/24	45.29250	-73.28470	45.29780	-73.27720
CYJN	11/29	45.29250	-73.28940	45.29250	-73.27380
CYJT	02/20	48.53390	-58.55250	48.54420	-58.55370
CYJT	09/27	48.54030	-58.56940	48.54890	-58.53030
CYKA	05/23	50.69920	-120.44300	50.70190	-120.43500
CYKA	09/27	50.70390	-120.45600	50.70030	-120.43100
CYKD	13/31	68.22690	-135.01100	68.21970	-135.00101
CYKF	08/26	43.45797	-80.38973	43.46530	-80.36680
CYKF	14/32	43.46250	-80.39160	43.45550	-80.37950
CYKG	14/32	61.59100	-71.93802	61.58597	-71.92078
CYKL	17/35	54.81060	-66.81080	54.79890	-66.79860
CYKM	05/23	44.20060	-81.60310	44.20470	-81.59780
CYKM	13/31	44.20440	-81.61330	44.19860	-81.60000
CYKO	08/26	60.81640	-78.15750	60.82080	-78.13970
CYKX	08/26	48.20820	-79.99000	48.21230	-79.97250
CYKY	08/26	51.51830	-109.18800	51.51830	-109.17300
CYKY	17/35	51.51820	-109.18000	51.51200	-109.18000
CYLB	11/29	54.77530	-112.04200	54.76530	-112.02100
CYLD	05/23	47.81690	-83.35670	47.82330	-83.34890
CYLD	10/28	47.82190	-83.35690	47.82140	-83.33670
CYLI	14/32	50.68000	-121.89600	50.66940	-121.89100
CYLJ	09/27	54.12490	-108.53400	54.12250	-108.51100
CYLJ	17/35	54.13030	-108.51600	54.12400	-108.51500
CYLL	08/26	53.30920	-110.08500	53.30920	-110.06000
CYLL	11/29	53.31130	-110.09100	53.30920	-110.08500
CYLQ	01/19	47.40280	-72.78750	47.41640	-72.79000
CYLR	18/36	56.51780	-99.98470	56.50940	-99.98560
CYLS	10/28	44.48552	-79.56711	44.48655	-79.54416
CYLT	05T/23T	82.51280	-62.32330	82.52280	-62.23780
CYLW	16/34	49.96610	-119.37900	49.94620	-119.37600
CYMA	07/25	63.61640	-135.88300	63.61640	-135.85300
CYME	09/27	48.85390	-67.46240	48.85870	-67.44080
CYMG	05/23	49.08030	-85.86560	49.08750	-85.85560
CYMJ	03/21	50.32610	-105.55800	50.33280	-105.54800
CYMJ	11L/29R	50.33790	-105.57500	50.32700	-105.54300
CYMJ	11R/29L	50.33110	-105.57400	50.32170	-105.54600
CYML	14/32	47.60110	-70.23110	47.59390	-70.21670
CYMM	08/26	56.65320	-111.24200	56.65320	-111.20700
CYMO	06/24	51.28810	-80.60890	51.29610	-80.59690
CYMO	14/32	51.29500	-80.61970	51.28920	-80.60750
CYMT	04/22	49.76400	-74.53450	49.77970	-74.52150
CYMW	03/21	46.26800	-75.99280	46.28090	-75.98720
CYMX	06/24	45.67040	-74.02175	45.69369	-73.98856
CYMX	11/29	45.67080	-74.09000	45.66610	-74.04360
CYMY	10/28	50.71860	-93.39190	50.71670	-93.37500
CYNA	14/32	50.19280	-61.79780	50.18690	-61.78060
CYND	09/27	45.51960	-75.57490	45.52380	-75.55230
CYNH	05/23	56.03360	-121.98800	56.03750	-121.96400
CYNM	15/33	49.76650	-77.81010	49.75690	-77.79490
CYOA	02T/20T	64.69093	-110.62263	64.70706	-110.60658
CYOC	04/22	67.56610	-139.85500	67.57280	-139.82401
CYOD	04/22	54.39670	-110.28500	54.41060	-110.25500
CYOD	13L/31R	54.41890	-110.30500	54.39110	-110.27000
CYOD	13R/31L	54.41670	-110.31100	54.39440	-110.28200
CYOJ	13/31	58.62750	-117.17100	58.61530	-117.15900
CYOO	05/23	43.91970	-78.89750	43.92610	-78.89250
CYOO	12/30	43.92440	-78.90390	43.92080	-78.88940
CYOP	09/27	58.49350	-119.41900	58.48920	-119.39700
CYOS	18/36	44.59560	-80.83890	44.58530	-80.83640
CYOW	04/22	45.32668	-75.68902	45.33430	-75.68350
CYOW	07/25	45.31330	-75.67100	45.32520	-75.64480
CYOW	14/32	45.32703	-75.68624	45.31079	-75.65492
CYPA	08/26	53.21800	-105.68481	53.21800	-105.66145
CYPA	16/34	53.21772	-105.67373	53.21078	-105.67170
CYPC	02T/20T	69.35600	-124.06400	69.36620	-124.05300
CYPD	11/29	45.65650	-61.37810	45.65650	-61.35860
CYPE	04/22	56.22330	-117.45800	56.23000	-117.43600
CYPG	02/20	49.90390	-98.26920	49.91170	-98.26500
CYPG	09/27	49.91170	-98.27720	49.91190	-98.26640
CYPG	13L/31R	49.91080	-98.27920	49.90500	-98.26940
CYPG	13R/31L	49.90770	-98.28450	49.89440	-98.26330
CYPH	06/24	58.46863	-78.08372	58.47523	-78.07032
CYPK	08L/26R	49.21920	-122.71500	49.21860	-122.70500
CYPK	08R/26L	49.21500	-122.72200	49.21360	-122.70200
CYPK	18/36	49.21930	-122.70600	49.21310	-122.70900
CYPL	09/27	51.44650	-90.22490	51.44650	-90.20330
CYPN	11/29	49.83640	-64.29890	49.83640	-64.27830
CYPQ	09/27	44.22821	-78.37615	44.23287	-78.35024
CYPQ	13/31	44.23065	-78.35979	44.22846	-78.35364
CYPR	13/31	54.29330	-130.45200	54.27890	-130.43800
CYPS	06/24	50.30180	-122.74600	50.30320	-122.72900
CYPT	10/28	41.78056	-82.68406	41.78064	-82.67200
CYPT	19/01	41.78140	-82.67420	41.77450	-82.67412
CYPU	05/23	52.10960	-124.15700	52.11610	-124.13200
CYPW	09/27	49.83470	-124.50600	49.83239	-124.49318
CYPX	01/19	60.04371	-77.28374	60.06051	-77.29147
CYPY	04/22	58.76280	-111.12800	58.77140	-111.10700
CYPZ	11/29	54.38150	-125.96000	54.37140	-125.94300
CYQA	18/36	44.98470	-79.30830	44.96860	-79.30420
CYQB	06/24	46.78220	-71.40640	46.79997	-71.38107
CYQB	11/29	46.78880	-71.40290	46.78680	-71.38040
CYQD	13/31	53.97690	-101.10100	53.96580	-101.08100
CYQF	12/30	52.18220	-113.90000	52.17610	-113.88800
CYQF	17/35	52.19120	-113.89300	52.17600	-113.89300
CYQG	07/25	42.27330	-82.97060	42.28490	-82.94120
CYQG	12/30	42.27330	-82.97060	42.26720	-82.95330
CYQH	09/27	60.12000	-128.83501	60.11500	-128.80600
CYQI	06/24	43.81750	-66.09750	43.82970	-66.08220
CYQI	15/33	43.83720	-66.09310	43.82780	-66.07920
CYQK	08/26	49.78660	-94.37510	49.79010	-94.35130
CYQL	06/24	49.62390	-112.81500	49.62990	-112.79000
CYQL	13/31	49.63640	-112.79900	49.62500	-112.78400
CYQM	06/24	46.10599	-64.69430	46.12620	-64.66766
CYQM	11/29	46.10684	-64.69436	46.10780	-64.66285
CYQN	09/27	50.18220	-86.70360	50.18310	-86.68890
CYQQ	12/30	49.72070	-124.90200	49.70120	-124.87200
CYQQ	18/36	49.72010	-124.89300	49.70760	-124.90100
CYQR	08/26	50.42810	-104.68000	50.42830	-104.65400
CYQR	13/31	50.43920	-104.67100	50.42330	-104.64800
CYQS	03/21	42.76610	-81.10500	42.77280	-81.10140
CYQS	09/27	42.77200	-81.11920	42.77360	-81.10050
CYQS	15/33	42.77190	-81.11250	42.76640	-81.10640
CYQT	07/25	48.37010	-89.33380	48.37680	-89.30530
CYQT	12/30	48.37480	-89.33810	48.36720	-89.31950
CYQU	07/25	55.18440	-118.90000	55.18440	-118.87000
CYQU	12/30	55.19010	-118.90459	55.17368	-118.87572
CYQV	04/22	51.26060	-102.46900	51.27000	-102.45500
CYQV	13/31	51.26500	-102.46200	51.25920	-102.45200
CYQW	06/24	52.76640	-108.25300	52.76790	-108.24200
CYQW	12/30	52.77440	-108.25000	52.76390	-108.23500
CYQX	03/21	48.92080	-54.56830	48.94840	-54.56020
CYQX	13/31	48.95330	-54.58640	48.94610	-54.55110
CYQY	06/24	46.15380	-60.06120	46.16720	-60.04110
CYQY	18/36	46.16890	-60.04220	46.15250	-60.03580
CYQZ	13/31	53.03260	-122.51700	53.01960	-122.50400
CYRB	17T/35T	74.72550	-94.97710	74.70830	-94.96160
CYRC	06/24	48.51940	-71.06220	48.52720	-71.05220
CYRC	12/30	48.51898	-71.06261	48.51475	-71.03852
CYRC	18/36	48.52720	-71.05220	48.51750	-71.04720
CYRI	05/23	47.75750	-69.59170	47.77140	-69.57810
CYRJ	16/34	48.52560	-72.27190	48.51440	-72.25920
CYRL	08/26	51.06580	-93.80390	51.06810	-93.78220
CYRM	13/31	52.43600	-114.91100	52.42350	-114.89700
CYRO	09/27	45.45992	-75.64886	45.46145	-75.63778
CYRP	10/28	45.31860	-76.02970	45.31970	-76.01470
CYRQ	05/23	46.34570	-72.68560	46.35980	-72.67320
CYRT	13T/31T	62.81660	-92.12980	62.80620	-92.10190
CYRV	12/30	50.97150	-118.19000	50.96180	-118.17600
CYSA	05/23	43.41060	-80.94000	43.42080	-80.92750
CYSA	17/35	43.41920	-80.94110	43.41170	-80.93780
CYSB	04/22	46.61750	-80.80470	46.63330	-80.79220
CYSB	12/30	46.62920	-80.80750	46.62530	-80.78830
CYSC	13/31	45.44250	-71.70160	45.43450	-71.68110
CYSG	06/24	46.09150	-70.72190	46.10120	-70.70740
CYSH	06/24	44.94220	-75.94610	44.94929	-75.93500
CYSH	15/33	44.94661	-75.93843	44.94345	-75.93429
CYSJ	05/23	45.30250	-65.89420	45.31920	-65.88060
CYSJ	14/32	45.32940	-65.90000	45.32220	-65.88310
CYSK	09/27	56.53513	-79.25899	56.53868	-79.24126
CYSL	18/36	47.16230	-67.83950	47.15230	-67.83310
CYSM	03/21	60.02170	-111.96100	60.02540	-111.95500
CYSM	12/30	60.02750	-111.97300	60.01670	-111.94800
CYSN	01/19	43.18580	-79.17720	43.19280	-79.17750
CYSN	06/24	43.18790	-79.17860	43.19620	-79.16370
CYSN	11/29	43.19280	-79.17810	43.19220	-79.17060
CYSP	16/34	48.76000	-86.34810	48.75060	-86.34080
CYSU	05/23	46.43140	-63.84280	46.44920	-63.82420
CYSW	17/35	49.83880	-114.88300	49.82790	-114.88400
CYSY	08T/26T	71.99330	-125.26000	71.99440	-125.22500
CYSZ	14/32	49.12280	-66.53640	49.11720	-66.52190
CYTA	17/35	45.87080	-77.25560	45.85810	-77.24780
CYTE	13T/31T	64.23330	-76.53670	64.22670	-76.51670
CYTF	13/31	48.51110	-71.65000	48.50640	-71.63390
CYTH	06/24	55.79641	-97.87473	55.80411	-97.85008
CYTH	15/33	55.81285	-97.86646	55.80069	-97.85450
CYTN	06/24	45.60710	-62.62810	45.61660	-62.61410
CYTN	10/28	45.61000	-62.62760	45.61090	-62.61910
CYTR	06/24	44.10890	-77.54220	44.12599	-77.51644
CYTR	13/31	44.11750	-77.53690	44.11330	-77.52690
CYTS	03/21	48.56310	-81.37890	48.57830	-81.37000
CYTS	10/28	48.56970	-81.38670	48.56940	-81.36640
CYTZ	06/24	43.62586	-79.39755	43.63020	-79.39044
CYTZ	08/26	43.62747	-79.40334	43.63097	-79.38907
CYUB	10/28	69.43732	-133.04237	69.42888	-133.00992
CYUL	06L/24R	45.46106	-73.76501	45.48328	-73.73592
CYUL	06R/24L	45.45766	-73.74139	45.47702	-73.71601
CYUT	16T/34T	66.52580	-86.22850	66.51700	-86.22090
CYUX	12T/30T	68.78030	-81.26060	68.77200	-81.22670
CYUY	08/26	48.20100	-78.84890	48.21060	-78.82170
CYVB	13/31	48.07450	-65.47130	48.06760	-65.44910
CYVC	11/29	55.15090	-105.27400	55.14850	-105.26300
CYVC	18/36	55.15810	-105.26000	55.14460	-105.26400
CYVG	10/28	53.35810	-110.83000	53.35390	-110.81700
CYVK	05/23	50.24650	-119.33700	50.24960	-119.32400
CYVM	03T/21T	67.54220	-64.03898	67.55091	-64.02415
CYVO	18/36	48.06670	-77.78650	48.03980	-77.77880
CYVP	07/25	58.08440	-68.43810	58.09640	-68.41670
CYVP	13/31	58.10500	-68.43190	58.10190	-68.40670
CYVQ	10/28	65.28560	-126.81500	65.27770	-126.78100
CYVR	08L/26R	49.20500	-123.20100	49.20060	-123.16000
CYVR	08R/26L	49.19010	-123.20800	49.18440	-123.16100
CYVR	13/31	49.19990	-123.20100	49.18420	-123.18200
CYVT	06/24	55.84140	-108.43900	55.84250	-108.42700
CYVT	12/30	55.84310	-108.43200	55.83470	-108.41300
CYVV	05/23	44.73920	-81.11720	44.74920	-81.10390
CYVV	11/29	44.74280	-81.11170	44.74140	-81.10000
CYWG	13/31	49.91280	-97.25220	49.89530	-97.22720
CYWG	18/36	49.92530	-97.23420	49.89560	-97.24170
CYWK	18/36	52.93047	-66.86925	52.91499	-66.86010
CYWL	12/30	52.18920	-122.06400	52.17580	-122.04300
CYWM	17/35	54.74860	-113.20400	54.73780	-113.20400
CYWV	13/31	52.79890	-110.86200	52.79280	-110.85300
CYWY	11/29	63.21260	-123.44500	63.20630	-123.42900
CYXC	16/34	49.61970	-115.78300	49.60330	-115.78200
CYXE	09/27	52.17850	-106.71800	52.17420	-106.68200
CYXE	15/33	52.17920	-106.70500	52.16294	-106.69673
CYXH	03/21	50.01400	-110.72800	50.02380	-110.71300
CYXH	09/27	50.01690	-110.72500	50.01470	-110.71300
CYXJ	03/21	56.23200	-120.75000	56.24500	-120.72700
CYXJ	12/30	56.24500	-120.75300	56.23170	-120.73000
CYXK	07/25	48.47390	-68.50390	48.48220	-68.48970
CYXL	16/34	50.12086	-91.90971	50.10731	-91.90166
CYXP	06T/24T	66.14310	-65.72230	66.14690	-65.70500
CYXR	08/26	47.69390	-79.85800	47.70130	-79.83620
CYXR	16/34	47.69580	-79.86110	47.68890	-79.85500
CYXS	01/19	53.88590	-122.67800	53.89470	-122.66900
CYXS	06/24	53.88570	-122.69300	53.88870	-122.66800
CYXS	15/33	53.90030	-122.67100	53.88030	-122.66400
CYXT	03/21	54.45890	-128.58400	54.46810	-128.56400
CYXT	15/33	54.47870	-128.59000	54.45840	-128.58501
CYXU	09/27	43.03810	-81.16390	43.04170	-81.14080
CYXU	15/33	43.04210	-81.15980	43.02400	-81.13810
CYXX	01/19	49.01860	-122.37900	49.03140	-122.37000
CYXX	07/25	49.01890	-122.38000	49.02040	-122.34000
CYXY	14L/32R	60.71848	-135.07033	60.70160	-135.05731
CYXY	14R/32L	60.72170	-135.07700	60.69760	-135.05701
CYXZ	03/21	47.96110	-84.79030	47.97220	-84.78310
CYYB	08/26	46.35750	-79.44080	46.36920	-79.40500
CYYB	13/31	46.37000	-79.42610	46.36670	-79.41750
CYYB	18/36	46.36970	-79.42580	46.35780	-79.42220
CYYC	11/29	51.12640	-114.03700	51.11560	-114.00600
CYYC	17L/35R	51.14830	-113.99000	51.11000	-113.99000
CYYC	17R/35L	51.13140	-114.02100	51.09660	-114.02100
CYYD	15/33	54.83160	-127.18400	54.81810	-127.18100
CYYE	04/22	58.83080	-122.61600	58.84030	-122.58800
CYYE	08/26	58.83830	-122.59900	58.83560	-122.57800
CYYF	16/34	49.46940	-119.60100	49.45310	-119.60200
CYYG	03/21	46.27970	-63.12750	46.29860	-63.12310
CYYG	10/28	46.29390	-63.12900	46.29650	-63.10950
CYYH	15T/33T	69.55100	-93.58350	69.54130	-93.56870
CYYJ	03/21	48.64190	-123.43400	48.65190	-123.41900
CYYJ	09/27	48.65100	-123.44000	48.64600	-123.41200
CYYJ	14/32	48.65250	-123.43300	48.64060	-123.42300
CYYL	08/26	56.86100	-101.08200	56.86130	-101.07000
CYYL	17/35	56.87060	-101.07000	56.85690	-101.07000
CYYN	04/22	50.28890	-107.69900	50.29330	-107.69100
CYYN	13/31	50.29670	-107.69600	50.28830	-107.68300
CYYO	09/27	51.80970	-104.17600	51.80810	-104.16200
CYYQ	07/25	58.75170	-94.07110	58.75520	-94.05120
CYYQ	15/33	58.74570	-94.07770	58.72330	-94.05540
CYYR	08/26	53.30390	-60.44810	53.32140	-60.40670
CYYR	15/33	53.33390	-60.43640	53.31610	-60.40440
CYYT	10/28	47.62330	-52.77330	47.62500	-52.73890
CYYT	16/34	47.62580	-52.75140	47.61060	-52.73390
CYYU	17/35	49.42080	-82.47220	49.40690	-82.46280
CYYW	12/30	50.29910	-88.92500	50.29420	-88.90970
CYYW	18/36	50.29420	-88.90970	50.28610	-88.90940
CYYY	06/24	48.60360	-68.21640	48.61640	-68.20080
CYYY	15/33	48.60820	-68.21580	48.60080	-68.20390
CYYZ	05/23	43.67390	-79.66390	43.69470	-79.63330
CYYZ	06L/24R	43.66105	-79.62343	43.67898	-79.59737
CYYZ	06R/24L	43.65830	-79.62193	43.67529	-79.59724
CYYZ	15L/33R	43.69190	-79.64220	43.67000	-79.61390
CYYZ	15R/33L	43.68580	-79.65170	43.66750	-79.62830
CYZE	11/29	45.88610	-82.57720	45.88440	-82.55830
CYZF	10/28	62.47130	-114.45300	62.46530	-114.42700
CYZF	16/34	62.47320	-114.44400	62.45280	-114.44100
CYZH	10/28	55.29650	-114.79000	55.29010	-114.76600
CYZP	13/31	53.26000	-131.82100	53.24860	-131.80701
CYZR	06/24	42.99670	-82.31110	43.00190	-82.30280
CYZR	15/33	43.00440	-82.31530	42.99420	-82.30220
CYZS	16T/34T	64.19950	-83.36610	64.18710	-83.35280
CYZT	08/26	50.68060	-127.37600	50.68000	-127.35800
CYZT	11/29	50.68610	-127.37300	50.67720	-127.35700
CYZT	16/34	50.68580	-127.37200	50.67500	-127.37100
CYZU	11/29	54.14840	-115.79800	54.13930	-115.77600
CYZV	09/27	50.21720	-66.27920	50.22360	-66.25250
CYZV	13/31	50.22970	-66.27690	50.22420	-66.25250
CYZW	09/27	60.17470	-132.75600	60.17090	-132.73000
CYZX	08/26	44.98110	-64.93250	44.99070	-64.90470
CYZX	12/30	44.98360	-64.93140	44.97720	-64.90170
CYZY	17/35	55.31110	-123.13100	55.29750	-123.13300
CZ-0192	15/33	49.97960	16.18287	49.97477	16.18731
CZAM	14/32	50.68820	-119.23200	50.67740	-119.22500
CZBA	09/27	43.44080	-79.85440	43.44190	-79.84610
CZBA	14/32	43.44500	-79.85470	43.43840	-79.84420
CZBB	07/25	49.07810	-123.02000	49.07790	-122.99600
CZBB	13/31	49.07820	-123.01900	49.06990	-123.01000
CZBF	10/28	47.62880	-65.74800	47.63050	-65.72990
CZBM	05/23	45.28548	-72.74788	45.29639	-72.73607
CZBM	05R/23L	45.28720	-72.74390	45.29440	-72.73690
CZFA	09/27	62.20970	-133.38699	62.20530	-133.36501
CZFM	12/30	67.41121	-134.86812	67.40260	-134.85139
CZGF	07/25	49.01530	-118.43900	49.01530	-118.42100
CZHP	07/25	55.39350	-116.48500	55.39370	-116.46600
CZJN	02/20	52.11580	-101.24000	52.12540	-101.23200
CZJN	08/26	52.11610	-101.24000	52.11650	-101.23200
CZML	15/33	51.74300	-121.33700	51.73030	-121.33000
CZMT	13/31	54.03040	-132.12399	54.01920	-132.11099
CZNL	04/22	49.49190	-117.30600	49.49610	-117.29500
CZPC	08/26	49.52060	-114.01100	49.52060	-113.98300
CZST	18/36	55.94060	-129.98199	55.93030	-129.98599
CZUC	05/23	49.42640	-91.72360	49.43280	-91.71220
CZUM	13/31	53.56450	-64.11820	53.56070	-64.09370
CZVL	08/26	53.67382	-113.86203	53.67145	-113.83932
CZVL	16/34	53.67223	-113.86521	53.66266	-113.86521
D03	12/30	46.30900	-98.94340	46.30460	-98.93430
D06	17/35	48.29620	-97.39410	48.28910	-97.39410
D15	11/29	43.64500	-84.98680	43.64390	-84.97720
D20	09/27	43.11250	-82.79170	43.11250	-82.78310
D24	08/26	47.65940	-99.67010	47.65940	-99.65820
D29	17/35	48.62210	-97.17700	48.61500	-97.17700
D32	15/33	45.60220	-95.53810	45.59530	-95.53690
D38	13/31	42.90960	-77.32660	42.90480	-77.31580
D41	17/35	48.46460	-96.86620	48.45730	-96.86530
D49	07/25	48.89740	-102.79700	48.89980	-102.78700
D58	12/30	45.41810	-101.09100	45.41190	-101.08100
D58	17/35	45.41800	-101.08200	45.41140	-101.08200
D61	03/21	48.35560	-100.39800	48.36200	-100.39100
D61	16/34	48.36370	-100.39900	48.35540	-100.39400
D63	09/27	40.49320	-123.60200	40.49090	-123.59400
D65	17/35	43.43930	-98.39950	43.42890	-98.39810
D81	15/33	47.83110	-96.26210	47.82160	-96.25600
D90	10/28	44.92430	-85.06880	44.92310	-85.06110
D90	18/36	44.93080	-85.06860	44.92200	-85.06860
DA10	05/23	26.57070	8.47936	26.57970	8.49283
DA10	09/27	26.57460	8.47153	26.57270	8.49529
DA11	09/27	30.87810	-3.08340	30.88020	-3.05205
DA12	12/30	32.90240	0.51494	32.89460	0.53442
DA13	06/24	28.87260	-5.83234	28.88590	-5.81346
DA14	05/23	35.90260	0.14196	35.90960	0.15029
DA14	13/31	35.90950	0.14816	35.90580	0.15432
DA15	18/36	34.90300	0.15109	34.89140	0.15230
DA16	09/27	27.58160	-7.50977	27.58400	-7.48968
DA16	09L/27R	27.58460	-7.51969	27.58920	-7.48082
DA16	09R/27L	27.58370	-7.51195	27.58650	-7.48819
DAAB	06/24	36.50140	2.80331	36.50800	2.82192
DAAD	04/22	35.32538	4.19787	35.34017	4.21403
DAAE	08/26	36.71000	5.05667	36.71360	5.08306
DAAF	08/26	27.06090	1.10260	27.06380	1.11960
DAAG	05/23	36.69390	3.22017	36.71290	3.25140
DAAG	09/27	36.69210	3.17083	36.69120	3.20992
DAAJ	02/20	24.27390	9.44399	24.29420	9.45259
DAAJ	13/31	24.29310	9.45194	24.27690	9.47694
DAAK	04/22	36.53380	2.86256	36.55790	2.89008
DAAN	08/26	26.70640	0.27375	26.71370	0.29759
DAAP	09/27	26.72360	8.60746	26.72340	8.63784
DAAQ	09L/27R	35.52690	2.86080	35.52630	2.89671
DAAQ	09R/27L	35.52460	2.86078	35.52400	2.89669
DAAS	09/27	36.17777	5.31384	36.17920	5.34599
DAAT	02/20	22.79640	5.44439	22.82650	5.45775
DAAT	08/26	22.80730	5.42277	22.81130	5.45269
DAAV	17/35	36.80580	5.87150	36.78440	5.87571
DAAY	06/24	33.52390	-0.25989	33.54430	-0.22984
DAAY	17/35	33.53490	-0.24190	33.51050	-0.23131
DAAZ	07/25	35.74990	0.61967	35.75450	0.63288
DABB	05/23	36.82060	7.80675	36.83330	7.82680
DABB	18/36	36.84510	7.81274	36.81830	7.80870
DABC	13/31	36.28440	6.61472	36.26890	6.63333
DABC	16/34	36.28810	6.61056	36.26280	6.62250
DABS	11/29	35.43847	8.10858	35.42790	8.13899
DABS	12/30	35.43568	8.10984	35.42358	8.13175
DABT	05/23	35.74430	6.29502	35.75990	6.32216
DAFH	08/26	32.92790	3.29580	32.93300	3.32728
DAFH	09/27	32.93210	3.30146	32.93250	3.31674
DAOB	08/26	35.33910	1.44686	35.34320	1.47943
DAOE	07/25	35.73140	-0.81942	35.74280	-0.78944
DAOF	08L/26R	27.69840	-8.18221	27.70510	-8.15279
DAOF	08R/26L	27.69560	-8.18143	27.70240	-8.15197
DAOI	07/25	36.20965	1.32330	36.21547	1.33978
DAOI	08/26	36.21488	1.32954	36.22022	1.35861
DAOL	08/26	35.53940	-0.54696	35.54550	-0.51759
DAON	07/25	35.00930	-1.47059	35.01740	-1.44381
DAOO	07L/25R	35.61664	-0.64214	35.62894	-0.60608
DAOO	07R/25L	35.61420	-0.64086	35.62460	-0.61029
DAOR	06/24	31.63770	-2.29554	31.65450	-2.26147
DAOR	18/36	31.65890	-2.26123	31.63180	-2.26121
DAOS	10/28	35.17270	-0.60135	35.17090	-0.58521
DAOV	08/26	35.20640	0.13796	35.20910	0.15633
DAOY	04/22	33.71195	1.08156	33.73186	1.10342
DATG	08/26	19.55917	5.73920	19.56182	5.75991
DATM	08/26	21.37539	0.91464	21.38100	0.94299
DAUA	04/22	27.82720	-0.19611	27.84810	-0.17667
DAUB	13/31	34.80170	5.72615	34.78510	5.75047
DAUE	10/28	30.57030	2.85778	30.56690	2.87611
DAUE	18/36	30.59940	2.86139	30.57250	2.86167
DAUG	12/30	32.38390	3.79447	32.36900	3.82222
DAUG	18/36	32.40500	3.79583	32.38330	3.79472
DAUH	18/36	31.68650	6.14163	31.65930	6.13928
DAUI	05/23	27.24250	2.50028	27.25950	2.52376
DAUK	01/19	33.06000	6.08722	33.08670	6.09194
DAUL	16L/34R	33.78050	2.92136	33.74900	2.93743
DAUL	16R/34L	33.77980	2.91926	33.74820	2.93534
DAUO	02/20	33.49550	6.77591	33.51270	6.78256
DAUO	13/31	33.52750	6.76194	33.51000	6.78667
DAUT	06/24	29.22920	0.26306	29.24420	0.28889
DAUU	01/19	31.90570	5.40465	31.93180	5.41340
DAUU	18/36	31.93010	5.41646	31.90220	5.41706
DAUZ	05/23	28.04510	9.63511	28.06360	9.65740
DAUZ	14/32	28.06900	9.62920	28.05270	9.64201
DBBB	06/24	6.35066	2.37575	6.36372	2.39313
DE-0047	06/24	48.61391	8.75195	48.61615	8.75938
DE-0047	07/25	48.61545	8.75844	48.61614	8.76161
DE-0062	13/31	47.96575	11.99142	47.96017	11.99982
DE-0075	04/22	47.65535	11.23086	47.66138	11.23848
DE-0081	08/26	47.58241	10.68409	47.58299	10.69091
DE-0094	18/36	47.55704	10.27267	47.55128	10.27321
DE-0114	10/28	48.38621	9.07132	48.38482	9.08123
DE-0114	10G/28G	48.38690	9.07158	48.38658	9.07382
DE-0114	10L/28R	48.38602	9.07759	48.38540	9.08154
DE-0118	08L/26R	52.66936	10.08936	52.66945	10.09669
DE-0118	08R/26L	52.66849	10.08016	52.66901	10.08672
DE-0179	12/30	51.82480	6.26870	51.81930	6.28000
DE-0202	06/24	48.48350	8.77322	48.48739	8.78287
DE-0210	08/26	51.10077	6.38982	51.10137	6.39738
DE-0215	05/23	49.40898	8.34548	49.41498	8.35481
DE-0229	15/33	48.28505	9.67262	48.28371	9.67446
DE-0238	04/22	48.11157	8.77044	48.11458	8.77352
DE-0238	05/23	48.10486	8.75697	48.10906	8.76485
DE-0238	05G/23G	48.10399	8.75809	48.11130	8.77027
DE-0247	08/26	48.45739	9.29031	48.45917	9.30503
DE-0247	08G/26G	48.45903	9.29919	48.45944	9.30250
DE-0247	08L/26R	48.45784	9.29019	48.45826	9.29353
DE-0279	13/31	48.76404	9.32991	48.76064	9.33794
DE-0282	15/33	48.57128	9.73100	48.56963	9.73198
DE-0282	16/34	48.57727	9.72723	48.56959	9.73124
DE-0304	13/31	48.28736	9.46160	48.28229	9.46982
DE-0309	09/27	48.52913	9.39289	48.52940	9.40212
DE-0309	11/29	48.52970	9.39701	48.52926	9.40226
DE-0311	07/25	47.69969	10.01773	47.70069	10.02361
DE-0311	07G/25G	47.70104	10.02657	47.70142	10.02882
DE-0311	07L/25R	47.69975	10.01601	47.70160	10.02857
DE-0313	10/28	48.04542	9.02429	48.04387	9.03664
DE-0313	10G/28G	48.04423	9.03475	48.04384	9.03804
DE-0315	08/26	48.78395	8.91216	48.78554	8.92284
DE-0321	08/26	48.40882	9.43927	48.40970	9.44564
DE-0322	16L/36R	48.50718	8.47695	48.49835	8.48011
DE-0322	16R/34L	48.50672	8.47669	48.49829	8.47972
DE-0324	11/29	48.41401	9.76305	48.41301	9.76680
DE-0326	10/28	48.55744	9.81770	48.55644	9.82415
DE-0328	05/23	48.87166	8.20777	48.87697	8.21830
DE-0332	07/25	48.51243	9.32905	48.51413	9.33725
DE-0478	09/27	48.60931	9.46940	48.60969	9.47209
DE-0478	13/31	48.60987	9.47294	48.60672	9.47851
DE-0533	09/27	48.40589	9.61977	48.40588	9.62382
DE-0931	02/20	48.50843	9.29137	48.51074	9.29309
DFFD	04/22	12.34170	-1.51997	12.36444	-1.50479
DFOO	06/24	11.15110	-4.34291	11.16900	-4.31903
DGAA	03/21	5.59096	-0.17264	5.61941	-0.16094
DGLE	05/23	9.54931	-0.87102	9.56507	-0.85541
DGLW	03/21	10.07410	-2.51080	10.09120	-2.50459
DGSI	02/20	6.70578	-1.59261	6.72334	-1.58903
DGSN	07/25	7.35922	-2.33397	7.36444	-2.32354
DGTK	04/22	4.88918	-1.77867	4.90293	-1.77084
DIAP	03/21	5.24885	-3.93145	5.27392	-3.92114
DIBK	03/21	7.72520	-5.07980	7.75240	-5.06753
DIDL	04/22	6.78481	-6.47743	6.80081	-6.46894
DIKO	09/27	9.38553	-5.56608	9.38883	-5.54725
DIMN	04/22	7.26366	-7.59121	7.28048	-7.58352
DISP	03/21	4.73864	-6.66370	4.75479	-6.65793
DIYO	05/23	6.89302	-5.37475	6.91331	-5.35641
DN50	06/24	9.88183	6.81356	9.88747	6.82370
DN51	06/24	7.45349	6.45536	7.46098	6.46690
DN53	05/23	10.59070	7.44011	10.60720	7.45730
DN54	05/23	10.91530	11.49600	10.92490	11.50630
DN55	01/19	4.63638	7.94801	4.64797	7.95007
DN56	13/31	5.62934	5.18665	5.62131	5.19812
DN57	04/22	12.99640	7.64946	13.01840	7.66612
DNAA	04/22	8.99344	7.25374	9.02014	7.27261
DNAK	03/21	7.23523	5.29579	7.25834	5.30621
DNBE	05/23	6.30901	5.59124	6.32415	5.60677
DNCA	03/21	4.96617	8.34229	4.98593	8.35230
DNEN	08/26	6.47219	7.55091	6.47591	7.57230
DNGU	05/23	12.16710	6.69121	12.17620	6.70101
DNIB	05/23	7.35413	3.97133	7.37071	3.98536
DNIL	05/23	8.43097	4.48331	8.44926	4.50463
DNIM	17/35	5.43906	7.20330	5.41523	7.20874
DNJO	10/28	9.64106	8.85547	9.63859	8.88270
DNKA	05/23	10.68710	7.30968	10.70460	7.33061
DNKN	05/23	12.03890	8.52187	12.05460	8.53769
DNKN	06/24	12.04160	8.50665	12.05600	8.53320
DNMA	05/23	11.84590	13.07130	11.86450	13.09130
DNMK	05/23	7.69554	8.60330	7.71222	8.62458
DNMM	18L/36R	6.59701	3.32914	6.57221	3.32914
DNMM	18R/36L	6.58778	3.31356	6.55252	3.31356
DNMN	05/23	9.64154	6.45134	9.66314	6.47336
DNPO	03/21	5.00350	6.94312	5.02741	6.95593
DNSO	08/26	12.91280	5.19344	12.91900	5.22035
DNYO	17/35	9.27105	12.42820	9.24431	12.43270
DNZA	05/23	11.12530	7.67991	11.13510	7.69152
DRRM	09/27	13.50160	7.11824	13.50340	7.13527
DRRN	09L/27R	13.48476	2.17105	13.48613	2.20058
DRRN	09R/27L	13.48161	2.16941	13.48323	2.20450
DRRT	06/24	14.87080	5.25679	14.88060	5.27393
DRZA	07/25	16.96090	7.98706	16.97100	8.01325
DRZD	04/22	18.96330	12.86360	18.97410	12.87370
DRZF	09/27	13.37270	12.61840	13.37310	12.63500
DRZI	01/19	19.06236	8.41405	19.07435	8.41646
DRZR	05/23	13.77400	8.97698	13.78390	8.99054
DT70	08/26	33.34910	10.43770	33.35140	10.45030
DTG	09/27	41.13250	-88.44290	41.13270	-88.43440
DTG	18/36	41.13680	-88.44340	41.13140	-88.44310
DTKA	09/27	36.98120	8.85919	36.97980	8.89142
DTMB	07/25	35.75410	10.73840	35.76160	10.76960
DTNH	09/27	36.07580	10.42030	36.07560	10.45690
DTTA	01/19	36.83910	10.22380	36.86720	10.23140
DTTA	11/29	36.85430	10.21770	36.84440	10.24720
DTTB	08/26	37.24030	9.76985	37.24410	9.80333
DTTB	11/29	37.24920	9.79255	37.24530	9.80532
DTTD	02/20	32.29620	10.37720	32.31600	10.38700
DTTF	05/23	34.41350	8.81076	34.43070	8.83427
DTTG	06/24	33.72762	9.90471	33.73974	9.93377
DTTI	13/31	36.72410	9.93846	36.71860	9.94784
DTTJ	09/27	33.87500	10.76040	33.87590	10.79390
DTTR	11/29	31.70890	9.24145	31.69860	9.26727
DTTX	15/33	34.72950	10.68230	34.70640	10.69970
DTTZ	09/27	33.93960	8.08368	33.93960	8.11844
DXNG	03/21	9.75683	1.08700	9.77783	1.09550
DXXX	04/22	6.15513	1.24569	6.17634	1.26260
DZ-0016	17/35	26.40576	5.32521	26.38142	5.32560
E36	16/34	38.92510	-120.86500	38.91690	-120.86500
E53	7/25	43.84550	-83.05150	43.84700	-83.04210
E55	13/31	38.80440	-123.53300	38.79880	-123.52800
E68	06R/24L	33.08420	-112.16500	33.08610	-112.15800
E70	16/34	29.60710	-97.99060	29.59770	-97.99050
E79	12/30	36.84280	-119.87300	36.83750	-119.86600
EBAW	11/29	51.19240	4.45277	51.18780	4.47305
EBBE	04L/22R	50.74720	4.75317	50.76850	4.78083
EBBE	04R/22L	50.74690	4.75986	50.76380	4.78110
EBBL	05L/23R	51.15950	5.45302	51.17740	5.48696
EBBL	05R/23L	51.16000	5.45867	51.17390	5.48502
EBBR	01/19	50.88690	4.49142	50.91290	4.50202
EBBR	07L/25R	50.89890	4.45566	50.91260	4.50263
EBBR	07R/25L	50.88900	4.48042	50.89890	4.52330
EBBX	06/24	49.88160	5.21461	49.89290	5.24311
EBCI	06/24	50.45517	4.43671	50.46656	4.47592
EBCV	08/26	50.57480	3.82136	50.57870	3.85610
EBFN	02/20	51.08971	2.65654	51.09673	2.65893
EBFN	11/29	51.09400	2.63480	51.08650	2.67107
EBFS	08L/26R	50.24070	4.62605	50.24650	4.67261
EBFS	08R/26L	50.23630	4.63274	50.23990	4.66376
EBKT	06/24	50.81480	3.19714	50.82250	3.22018
EBLG	04L/22R	50.63130	5.43014	50.64610	5.45362
EBLG	04R/22L	50.62710	5.42792	50.64810	5.46083
EBOS	08/26	51.19660	2.85277	51.20340	2.89727
EBSL	06/24	50.94070	5.57226	50.95430	5.60885
EBST	06/24	50.78900	5.19450	50.79480	5.20884
EBSU	07/25	50.03020	5.42454	50.03970	5.45769
EBTX	06/24	50.54915	5.84964	50.55300	5.85813
EBUL	07/25	51.13990	3.45845	51.15030	3.49764
EBWE	07/25	51.38980	4.94032	51.39970	4.98007
EBZR	05/23	51.26672	4.75810	51.27148	4.76668
EBZW	03L/21R	51.01206	5.52262	51.01808	5.52872
EDAB	07/25	51.19070	14.50470	51.19640	14.53480
EDAB	07L/25R	51.19190	14.50590	51.19450	14.51960
EDAC	04/22	50.97424	12.49647	50.99113	12.51853
EDAD	09/27	51.83190	12.17680	51.83170	12.19130
EDAE	11/29	52.19950	14.57790	52.19520	14.59350
EDAH	10/28	53.88160	14.13450	53.87610	14.16830
EDAH	10L/28R	53.87998	14.14818	53.87676	14.16731
EDAH	10R/28L	53.87960	14.14210	53.87810	14.15110
EDAI	10/28	52.82758	12.53606	52.82572	12.54949
EDAK	11/29	51.31260	13.53970	51.30360	13.57020
EDAM	08/26	51.36220	11.93280	51.36380	11.94890
EDAQ	11/29	51.55410	12.04530	51.54990	12.06000
EDAU	12/30	51.29520	13.35170	51.29040	13.36390
EDAU	12R/30L	51.29839	13.34283	51.29563	13.35038
EDAV	10/28	52.82760	13.68995	52.82519	13.71250
EDAW	09L/27R	51.57828	12.48732	51.57668	12.50456
EDAW	09R/27L	51.57759	12.48716	51.57598	12.50435
EDAX	07/25	53.30360	12.73590	53.30920	12.77040
EDAY	05/23	52.57650	13.90900	52.58350	13.92240
EDAY	05R/23L	52.57590	13.90970	52.58300	13.92340
EDAZ	07/25	52.20260	13.15150	52.20500	13.16710
EDBC	07/25	51.85350	11.40020	51.85840	11.43580
EDBC	07G/25G	51.85237	11.39890	51.85394	11.41027
EDBE	10/28	52.43771	12.58776	52.43647	12.59836
EDBF	10/28	52.79448	12.75380	52.79248	12.76679
EDBH	09/27	54.33820	12.70090	54.33820	12.71930
EDBJ	02/20	50.91010	11.71150	50.92020	11.71750
EDBJ	08/26	50.91440	11.70900	50.91570	11.71740
EDBK	14/32	52.92229	12.42119	52.91502	12.43001
EDBK	14R/32L	52.92193	12.42040	52.91467	12.42922
EDBL	09/27	51.24628	11.68835	51.24593	11.69886
EDBM	09/27	52.07350	11.61920	52.07380	11.63380
EDBM	09L/27R	52.07458	11.62176	52.07479	11.63204
EDBN	09/27	53.60189	13.28876	53.60257	13.32336
EDBO	08/26	51.89927	13.04660	51.90013	13.05893
EDBO	08R/26L	51.89912	13.05237	51.89971	13.06028
EDBP	01/19	53.61241	11.56164	53.61943	11.56399
EDBP	11/29	53.61521	11.55970	53.61285	11.56612
EDBQ	07/25	51.67047	13.95405	51.67228	13.96640
EDBQ	12/30	51.67503	13.95493	51.67099	13.96627
EDBR	17/35	51.37440	14.94980	51.35190	14.95020
EDBR	17R/35L	51.37023	14.94946	51.35946	14.94997
EDBS	07/25	51.19706	11.18544	51.19970	11.19803
EDBT	07/25	51.37680	11.42900	51.38050	11.44520
EDBU	08/26	53.17900	12.17840	53.18070	12.19060
EDBV	05/23	54.33318	13.03789	54.33834	13.04868
EDBW	08/26	52.63117	13.75918	52.63191	13.77094
EDCA	09/27	53.83320	13.66160	53.83220	13.67670
EDCA	09R/27L	53.83250	13.66290	53.83170	13.67660
EDCG	09/27	54.38317	13.31774	54.38381	13.33292
EDCM	03/21	51.29310	14.12320	51.30120	14.13210
EDCM	03L/21R	51.29340	14.12230	51.30160	14.13120
EDCO	11/29	51.26990	10.62510	51.26550	10.64460
EDCP	13/31	54.16570	13.76020	54.14990	13.78520
EDCY	03/21	51.57160	14.13060	51.58610	14.14760
EDDB	06L/24R	52.36672	13.48093	52.37841	13.53021
EDDB	06R/24L	52.34544	13.46843	52.35843	13.52318
EDDC	04/22	51.12466	13.75468	51.14404	13.78135
EDDE	09/27	50.98128	10.93973	50.97834	10.97647
EDDF	07C/25C	50.03260	8.53463	50.04510	8.58698
EDDF	07L/25R	50.03710	8.49708	50.04580	8.53372
EDDF	07R/25L	50.02750	8.53417	50.04010	8.58653
EDDF	18/36	50.03415	8.52594	49.99849	8.52630
EDDG	07/25	52.13150	7.67006	52.13790	7.70002
EDDH	05/23	53.61830	9.96371	53.63710	10.00180
EDDH	15/33	53.65440	9.97521	53.62510	10.00050
EDDK	06/24	50.86010	7.12378	50.86970	7.15527
EDDK	13L/31R	50.88050	7.12908	50.85520	7.16569
EDDK	13R/31L	50.87080	7.12086	50.85850	7.13874
EDDL	05L/23R	51.28370	6.74872	51.29840	6.77965
EDDL	05R/23L	51.27960	6.75199	51.29590	6.78622
EDDM	08L/26R	48.36280	11.76760	48.36690	11.82120
EDDM	08R/26L	48.34070	11.75100	48.34480	11.80460
EDDN	10/28	49.50050	11.05920	49.49690	11.09600
EDDP	08L/26R	51.43120	12.21580	51.43360	12.26740
EDDP	08R/26L	51.41161	12.20465	51.41402	12.25625
EDDR	08/26	49.21420	7.09668	49.21500	7.12372
EDDS	07/25	48.68570	9.20013	48.69400	9.24380
EDDV	09C/27C	52.46483	9.68375	52.46451	9.69521
EDDV	09L/27R	52.46838	9.64827	52.46683	9.70415
EDDV	09R/27L	52.45500	9.67677	52.45400	9.71115
EDDW	05/23	53.04260	8.78424	53.04650	8.79240
EDDW	09/27	53.04648	8.77006	53.04737	8.80934
EDEP	15L/33R	49.62546	8.62237	49.61730	8.62964
EDEP	15R/33L	49.62566	8.62024	49.61709	8.62787
EDER	06/24	50.49766	9.94997	50.49989	9.95797
EDER	08R/26L	50.49674	9.94956	50.49798	9.95425
EDFE	08/26	49.96027	8.62964	49.96128	8.65121
EDFE	08R/26L	49.95945	8.64108	49.95986	8.65084
EDFH	03/21	49.93140	7.24688	49.96020	7.27529
EDFM	09/27	49.47300	8.50603	49.47250	8.52070
EDFM	09C/27C	49.47370	8.50932	49.47328	8.52127
EDFM	09L/27R	49.47471	8.51041	49.47452	8.52094
EDFN	03/21	50.87144	8.81196	50.87722	8.81761
EDFQ	11/29	51.03760	8.67275	51.03310	8.68897
EDFV	06/24	49.60494	8.36338	49.60817	8.37327
EDFV	06G/24G	49.60520	8.36176	49.60920	8.37290
EDFZ	07/25	49.96795	8.14113	49.97032	8.15444
EDFZ	07R/25L	49.96595	8.14240	49.96792	8.15529
EDGE	10/28	50.99420	10.46440	50.99020	10.48810
EDGS	04/22	50.70379	8.08361	50.70741	8.08806
EDGS	12G/30G	50.71136	8.07927	50.70997	8.08207
EDGS	13/31	50.71278	8.07264	50.70378	8.09076
EDGS	13G/31G	50.71418	8.07367	50.71277	8.07644
EDGS	13L/31R	50.71268	8.07529	50.70902	8.08265
EDHI	05/23	53.52492	9.81348	53.54267	9.85112
EDHK	08/26	54.37870	10.13560	54.38030	10.15480
EDHK	08L/26R	54.38100	10.14080	54.38170	10.14750
EDHL	07/25	53.80190	10.70160	53.80777	10.73194
EDJA	06/24	47.98331	10.22564	47.99536	10.25599
EDKN	10/28	51.12611	7.36503	51.12349	7.37713
EDKV	06/24	50.40340	6.52167	50.40840	6.53450
EDKZ	07/25	51.09880	7.59517	51.10190	7.61075
EDLA	05/23	51.48110	7.89502	51.48640	7.90519
EDLE	06/24	51.40020	6.92944	51.40580	6.94987
EDLF	07/25	51.33300	6.35618	51.33515	6.36364
EDLI	11/29	51.96680	8.53628	51.96280	8.55339
EDLN	13/31	51.23370	6.49779	51.22700	6.51121
EDLO	04/22	51.93045	8.65947	51.93464	8.66484
EDLO	04G/22G	51.92757	8.66017	51.93574	8.67051
EDLP	05/23	51.60870	8.60318	51.61940	8.62959
EDLR	06/24	51.68714	8.77170	51.68940	8.77843
EDLS	11/29	51.99720	6.83359	51.99450	6.84719
EDLV	09/27	51.60280	6.12454	51.60210	6.15973
EDLW	06/24	51.51470	7.60190	51.52350	7.62699
EDMA	07/25	48.42340	10.92350	48.42700	10.93990
EDMA	07R/25L	48.42180	10.93030	48.42470	10.94330
EDMB	04/22	48.10803	9.75816	48.11685	9.76996
EDMC	10/28	48.42065	9.79186	48.41883	9.80335
EDME	08/26	48.39570	12.71380	48.39630	12.72940
EDMG	05/23	48.48501	10.27890	48.48747	10.28571
EDMH	06/24	49.11200	10.78180	49.11340	10.79410
EDMI	07/25	48.23430	10.13391	48.23618	10.14291
EDMK	07/25	47.69145	10.33355	47.69323	10.34299
EDMK	17/35	47.69472	10.33722	47.68722	10.33961
EDML	06/24	48.51001	12.02786	48.51324	12.03899
EDMN	15/33	48.11350	10.52100	48.10420	10.52770
EDMO	04/22	48.07400	11.27310	48.08920	11.29380
EDMS	09/27	48.90160	12.50750	48.90010	12.52580
EDMU	10/28	48.56977	10.35451	48.56902	10.36204
EDMV	12/30	48.63790	13.18910	48.63250	13.20220
EDNE	03/21	48.33944	9.91381	48.34451	9.91782
EDNG	17/35	48.63640	10.21571	48.63222	10.21723
EDNL	05/23	47.85650	10.00900	47.86160	10.02020
EDNS	08/26	48.17878	10.69749	48.17965	10.70886
EDNV	06/24	47.94492	12.20162	47.94773	12.20844
EDNX	07/25	48.23825	11.55393	48.24010	11.56444
EDNY	06/24	47.66600	9.49789	47.67660	9.52509
EDNY	06L/24R	47.66831	9.49934	47.67263	9.51048
EDOI	12/30	52.66368	12.74074	52.65966	12.75162
EDON	08/26	52.61193	14.22496	52.61403	14.26022
EDOV	08/26	52.62780	11.80540	52.62980	11.83470
EDOV	08L/26R	52.62870	11.80960	52.62950	11.81990
EDPA	09L/27R	48.77783	10.25835	48.77812	10.27071
EDPA	09R/27L	48.77720	10.25830	48.77750	10.27080
EDPB	15/33	48.56475	9.72744	48.56042	9.73072
EDPC	16/34	47.93021	12.28546	47.92334	12.28896
EDPH	10/28	49.26800	11.00600	49.26700	11.01500
EDPJ	07/25	48.49538	9.63407	48.49826	9.64582
EDPM	09/27	48.67827	9.84197	48.67820	9.85003
EDPT	08/26	48.62026	10.05484	48.62071	10.06501
EDQA	03/21	49.91610	10.90940	49.92530	10.92000
EDQC	12/30	50.26440	10.99060	50.26050	11.00100
EDQD	06/24	49.98250	11.63390	49.98740	11.64700
EDQE	08/26	49.79340	11.12570	49.79370	11.13920
EDQE	08L/26R	49.79430	11.12830	49.79460	11.13800
EDQG	08/26	49.64645	9.95428	49.64971	9.97794
EDQI	07L/25R	49.60480	11.28050	49.60600	11.28650
EDQI	07R/25L	49.60440	11.28070	49.60560	11.28660
EDQK	09/27	50.13470	11.45430	50.13530	11.46400
EDQL	04/22	50.14560	11.04299	50.15053	11.05083
EDQM	08/26	50.28830	11.84370	50.28900	11.86440
EDQR	14/32	50.04153	10.82038	50.03788	10.82514
EDQT	11/29	50.01996	10.52299	50.01621	10.53630
EDQY	07/25	50.22940	10.99038	50.23183	11.00037
EDRB	05/23	49.93710	6.54677	49.95290	6.58160
EDRG	06/24	49.73130	7.33262	49.73350	7.34102
EDRJ	07/25	49.31146	6.66898	49.31337	6.67958
EDRK	06/24	50.32240	7.52083	50.32790	7.53489
EDRT	05/23	49.85960	6.78291	49.86710	6.79487
EDRY	16/34	49.30940	8.44990	49.29483	8.45579
EDRY	16R/34L	49.30491	8.45094	49.30073	8.45263
EDRZ	03/21	49.19804	7.39050	49.21880	7.40880
EDSA	09/27	48.24970	9.05598	48.24987	9.07020
EDSB	03/21	48.76790	8.06976	48.79080	8.09125
EDSG	12/30	48.53832	9.43037	48.53408	9.44382
EDSI	07/25	47.79652	8.71130	47.80098	8.72571
EDSL	06/24	47.84295	8.56093	47.84557	8.57022
EDSN	09/27	47.97662	8.89489	47.97664	8.91317
EDSO	07/25	48.62060	9.65191	48.62174	9.65954
EDSP	17/35	48.54890	8.94569	48.54526	8.94633
EDSP	17G/35G	48.54708	8.94645	48.54485	8.94685
EDST	06/24	48.63248	9.41751	48.63463	9.42558
EDST	12G/30G	48.62998	9.43352	48.62846	9.43667
EDST	12L/30R	48.63371	9.42595	48.63025	9.43291
EDST	12R/30L	48.63349	9.42571	48.63003	9.43267
EDSX	07/25	49.00859	9.34874	49.01017	9.35998
EDTB	03/21	48.78983	8.18351	48.79567	8.18957
EDTB	03G/21G	48.78879	8.18170	48.79097	8.18397
EDTB	03L/21R	48.79366	8.18548	48.79666	8.18879
EDTC	11/29	49.13617	8.56056	49.13411	8.56667
EDTD	18/36	47.97990	8.52196	47.96830	8.52241
EDTF	16/34	48.02790	7.82969	48.01740	7.83547
EDTG	05/23	47.89870	7.60900	47.90760	7.62667
EDTG	05R/23L	47.90050	7.61566	47.90390	7.62214
EDTL	03/21	48.35740	7.81813	48.38110	7.83732
EDTM	07/25	48.05211	9.36179	48.05537	9.38223
EDTM	07L/25R	48.05309	9.36272	48.05456	9.37189
EDTN	14/32	48.61467	9.47453	48.61057	9.48015
EDTP	01/19	47.90685	9.24975	47.91218	9.25181
EDTQ	10/28	48.86491	9.22022	48.86351	9.22913
EDTQ	10R/28L	48.86463	9.21940	48.86312	9.22899
EDTS	04/22	48.06417	8.56895	48.06780	8.57436
EDTW	14/32	48.28177	8.42552	48.27668	8.43116
EDTY	10/28	49.11940	9.77321	49.11730	9.79406
EDTY	10L/28R	49.11910	9.78173	49.11810	9.79196
EDTZ	12/30	47.68365	9.13320	47.67939	9.14489
EDUF	08/26	51.54700	13.22050	51.54890	13.23760
EDUW	17/35	53.93200	13.21610	53.91250	13.22140
EDVE	08/26	52.31840	10.54210	52.32030	10.57568
EDVK	09/27	51.42180	9.37423	51.41980	9.41008
EDVM	07/25	52.17820	9.93715	52.18150	9.95418
EDWE	07/25	53.38992	7.22015	53.39258	7.23451
EDWF	08/26	53.27060	7.43351	53.27260	7.45109
EDWH	06/24	53.06742	8.30908	53.06975	8.31609
EDWI	02/20	53.49760	8.04891	53.50990	8.05643
EDWI	16/34	53.50750	8.05125	53.50230	8.05419
EDWR	05/23	53.59270	6.70379	53.59750	6.71296
EDWR	12/30	53.59530	6.70219	53.59120	6.71338
EDWR	13/31	53.59510	6.70996	53.58910	6.72126
EDWY	08/26	53.70650	7.22272	53.70720	7.23777
EDXF	04/22	54.77060	9.37221	54.77510	9.37932
EDXF	11/29	54.77280	9.36793	54.76940	9.38593
EDXF	11L/29R	54.77550	9.37087	54.77130	9.38807
EDXJ	03/21	54.50460	9.13197	54.51530	9.14461
EDXR	03/21	54.21740	9.59662	54.22450	9.60496
EDXR	12/30	54.21950	9.59825	54.21690	9.60633
EDXW	06/24	54.90940	8.32917	54.91710	8.35199
EDXW	14/32	54.91930	8.33288	54.90390	8.35209
EEEI	06/24	59.25730	24.19190	59.26330	24.22510
EEKA	14/32	58.99650	22.82370	58.98500	22.83800
EEKE	05/23	58.22920	22.50720	58.23290	22.51880
EEKE	17/35	58.24100	22.50923	58.22311	22.50949
EEPU	03/21	58.41352	24.46568	58.42795	24.48516
EERD	08/26	58.08444	25.89194	58.08472	25.90333
EES	13L/31R	23.98150	35.44960	23.96330	35.47180
EES	13R/31L	23.98020	35.44830	23.96220	35.47040
EES	15/33	23.98880	35.45540	23.96590	35.46920
EETN	08/26	59.41334	24.80591	59.41317	24.86721
EETU	08/26	58.30721	26.67158	58.30760	26.70220
EFAA	14/32	67.60660	23.96570	67.60090	23.97910
EFAL	08/26	62.55410	23.56340	62.55530	23.57820
EFET	03/21	68.35520	23.41050	68.37000	23.43820
EFEU	11/29	61.11810	22.19300	61.11420	22.20970
EFFO	04/22	60.80190	23.64740	60.80630	23.65580
EFHA	08/26	61.85530	24.76200	61.85680	24.81130
EFHK	04L/22R	60.31290	24.90390	60.33150	24.94470
EFHK	04R/22L	60.30947	24.93234	60.33069	24.97909
EFHK	15/33	60.33030	24.96450	60.30710	24.98830
EFHM	07/25	61.68850	23.06540	61.69070	23.08200
EFHN	03/21	59.84230	23.07800	59.85430	23.09390
EFHV	04/22	60.65157	24.87535	60.65947	24.89174
EFHV	12/30	60.65725	24.87578	60.65075	24.88797
EFII	17/35	63.63350	27.12410	63.62770	27.12430
EFIK	10/28	60.46250	23.65210	60.46140	23.66030
EFIK	18/36	60.46740	23.65200	60.45900	23.65130
EFIM	01/19	61.24460	28.89980	61.25370	28.90760
EFIM	09/27	61.24990	28.88970	61.24830	28.91750
EFIT	01/19	62.15980	30.06890	62.17250	30.07840
EFIV	04/22	68.59960	27.38290	68.61490	27.42780
EFIV	08/26	68.60610	27.42330	68.60580	27.44290
EFJM	09/27	61.78160	22.70190	61.78110	22.71840
EFJM	15/33	61.77780	22.71460	61.77110	22.72160
EFJO	10/28	62.66460	29.59770	62.65680	29.64340
EFJO	17/35	62.66220	29.60760	62.65140	29.60730
EFJY	12/30	62.40760	25.66010	62.39140	25.69640
EFKA	17/35	63.13920	23.05000	63.11500	23.05290
EFKE	18/36	65.79300	24.58600	65.77080	24.57890
EFKI	07/25	64.28340	27.66700	64.28750	27.71780
EFKJ	07/25	62.46170	22.38100	62.46530	22.40210
EFKK	01/19	63.70780	23.13820	63.72990	23.14750
EFKK	11/29	63.72360	23.13010	63.72120	23.14310
EFKM	17/35	66.71930	27.15520	66.70650	27.15840
EFKO	05/23	64.22570	23.81600	64.23150	23.83680
EFKS	12/30	65.99480	29.21970	65.98000	29.25990
EFKT	16/34	67.71190	24.83980	67.69010	24.85390
EFKU	15/33	63.01810	27.78760	62.99490	27.80910
EFKY	16/34	60.57820	26.89270	60.57080	26.89650
EFLA	07/25	61.14220	25.68350	61.14620	25.70400
EFLA	12/30	61.14960	25.69080	61.14670	25.69800
EFLA	18/36	61.14970	25.69190	61.14480	25.69090
EFLL	04/22	63.39900	27.47870	63.40100	27.48260
EFLN	11/29	63.51400	29.62090	63.50990	29.63740
EFLP	06/24	61.04010	28.12310	61.04900	28.16570
EFMA	03/21	60.11440	19.89140	60.13000	19.90490
EFME	04/22	62.94300	23.51030	62.95040	23.52750
EFMI	11/29	61.68970	27.18680	61.68380	27.21650
EFNS	05/23	60.51900	24.82930	60.52100	24.83650
EFNU	04/22	60.32640	24.28230	60.33480	24.29600
EFNU	09/27	60.33390	24.28910	60.33310	24.30350
EFOU	12/30	64.93580	25.33190	64.92430	25.37720
EFPI	12/30	61.24870	22.18440	61.24330	22.19970
EFPI	17/35	61.25060	22.19180	61.24100	22.19480
EFPO	12/30	61.46810	21.78130	61.45580	21.81710
EFPO	17/35	61.46400	21.79850	61.45680	21.80010
EFPR	15/33	60.48410	26.59050	60.48410	26.59050
EFPU	08/26	65.40220	26.94690	65.40260	26.99000
EFPY	15/33	63.73190	25.92630	63.72350	25.93490
EFRA	18/36	63.43140	28.12630	63.42030	28.12390
EFRH	10/28	64.68940	24.68580	64.68670	24.70580
EFRN	18/36	62.06970	28.35810	62.06130	28.35490
EFRO	03/21	66.55410	25.81000	66.57550	25.85090
EFRY	08R/26L	60.74270	24.10880	60.74400	24.12730
EFRY	12L/30R	60.74690	24.10900	60.73970	24.12710
EFSA	12/30	61.94910	28.92730	61.93700	28.96290
EFSE	04/22	61.05970	26.78820	61.06730	26.80300
EFSE	12/30	61.06700	26.78890	61.05900	26.80700
EFSI	14/32	62.69711	22.82189	62.68417	22.84892
EFSO	16/34	67.40150	26.61470	67.38850	26.62360
EFTO	09/27	60.07910	24.16860	60.07920	24.17500
EFTP	06/24	61.40890	23.58160	61.41940	23.62720
EFTU	08/26	60.51310	22.24010	60.51510	22.28550
EFUT	07/25	60.89450	26.92030	60.89830	26.95640
EFVA	16/34	63.06210	21.75450	63.03920	21.76990
EFVR	14/32	62.18030	27.85410	62.16630	27.87790
EFVT	08/26	63.39670	24.02370	63.39870	24.03770
EFYL	15/33	64.06050	24.71600	64.04830	24.72890
EG74	06/24	52.47990	-1.14948	52.49400	-1.11185
EGAA	07/25	54.65230	-6.23524	54.66280	-6.19618
EGAA	17/35	54.65790	-6.22862	54.64260	-6.21999
EGAB	14/32	54.40250	-7.65734	54.39419	-7.64521
EGAC	04/22	54.61140	-5.88072	54.62490	-5.86443
EGAE	08/26	55.04040	-7.17505	55.04520	-7.14733
EGAH	08/26	-75.59720	-26.27880	-75.59540	-26.24300
EGAR	18/36	-67.56383	-68.12334	-67.57117	-68.13084
EGBB	15/33	52.46560	-1.76111	52.44296	-1.73589
EGBG	04/22	52.60360	-1.02972	52.60720	-1.02556
EGBG	06/24	52.60530	-1.03083	52.60690	-1.02722
EGBG	10/28	52.60810	-1.03861	52.60720	-1.02528
EGBG	15/33	52.60780	-1.03389	52.60390	-1.03000
EGBG	16/34	52.60750	-1.03278	52.60430	-1.02986
EGBJ	03/21	51.88860	-2.16813	51.89590	-2.16008
EGBJ	08/26	51.89360	-2.17722	51.89470	-2.15669
EGBN	03/21	52.91670	-1.07944	52.92310	-1.07361
EGBN	09/27	52.92100	-1.08583	52.92100	-1.07300
EGBO	04/22	52.51610	-2.26611	52.52110	-2.26056
EGBO	10/28	52.51730	-2.26736	52.51630	-2.25568
EGBO	16/34	52.52240	-2.26323	52.51260	-2.25621
EGBP	08/26	51.66660	-2.07108	51.66960	-2.04243
EGBS	08/26	52.24118	-2.88731	52.24214	-2.87516
EGBT	09G/27G	52.04018	-1.10102	52.04042	-1.08996
EGBW	05/23	52.18720	-1.61778	52.19100	-1.61139
EGBW	18/36	52.19640	-1.61500	52.18810	-1.61389
EGCC	05L/23R	53.34510	-2.29274	53.36240	-2.25714
EGCC	05R/23L	53.33200	-2.31066	53.34910	-2.27499
EGCK	02/20	53.09950	-4.34238	53.10880	-4.33873
EGCK	07/25	53.10060	-4.34333	53.10330	-4.33006
EGCW	04/22	52.62480	-3.15776	52.63220	-3.14900
EGDC	10/28	51.08710	-4.16351	51.08720	-4.13735
EGDM	05/23	51.14410	-1.76861	51.16200	-1.73452
EGDM	17/35	51.16160	-1.73369	51.14480	-1.72733
EGDO	05/23	49.99070	-5.23700	50.00430	-5.21967
EGDR	06/24	50.08520	-5.26347	50.08950	-5.25049
EGDR	11/29	50.08860	-5.26591	50.08220	-5.24235
EGDR	18/36	50.09000	-5.25187	50.08050	-5.25147
EGDX	07/25	51.40280	-3.44601	51.40760	-3.42092
EGDY	04/22	51.00370	-2.64419	51.01420	-2.63162
EGDY	08/26	51.00700	-2.66172	51.00950	-2.62904
EGEC	11/29	55.43805	-5.69076	55.43454	-5.66933
EGEO	01/19	56.45810	-5.40087	56.46939	-5.39886
EGFA	08/26	52.11400	-4.56336	52.11660	-4.55053
EGFD	05/23	52.80580	-4.13391	52.81360	-4.11925
EGFD	15/33	52.81540	-4.13550	52.80530	-4.12622
EGFD	17/35	52.81530	-4.13028	52.79500	-4.12426
EGFE	03/21	51.82710	-4.96664	51.83900	-4.95568
EGFE	09/27	51.83390	-4.97028	51.83420	-4.95528
EGFF	12/30	51.40150	-3.35868	51.39180	-3.32799
EGFH	04/22	51.59990	-4.07421	51.61010	-4.06215
EGFH	10/28	51.60120	-4.07626	51.60040	-4.06397
EGGD	09/27	51.38210	-2.73350	51.38320	-2.70467
EGGP	09/27	53.33285	-2.86688	53.33442	-2.83265
EGGW	07/25	51.87200	-0.38355	51.87720	-0.35333
EGHC	07/25	50.10147	-5.67862	50.10388	-5.67066
EGHC	16/34	50.10513	-5.67209	50.09943	-5.66855
EGHE	09/27	49.91330	-6.29542	49.91350	-6.28844
EGHE	14/32	49.91530	-6.29453	49.91120	-6.28907
EGHF	05/23	50.81286	-1.21111	50.81940	-1.20071
EGHH	08/26	50.77750	-1.85793	50.78270	-1.82679
EGHI	02/20	50.94300	-1.36088	50.95760	-1.35274
EGHL	09/27	51.18700	-1.04643	51.18820	-1.02079
EGHQ	12/30	50.44700	-5.01203	50.43450	-4.97876
EGJA	03/21	49.70400	-2.21500	49.70800	-2.21200
EGJA	08/26	49.70600	-2.22085	49.70740	-2.20884
EGJA	13/31	49.70890	-2.22134	49.70440	-2.21394
EGJB	09/27	49.43470	-2.61204	49.43520	-2.59190
EGJJ	08/26	49.20700	-2.20693	49.20890	-2.18368
EGKA	02/20	50.83200	-0.29953	50.83990	-0.29459
EGKA	06/24	50.83260	-0.30029	50.83620	-0.28893
EGKA	13/31	50.83830	-0.29452	50.83620	-0.28974
EGKB	03/21	51.32360	0.02706	51.33830	0.03805
EGKK	08L/26R	51.14689	-0.21260	51.15183	-0.17680
EGKK	08R/26L	51.14510	-0.21235	51.15149	-0.16599
EGKR	07L/25R	51.21356	-0.14325	51.21521	-0.13383
EGKR	07R/25L	51.21252	-0.14486	51.21466	-0.13248
EGKR	18/36	51.21760	-0.14067	51.21131	-0.14084
EGLC	09/27	51.50558	0.04433	51.50489	0.06603
EGLF	06/24	51.27060	-0.79204	51.28080	-0.76116
EGLJ	18/36	51.68330	-1.07709	51.67190	-1.07644
EGLK	07/25	51.32210	-0.85662	51.32570	-0.83838
EGLL	09L/27R	51.47749	-0.48944	51.47768	-0.43323
EGLL	09R/27L	51.46478	-0.48681	51.46496	-0.43405
EGLM	03/21	51.49570	-0.76801	51.50400	-0.76860
EGLM	07L/25R	51.49860	-0.78166	51.50270	-0.76801
EGLM	07R/25L	51.49835	-0.78144	51.50141	-0.77110
EGLM	11/29	51.49970	-0.77975	51.49700	-0.76801
EGMA	07/25	52.07587	0.05599	52.07854	0.06530
EGMC	05/23	51.56720	0.68627	51.57560	0.70500
EGMD	03/21	50.95050	0.93336	50.96160	0.94467
EGNC	01/19	54.93546	-2.81133	54.94226	-2.81110
EGNC	06/24	54.93420	-2.81862	54.94050	-2.80001
EGNE	02/20	53.27335	-0.95700	53.28811	-0.94553
EGNE	14/32	53.28190	-0.96667	53.27610	-0.95861
EGNH	10/28	53.77220	-3.04269	53.77090	-3.01444
EGNH	13/31	53.77450	-3.04373	53.76860	-3.03074
EGNJ	02/20	53.56530	-0.35706	53.58360	-0.34444
EGNJ	08/26	53.57580	-0.35347	53.57710	-0.33769
EGNL	05/23	54.12390	-3.26611	54.13000	-3.25417
EGNL	17/35	54.13310	-3.26929	54.12430	-3.26557
EGNM	14/32	53.87340	-1.67207	53.85840	-1.64907
EGNO	07/25	53.74140	-2.90128	53.74840	-2.86651
EGNR	04/22	53.17120	-2.98764	53.18500	-2.96763
EGNS	03/21	54.07778	-4.63171	54.08730	-4.62312
EGNS	08/26	54.08139	-4.63895	54.08535	-4.60738
EGNT	07/25	55.03350	-1.70634	55.04230	-1.67327
EGNV	05/23	54.50220	-1.44243	54.51620	-1.41638
EGNX	09/27	52.83060	-1.34957	52.83140	-1.30667
EGOE	05/23	52.87070	-2.53603	52.87690	-2.52656
EGOE	10/28	52.87350	-2.54017	52.87230	-2.52682
EGOQ	04/22	53.25390	-4.38096	53.26510	-4.36662
EGOS	04/22	52.79270	-2.67668	52.80150	-2.66231
EGOS	18/36	52.80180	-2.66798	52.78540	-2.66793
EGOV	01/19	53.24360	-4.54056	53.25810	-4.53789
EGOV	13/31	53.25380	-4.54620	53.24050	-4.52025
EGOW	03/21	53.57530	-3.06383	53.58820	-3.05133
EGOW	08/26	53.57750	-3.06816	53.57910	-3.05226
EGPA	09/27	58.95770	-2.91292	58.95830	-2.88783
EGPA	14/32	58.96050	-2.90922	58.95660	-2.90303
EGPB	06H/24H	59.87480	-1.29047	59.87770	-1.28268
EGPB	09/27	59.88080	-1.30526	59.88200	-1.28433
EGPB	15/33	59.88190	-1.30049	59.87160	-1.28530
EGPC	13/31	58.46370	-3.10547	58.45380	-3.08043
EGPD	16/34	57.20950	-2.20341	57.19430	-2.19216
EGPE	05/23	57.53700	-4.05951	57.54800	-4.03557
EGPE	11/29	57.54460	-4.05987	57.54250	-4.04881
EGPF	05/23	55.86350	-4.44906	55.87990	-4.41831
EGPG	07/25	55.97355	-3.98169	55.97576	-3.96917
EGPH	06/24	55.94400	-3.39014	55.95590	-3.35506
EGPI	07/25	55.68245	-6.25875	55.68416	-6.25019
EGPI	12/30	55.68633	-6.26827	55.68051	-6.25108
EGPK	02/20	55.48840	-4.58741	55.50340	-4.57576
EGPK	12/30	55.51640	-4.61476	55.50240	-4.57448
EGPL	06/24	57.47640	-7.37528	57.48580	-7.35007
EGPL	17/35	57.48690	-7.36575	57.47620	-7.36118
EGPN	09/27	56.45250	-3.03718	56.45240	-3.01448
EGPO	06/24	58.21210	-6.33581	58.21650	-6.32105
EGPO	18/36	58.22540	-6.33294	58.20580	-6.32920
EGPU	05/23	56.49500	-6.87719	56.50360	-6.86052
EGPU	11/29	56.50280	-6.87944	56.50030	-6.86667
EGPU	17/35	56.50750	-6.87750	56.50220	-6.87556
EGQL	08/26	56.37300	-2.88171	56.37640	-2.84025
EGQS	05/23	57.69800	-3.35342	57.71600	-3.32131
EGQS	10/28	57.70730	-3.34384	57.70540	-3.31301
EGSC	05/23	52.19930	0.16406	52.21070	0.18601
EGSF	10/28	52.46860	-0.25833	52.46780	-0.24389
EGSG	03L/21R	51.64872	0.15112	51.65609	0.15946
EGSG	03R/21L	51.64852	0.15155	51.65631	0.16040
EGSG	10/28	51.65614	0.15117	51.65519	0.16139
EGSH	09/27	52.67580	1.26905	52.67600	1.29627
EGSS	04/22	51.87508	0.21993	51.89517	0.25005
EGSU	06/24	52.08690	0.12361	52.09360	0.14222
EGSU	06L/24R	52.08940	0.12528	52.09360	0.13639
EGSX	02/20	51.71389	0.15084	51.73006	0.15815
EGTB	06/24	51.61023	-0.81288	51.61327	-0.80353
EGTB	06G/24G	51.60993	-0.81113	51.61256	-0.80305
EGTC	03/21	52.06520	-0.62360	52.07900	-0.60980
EGTE	08/26	50.73207	-3.42802	50.73647	-3.39994
EGTF	06/24	51.34609	-0.56365	51.34996	-0.55380
EGTK	01/19	51.83005	-1.32206	51.84336	-1.31801
EGTP	05/23	50.32750	-5.18437	50.33360	-5.17518
EGTP	09/27	50.32890	-5.18591	50.32930	-5.17540
EGTR	08/26	51.65532	-0.33044	51.65635	-0.32122
EGTU	04/22	50.85620	-3.23800	50.86280	-3.22900
EGTU	17/35	50.86440	-3.23500	50.85860	-3.23333
EGUB	01/19	51.60690	-1.09765	51.62310	-1.09407
EGUL	05/23	52.40250	0.54438	52.41640	0.57765
EGUN	10/28	52.36430	0.46800	52.35870	0.50817
EGUW	05/23	52.12060	0.94380	52.13430	0.96853
EGVA	09/27	51.68300	-1.81200	51.68400	-1.76800
EGVN	07/25	51.74610	-1.60413	51.75390	-1.56179
EGVO	09/27	51.23450	-0.95589	51.23380	-0.92963
EGWC	06/24	52.63770	-2.31271	52.64340	-2.29784
EGWU	07/25	51.55010	-0.43102	51.55530	-0.40817
EGXC	07/25	53.08930	-0.18556	53.09700	-0.14669
EGXE	16/34	54.30190	-1.54261	54.28320	-1.52818
EGXG	06/24	53.82960	-1.20724	53.83930	-1.18397
EGXG	16/34	53.84420	-1.20280	53.83060	-1.19251
EGXH	09/27	52.34100	0.75311	52.34470	0.79291
EGXT	07/25	52.60950	-0.49550	52.61670	-0.45667
EGXW	02/20	53.15385	-0.53200	53.17839	-0.51576
EGXY	06/24	53.01720	-0.92829	53.02460	-0.90402
EGXY	15/33	53.02730	-0.91535	53.01680	-0.90554
EGXZ	02/20	54.19770	-1.38706	54.21320	-1.37647
EGXZ	13/31	54.20920	-1.38888	54.20260	-1.37322
EGYD	01/19	53.02110	-0.48541	53.03400	-0.48233
EGYD	08/26	53.02870	-0.50570	53.03080	-0.47874
EGYD	08R/26L	53.02960	-0.49919	53.02960	-0.48849
EGYE	06/24	52.95860	-0.57186	52.96740	-0.54887
EGYE	10/28	52.96030	-0.57226	52.95770	-0.55367
EGYE	18/36	52.96500	-0.55617	52.95820	-0.55567
EGYM	01/19	52.63920	0.55573	52.65490	0.55968
EGYM	05/23	52.64120	0.53354	52.65530	0.56740
EGYP	05/23	-51.82440	-58.45110	-51.81660	-58.43300
EGYP	10/28	-51.81770	-58.47630	-51.82390	-58.44000
EHAM	04/22	52.30040	4.78348	52.31400	4.80302
EHAM	06/24	52.28790	4.73402	52.30460	4.77752
EHAM	09/27	52.31660	4.74635	52.31840	4.79689
EHAM	18C/36C	52.33140	4.74003	52.30180	4.73750
EHAM	18L/36R	52.32130	4.77996	52.29080	4.77735
EHAM	18R/36L	52.36270	4.71193	52.32860	4.70884
EHBD	03/21	51.25150	5.59765	51.26090	5.60625
EHBK	03/21	50.90180	5.76005	50.92080	5.77923
EHDL	02/20	52.04703	5.86552	52.07231	5.87848
EHDR	07/25	53.11800	6.12290	53.12030	6.13654
EHEH	03/21	51.43910	5.36213	51.46120	5.38689
EHGG	05/23	53.11108	6.56090	53.12495	6.59027
EHGR	02/20	51.55540	4.93324	51.57280	4.94209
EHGR	10/28	51.56950	4.91198	51.56520	4.95145
EHKD	03/21	52.91870	4.77534	52.92820	4.78592
EHLE	05/23	52.44482	5.49954	52.46121	5.52887
EHLW	05/23	53.21920	5.73783	53.23130	5.76733
EHLW	09/27	53.22870	5.73967	53.22850	5.76967
EHOW	06/24	53.20736	7.02781	53.21036	7.03878
EHRD	06/24	51.95210	4.42824	51.96280	4.45508
EHSE	06/24	51.55350	4.54794	51.55648	4.55890
EHTE	08/26	52.24245	6.04163	52.24324	6.05915
EHTE	08G/26G	52.24384	6.04259	52.24423	6.05668
EHTW	05/23	52.26820	6.87123	52.28350	6.90711
EHVK	06L/24R	51.65000	5.68927	51.66440	5.72637
EHVK	06R/24L	51.64840	5.69089	51.66280	5.72796
EHWO	07/25	51.44520	4.32567	51.45280	4.35850
EICK	07/25	51.84160	-8.49600	51.84700	-8.47912
EICK	16/34	51.85030	-8.49644	51.83230	-8.48579
EIDL	02/20	55.03790	-8.34508	55.05050	-8.33699
EIDW	10L/28R	53.43716	-6.28062	53.43520	-6.24496
EIDW	10R/28L	53.42243	-6.29007	53.42030	-6.25058
EIDW	16/34	53.43700	-6.26198	53.41990	-6.24959
EIKN	08/26	53.90830	-8.83565	53.91230	-8.80133
EIKY	08/26	52.17800	-9.53763	52.18380	-9.50994
EIME	04/22	53.29358	-6.45381	53.30351	-6.43945
EIME	10/28	53.30469	-6.46882	53.30162	-6.44463
EIMH	11/29	53.63838	-6.88499	53.63714	-6.87490
EINN	06/24	52.69320	-8.94352	52.71080	-8.90610
EISG	10/28	54.28118	-8.60827	54.27925	-8.59013
EIWF	03/21	52.18120	-7.09072	52.19320	-7.08320
EIWT	07/25	53.35120	-6.49207	53.35340	-6.48466
EKAH	10L/28R	56.30740	10.59780	56.30300	10.64190
EKAH	10R/28L	56.30550	10.59760	56.30120	10.64050
EKBI	09/27	55.73970	9.13244	55.74120	9.18177
EKCH	04L/22R	55.59220	12.60354	55.61654	12.64117
EKCH	04R/22L	55.60310	12.63300	55.62540	12.66760
EKCH	12/30	55.62629	12.63333	55.61252	12.67053
EKEB	08/26	55.52380	8.53349	55.52810	8.57395
EKFR	02/20	55.89699	12.24368	55.90097	12.24707
EKGH	11/29	55.94300	12.37460	55.93980	12.38990
EKHE	09/27	55.98519	12.21056	55.98454	12.21804
EKHG	09/27	56.18508	9.03119	56.18459	9.05047
EKHG	09GL/27GL	56.18622	9.03452	56.18595	9.04851
EKHG	15/33	56.18785	9.04160	56.18231	9.04671
EKHO	07/25	56.39540	8.43457	56.39840	8.45323
EKHV	10/28	55.30280	9.51556	55.30140	9.53333
EKKA	03/21	56.29833	9.10556	56.30472	9.11333
EKKA	09/27	56.29546	9.10513	56.29561	9.11892
EKKA	09L/27R	56.29910	9.07762	56.29940	9.12595
EKKA	09R/27L	56.29710	9.07733	56.29750	9.12463
EKKA	14/32	56.30280	9.11278	56.29830	9.12083
EKLS	07/25	57.27550	10.99310	57.27900	11.00710
EKMB	09/27	54.70010	11.42920	54.69880	11.44770
EKOD	06/24	55.47150	10.31530	55.47980	10.34050
EKOD	13/31	55.47690	10.33440	55.47290	10.34280
EKPB	04/22	54.86690	9.27304	54.87370	9.28500
EKRK	03/21	55.57840	12.12380	55.59000	12.13610
EKRK	11/29	55.59000	12.11560	55.58310	12.14040
EKRN	11/29	55.06690	14.74520	55.05960	14.77390
EKRS	05/23	55.42404	11.80286	55.42817	11.81189
EKSB	14/32	54.96900	9.78489	54.95670	9.80316
EKSN	08/26	57.50320	10.21940	57.50390	10.23940
EKSP	10L/28R	55.22460	9.24394	55.21740	9.28948
EKSP	10R/28L	55.22270	9.24331	55.21560	9.28832
EKSV	14/32	56.55430	9.16665	56.54610	9.17932
EKTS	10/28	57.07010	8.69224	57.06750	8.71821
EKVD	01/19	55.43110	9.32805	55.43950	9.33271
EKVD	07/25	55.43560	9.32549	55.43700	9.33632
EKVG	12/30	62.06620	-7.28761	62.06100	-7.26648
EKVH	11/29	56.84850	9.44926	56.84530	9.46796
EKVH	17/35	56.84610	9.46083	56.84140	9.46167
EKVJ	09/27	55.99040	8.34230	55.98980	8.36551
EKYT	08L/26R	57.09370	9.83338	57.09650	9.87687
EKYT	08R/26L	57.09190	9.83547	57.09460	9.87724
ELLX	06/24	49.61770	6.18746	49.63550	6.23556
ENAL	06/24	62.55592	6.08984	62.56482	6.13052
ENAN	03/21	69.28300	16.12780	69.29580	16.14990
ENAN	14/32	69.30700	16.11980	69.28790	16.15130
ENAS	12/30	78.92950	11.85530	78.92560	11.89330
ENAT	11/29	69.98240	23.34100	69.97230	23.38990
ENBL	07/25	61.39030	5.75100	61.39280	5.76833
ENBM	09/27	60.63850	6.49238	60.63920	6.51056
ENBN	03/21	65.45490	12.20540	65.46330	12.22160
ENBO	07/25	67.26530	14.31830	67.27170	14.39520
ENBR	17/35	60.30660	5.21370	60.28010	5.22258
ENBS	03/21	70.59700	29.68330	70.60350	29.70200
ENBV	06/24	70.87020	29.01980	70.87230	29.04400
ENCN	03/21	58.19670	8.07541	58.21170	8.09527
ENDU	10/28	69.05950	18.51000	69.05240	18.56780
ENEV	17/35	68.50390	16.67670	68.47870	16.67960
ENFG	15/33	61.01920	9.28357	61.00340	9.30283
ENFL	07/25	61.58090	5.00803	61.58440	5.02936
ENGM	01L/19R	60.18500	11.07370	60.21610	11.09170
ENGM	01R/19L	60.17580	11.10780	60.20120	11.12250
ENHD	13/31	59.35070	5.19754	59.33740	5.22420
ENHF	04/22	70.67738	23.65849	70.68164	23.67757
ENHK	11/29	70.48840	22.13050	70.48420	22.15320
ENHN	15/33	60.88106	11.66911	60.87242	11.68112
ENHT	09/27	65.59479	13.97875	65.59464	13.99785
ENHV	08/26	71.00970	25.97280	71.00970	25.99480
ENKB	07/25	63.10920	7.80675	63.11460	7.84231
ENKJ	12/30	59.97330	11.02390	59.96540	11.04840
ENKL	11/29	60.79185	9.04450	60.78994	9.05485
ENKR	05/23	69.72248	29.86835	69.72761	29.90696
ENLI	14/32	58.10850	6.60692	58.09090	6.64512
ENLK	03/21	68.14950	13.60500	68.15580	13.61400
ENMH	17/35	71.03350	27.82720	71.02570	27.82620
ENML	07/25	62.74270	7.24930	62.74850	7.28594
ENMS	16/34	65.78770	13.21170	65.78030	13.21810
ENNA	16/34	70.08120	24.97060	70.05640	24.97640
ENNM	07/25	64.47120	11.56880	64.47320	11.58670
ENNO	12/30	59.56950	9.20206	59.56190	9.22173
ENOL	15/33	63.70990	9.59199	63.68800	9.61601
ENOP	07/25	62.64880	9.83893	62.65170	9.85608
ENOV	06/24	62.17710	6.06312	62.18130	6.07895
ENRA	13/31	66.36650	14.29580	66.36100	14.30750
ENRI	10/28	61.54598	10.05699	61.54477	10.07056
ENRM	04/22	64.83430	11.13750	64.83970	11.14870
ENRO	13/31	62.58470	11.33310	62.57360	11.35630
ENRS	02/20	67.52246	12.09586	67.53058	12.10742
ENRY	12/30	59.38370	10.76620	59.37390	10.80460
ENSB	09/27	78.24880	15.41800	78.24330	15.51630
ENSD	08/26	61.82980	6.10033	61.83050	6.11633
ENSG	06/24	61.15350	7.12833	61.15770	7.14300
ENSH	36/18	68.23900	14.66650	68.24620	14.67070
ENSK	08/26	68.58080	15.01120	68.58070	15.03150
ENSN	01/19	59.17880	9.56524	59.19120	9.56891
ENSO	14/32	59.79630	5.33469	59.78750	5.34701
ENSR	14/32	69.79040	20.95450	69.78330	20.96440
ENSS	15/33	70.36000	31.04080	70.35030	31.04940
ENST	02/20	65.95243	12.46396	65.96389	12.47696
ENTC	18/36	69.69378	18.92590	69.67237	18.91162
ENTO	17/35	59.19895	10.25833	59.17372	10.25891
ENVA	09/27	63.45770	10.88940	63.45760	10.94650
ENVD	07/25	70.06500	29.83370	70.06550	29.85770
ENZV	10/28	58.88180	5.60479	58.87560	5.64559
ENZV	18/36	58.89500	5.63729	58.86940	5.63805
EPAR	16/34	49.66180	22.51140	49.65140	22.51510
EPBC	10R/28L	52.27050	20.89790	52.26790	20.91650
EPBY	08/26	53.09520	17.95920	53.09840	17.99620
EPCE	07/25	54.41340	17.74460	54.41870	17.78200
EPDE	12/30	51.55687	21.87661	51.54543	21.90744
EPGD	11/29	54.38110	18.45200	54.37130	18.49170
EPKK	07/25	50.07540	19.76810	50.08020	19.80290
EPKM	05L/23R	50.23490	19.02820	50.24140	19.04010
EPKN	11/29	50.53320	18.07000	50.52520	18.09990
EPKS	12/30	52.33700	16.95020	52.32650	16.98270
EPKT	08/26	50.47610	19.05960	50.47600	19.10460
EPLB	07/25	51.23760	22.69580	51.24270	22.73110
EPLK	10/28	51.55502	19.16187	51.54696	19.20314
EPLL	07/25	51.71622	19.37219	51.72367	19.40632
EPLU	13L/31R	51.42590	16.19070	51.42010	16.20160
EPLY	10/28	52.00766	19.12626	52.00233	19.16163
EPMB	07/25	54.02443	19.11690	54.02868	19.15435
EPMI	12/30	53.40141	16.06740	53.38866	16.09813
EPML	08L/26R	50.32222	21.46222	50.32222	21.46222
EPML	08R/26L	50.32230	21.44410	50.32220	21.47910
EPML	17/35	50.32670	21.45310	50.32080	21.45300
EPMM	09/27	52.19550	21.63760	52.19540	21.67430
EPMO	08/26	52.44950	20.63360	52.45270	20.67000
EPMY	15/33	52.94500	15.02667	52.93750	15.03305
EPNT	12/30	49.46623	20.04239	49.45822	20.06205
EPOK	08/26	54.58720	18.52140	54.58750	18.53030
EPOK	13/31	54.58780	18.50380	54.57160	18.53060
EPPI	03/21	53.16060	16.70030	53.17820	16.72100
EPPO	10/28	52.42490	16.80610	52.41820	16.84100
EPPR	09/27	54.24857	18.66570	54.24683	18.68331
EPPW	10L/28R	52.38600	17.82850	52.37860	17.86670
EPPW	10R/28L	52.38380	17.82740	52.37440	17.87680
EPRA	07/25	51.38651	21.19772	51.39231	21.23244
EPRU	08/26	50.88360	19.18920	50.88580	19.21730
EPRZ	09/27	50.11020	22.00150	50.10960	22.04630
EPRZ	09ES/27ES	50.10440	22.04260	50.10560	22.05400
EPSC	13/31	53.59210	14.88790	53.57740	14.91650
EPSD	09/27L	53.39103	14.62451	53.39039	14.64025
EPSN	11/29	53.79470	15.80860	53.78660	15.84390
EPSY	01/19	53.47120	20.93170	53.48830	20.94130
EPTM	11/29	51.58840	20.08440	51.58070	20.11050
EPTO	10/28	53.03050	18.53780	53.02780	18.55480
EPTO	10L/28R	53.03080	18.54440	53.02890	18.55670
EPWA	11/29	52.17150	20.94670	52.16100	20.98390
EPWA	15/33	52.17860	20.95590	52.14940	20.98140
EPWR	11/29	51.10880	16.86580	51.09900	16.89800
EPZG	06/24	52.13370	15.78200	52.14330	15.81510
ES-0006	16/34	42.10350	-6.52930	42.09380	-6.52360
ES-0072	17/35	42.46480	-8.34120	42.46010	-8.33930
ES-0098	01/19	41.79811	2.11169	41.80232	2.11249
ESCF	01/19	58.38670	15.51600	58.40560	15.52790
ESCF	08/26	58.40160	15.51560	58.40360	15.54740
ESCM	03/21	59.89310	17.58330	59.90740	17.60190
ESCM	08/26	59.89480	17.57000	59.89950	17.60460
ESDF	01/19	56.25690	15.26250	56.27760	15.26820
ESFR	18/36	58.50700	13.05460	58.48920	13.05190
ESGG	03/21	57.64950	12.26770	57.67610	12.29190
ESGJ	01/19	57.74820	14.06300	57.76700	14.07450
ESGJ	11/29	57.75360	14.06890	57.75140	14.07810
ESGK	04/22	58.16480	13.58190	58.17480	13.59380
ESGL	06/24	58.46130	13.15930	58.46970	13.18950
ESGP	01/19	57.76590	11.86880	57.78410	11.87180
ESGR	01/19	58.44890	13.96860	58.46390	13.97670
ESGT	15/33	58.32420	12.33660	58.31150	12.35290
ESIA	06/24	58.50920	14.48970	58.51850	14.52450
ESIB	01/19	58.41820	12.70970	58.43840	12.71280
ESIB	11/29	58.43310	12.69470	58.42660	12.72540
ESKA	05/23	60.12743	18.09172	60.13231	18.10384
ESKC	03/21	59.91772	17.53295	59.92262	17.53862
ESKC	08/26	59.92296	17.53066	59.92412	17.53932
ESKC	14/32	59.92322	17.53035	59.92004	17.53489
ESKK	03/21	59.33960	14.49100	59.35210	14.50080
ESKM	16/34	60.96560	14.50600	60.95020	14.51680
ESKN	08/26	58.78670	16.88040	58.78980	16.92980
ESKN	16/34	58.80140	16.90410	58.78400	16.91510
ESKS	15/33	61.17412	12.82125	61.15539	12.84682
ESKV	01/19	59.67070	12.63870	59.68100	12.64010
ESMG	01/19	56.94530	13.91880	56.95520	13.92430
ESMK	01/19	55.91180	14.08330	55.93160	14.08770
ESML	12L/30R	55.94760	12.86370	55.94320	12.87860
ESML	12R/30L	55.94700	12.86110	55.94190	12.87770
ESMO	01/19	57.34210	16.49660	57.35560	16.49880
ESMP	04/22	57.26040	13.59510	57.26790	13.60380
ESMQ	05/23	56.68060	16.27760	56.68460	16.28570
ESMQ	16/34	56.69680	16.27670	56.68050	16.29230
ESMS	11/29	55.52310	13.35980	55.52130	13.37200
ESMS	17/35	55.54810	13.37380	55.52310	13.37890
ESMT	01/19	56.68100	12.81820	56.70120	12.82220
ESMV	04/22	57.28550	14.12560	57.29890	14.14880
ESMX	01/19	56.91990	14.72410	56.93830	14.73190
ESNA	14/32	63.74180	15.45180	63.73490	15.46480
ESNC	06/24	62.40660	13.73890	62.41120	13.75560
ESND	09/27	62.04730	14.40480	62.04810	14.43730
ESNG	12/30	67.13600	20.79720	67.12880	20.83210
ESNJ	14/32	66.50350	20.13410	66.48900	20.16030
ESNK	17/35	63.05750	17.76590	63.03970	17.77180
ESNL	14/32	64.55670	18.70150	64.54240	18.72660
ESNM	15/33	63.12770	14.80520	63.12230	14.81400
ESNM	18/36	63.13310	14.80280	63.12410	14.80280
ESNM	18R/36L	63.13020	14.80650	63.12230	14.80760
ESNN	16/34	62.53660	17.43730	62.51890	17.45110
ESNO	12/30	63.41400	18.97110	63.40450	19.00540
ESNP	16/34	65.40260	21.25780	65.39400	21.26390
ESNQ	03/21	67.81270	20.32030	67.83130	20.35320
ESNR	03/21	61.18600	14.70830	61.19400	14.71680
ESNR	15/33	61.19460	14.71660	61.18740	14.72420
ESNS	10/28	64.62740	21.05580	64.62210	21.09800
ESNU	14/32	63.79850	20.26930	63.78310	20.30030
ESNV	10/28	64.58060	16.81830	64.57750	16.84880
ESNX	12/30	65.59860	19.25620	65.58470	19.29880
ESNY	12/30	61.26870	17.08090	61.25430	17.11720
ESNZ	12/30	63.19880	14.47940	63.18940	14.52460
ESOE	01/19	59.21100	15.03280	59.23390	15.04200
ESOH	18/36	60.02680	13.57810	60.01330	13.57970
ESOK	03/21	59.43450	13.32780	59.45490	13.34700
ESOK	03L/21R	59.45030	13.33750	59.45480	13.34190
ESOW	01/19	59.57848	16.62925	59.60117	16.63848
ESPA	14/32	65.55480	22.09740	65.53270	22.14660
ESPE	11/29	65.87980	20.12810	65.87080	20.17170
ESQO	15/33	59.39410	15.91450	59.37900	15.93360
ESSA	01L/19R	59.63730	17.91320	59.66640	17.92380
ESSA	01R/19L	59.62640	17.95070	59.64850	17.95870
ESSA	08/26	59.65840	17.93610	59.66390	17.97920
ESSB	12/30	59.35870	17.92960	59.35010	17.95370
ESSD	14/32	60.42910	15.49990	60.41510	15.53080
ESSF	12/30	57.52960	15.80940	57.52190	15.83850
ESSL	11/29	58.40990	15.66340	58.40270	15.69710
ESSP	09/27	58.58610	16.23170	58.58580	16.26960
ESSP	11/29	58.59020	16.23600	58.58790	16.24520
ESST	16/34	60.16400	12.98600	60.15080	12.99690
ESSU	18/36	59.35950	16.70780	59.34260	16.70900
ESSV	03/21	57.65440	18.34020	57.67120	18.35220
ESSV	10/28	57.65100	18.32970	57.64900	18.34770
ESTA	14/32	56.29780	12.84420	56.28520	12.86590
ESTL	11L/29R	56.08850	13.19240	56.08150	13.22210
ESTL	11R/29L	56.08730	13.17790	56.07930	13.21140
ESUB	18/36	61.51650	16.37167	61.51023	16.37336
ESUD	15/33	64.96990	17.68510	64.95190	17.70830
ESUG	17/35	65.30774	17.97493	65.30056	17.97546
ESUK	05/23	67.76050	20.25230	67.76530	20.27000
ESUK	11/29	67.76770	20.24930	67.76520	20.27000
ESUK	17/35	67.77040	20.24860	67.75970	20.25310
ESUP	11/29	67.24953	23.05124	67.23978	23.09818
ESUR	14/32	63.49338	16.47897	63.48779	16.48719
ESUT	15/33	65.81200	15.07520	65.79930	15.09130
ESUV	04/22	65.64344	21.05514	65.64735	21.06773
ESUY	11/29	61.38731	15.82894	61.38578	15.83909
ETAD	05/23	49.96680	6.68356	49.98630	6.71346
ETAR	08/26	49.43260	7.57883	49.43640	7.62254
ETAR	09/27	49.43610	7.58092	49.43770	7.61970
ETHA	09/27	47.83550	10.86659	47.83554	10.87593
ETHB	08/26	52.27660	9.06909	52.28020	9.09533
ETHC	08/26	52.58990	10.00880	52.59250	10.03550
ETHE	08/26	52.29080	7.38333	52.29130	7.39067
ETHF	11/29	51.11680	9.27942	51.11220	9.29250
ETHL	03/21	48.22113	9.90410	48.22562	9.90863
ETHL	09/27	48.22048	9.89914	48.21974	9.92127
ETHL	09G/27G	48.21959	9.90364	48.21950	9.90634
ETHM	08/26	50.36420	7.30433	50.36780	7.32639
ETHN	07/25	49.39070	9.95150	49.39300	9.96483
ETHR	09/27	49.21720	11.09630	49.21770	11.10380
ETHS	06/24	52.91230	10.19140	52.91400	10.19720
ETHS	09/27	52.91950	10.16570	52.91920	10.20200
ETHS	09L/27R	52.91980	10.17860	52.92010	10.19380
ETIC	14/32	49.70230	11.93600	49.69510	11.94430
ETIH	09/27	49.21810	11.83170	49.21810	11.84060
ETIN	06/24	49.74150	10.19550	49.74460	10.20560
ETMN	08/26	53.76540	8.64039	53.76990	8.67661
ETND	08/26	52.58500	8.33187	52.58600	8.35016
ETNG	09/27	50.96100	6.02004	50.96070	6.06346
ETNH	08/26	54.31020	9.51974	54.31420	9.55659
ETNL	09/27	53.91961	12.26027	53.91650	12.29830
ETNN	06/24	50.82680	6.64222	50.83550	6.67400
ETNS	05/23	54.45200	9.50250	54.46670	9.53033
ETNS	07/25	54.45530	9.50250	54.46050	9.53200
ETNT	07/25	53.54570	7.64933	53.55020	7.68533
ETNW	02/20	52.44500	9.42700	52.45870	9.43833
ETNW	08/26	52.45634	9.41623	52.45900	9.44570
ETNW	08R/26L	52.45480	9.41633	52.45630	9.43217
ETOI	10/28	49.63440	11.76030	49.63250	11.77440
ETOU	07/25	50.04710	8.31103	50.05260	8.33984
ETSB	03/21	50.16400	7.05471	50.18360	7.07193
ETSH	09/27	51.76850	13.15020	51.76720	13.18520
ETSI	06L/24R	48.71670	11.51550	48.72490	11.54620
ETSI	06R/24L	48.70450	11.51870	48.71430	11.55580
ETSL	03/21	48.17590	10.85320	48.19510	10.86910
ETSN	09/27	48.71120	11.19500	48.71080	11.22820
EVGA	18/36	56.79018	24.85640	56.76790	24.85135
EVLA	06/24	56.51450	21.08180	56.52060	21.11240
EVRA	18/36	56.93510	23.97310	56.90644	23.96835
EVVA	03/21	57.35310	21.53790	57.36250	21.55040
EYKA	08/26	54.96270	24.05950	54.96515	24.11006
EYPA	01/19	55.96442	21.09031	55.98177	21.09730
EYPP	13/31	55.73610	24.45060	55.72280	24.47220
EYSA	14L/32R	55.90690	23.37940	55.88080	23.41060
EYSA	14R/32L	55.90420	23.37800	55.87970	23.40730
EYSB	10/28	56.07160	23.55030	56.06950	23.56580
EYVI	01/19	54.62370	25.27850	54.64460	25.29310
F09	17/35	34.52000	-99.43380	34.51450	-99.43380
F13	18/36	26.97220	-81.91650	26.96500	-81.91620
F25	06/24	39.45460	-121.29600	39.45580	-121.28800
F57	01/19	28.05250	-81.76370	28.06250	-81.76190
F92	17/35	35.87870	-97.95250	35.87160	-97.95240
F95	18/36	30.49080	-85.11420	30.48290	-85.11380
FA36	18/36	29.51810	-82.87480	29.50740	-82.87480
FA37	18/36	26.12280	-81.70310	26.11080	-81.70310
FA40	05/23	28.27950	-82.64970	28.28550	-82.64160
FA54	05/23	26.85080	-82.25610	26.85820	-82.24630
FAAB	01/19	-28.58290	16.53630	-28.56710	16.53030
FAAB	07/25	-28.57830	16.52470	-28.56700	16.53660
FAAB	11/29	-28.56840	16.52200	-28.56770	16.53700
FAAG	07/25	-29.28800	18.80570	-29.27560	18.82210
FAAL	10/28	-22.67970	29.04850	-22.67840	29.06250
FABB	18/36	-26.23260	28.29910	-26.24470	28.30440
FABE	08/26	-32.90340	27.26800	-32.89090	27.29030
FABL	02/20	-29.10510	26.30230	-29.08200	26.30250
FABL	12/30	-29.08960	26.28540	-29.09360	26.30750
FABM	11/29	-28.24780	28.33010	-28.24900	28.34220
FABM	13/31	-28.24480	28.32910	-28.24850	28.34160
FABO	07/25	-27.37010	26.62430	-27.36350	26.63410
FACT	01/19	-33.98770	18.60890	-33.95980	18.60000
FACT	16/34	-33.96140	18.59750	-33.97230	18.61040
FACV	09/27	-31.50250	19.71980	-31.49810	19.73200
FADK	04/22	-28.37350	32.24580	-28.36330	32.25050
FADU	18/36	-25.35700	30.18640	-25.36510	30.18880
FAEL	06/24	-33.04200	27.82020	-33.03060	27.83030
FAEL	11/29	-33.03730	27.81160	-33.03480	27.83240
FAEO	13/31	-26.49290	29.97270	-26.49830	29.98680
FAFB	08/26	-28.82630	27.90270	-28.81990	27.91510
FAGC	17/35	-25.97900	28.13590	-25.99360	28.14420
FAGG	11/29	-34.00590	22.36770	-34.00520	22.38930
FAGM	11/29	-26.24270	28.14050	-26.24240	28.15770
FAGM	17/35	-26.23540	28.14770	-26.24770	28.15360
FAGR	02/20	-32.19750	24.54030	-32.18440	24.54450
FAGR	15/33	-32.19120	24.53540	-32.19630	24.54340
FAGT	04/22	-33.29010	26.49440	-33.28020	26.49870
FAGT	12/30	-33.28570	26.49090	-33.28700	26.49980
FAGT	16/34	-33.28090	26.49370	-33.28870	26.50280
FAGY	06/24	-29.12740	30.58120	-29.11660	30.59220
FAHA	08/26	-28.08170	26.85550	-28.07630	26.86560
FAHA	15/33	-28.07460	26.85570	-28.08030	26.86340
FAHR	15/33	-28.23130	29.10180	-28.23880	29.11060
FAHV	10/28	-30.56590	25.52050	-30.56380	25.53390
FAHV	15/33	-30.55660	25.52460	-30.56230	25.53420
FAKD	05/23	-26.86930	26.71820	-26.86230	26.72290
FAKD	15/33	-26.86480	26.71680	-26.87110	26.72440
FAKD	18/36	-26.86450	26.71620	-26.87760	26.71980
FAKM	02/20	-28.82030	24.76520	-28.79310	24.76520
FAKM	10/28	-28.80510	24.75100	-28.80110	24.77540
FAKN	05/23	-25.39530	31.09650	-25.37210	31.11370
FAKR	08/26	-26.08260	27.72170	-26.07930	27.72900
FAKS	03/21	-27.66970	27.31950	-27.66170	27.32050
FAKS	07/25	-27.66530	27.30850	-27.65590	27.32300
FAKS	12/30	-27.66330	27.31150	-27.66600	27.32330
FAKU	02/20	-27.46430	23.41080	-27.44900	23.41200
FAKZ	02/20	-29.69510	17.09340	-29.68170	17.09460
FALA	07/25	-25.94830	27.91540	-25.93000	27.93750
FALC	15/33	-28.35570	23.43260	-28.36440	23.44550
FALI	06/24	-26.17490	26.18450	-26.17030	26.19040
FALI	18/36	-26.17010	26.18310	-26.18120	26.18610
FALM	10/28	-23.16000	29.67700	-23.15980	29.71610
FALM	10L/28R	-23.14250	29.69290	-23.14250	29.69790
FALO	10/28	-23.06280	29.85890	-23.06110	29.87060
FALW	02L/20R	-32.97960	18.16200	-32.95850	18.16250
FALW	02R/20L	-32.97970	18.16600	-32.95890	18.16650
FALW	07/25	-32.96830	18.15220	-32.95890	18.16380
FALW	16/34	-32.96590	18.15380	-32.97890	18.16850
FALY	11/29	-28.58170	29.74360	-28.58170	29.75590
FAMB	02/20	-25.68730	29.44190	-25.67510	29.44180
FAMB	14/32	-25.67980	29.43300	-25.68980	29.44740
FAMD	16/34	-24.81370	31.54060	-24.82250	31.54860
FAMG	05/23	-30.86300	30.34030	-30.85180	30.34570
FAMI	06/24	-24.99260	29.27980	-24.98570	29.28650
FAMJ	14/32	-27.07560	29.77220	-27.08290	29.78490
FAMM	04/22	-25.81760	25.53900	-25.77920	25.55700
FAMN	09/27	-25.47530	31.55990	-25.47210	31.57060
FAMO	10/28	-34.16050	22.04989	-34.15696	22.06152
FAMS	03/21	-25.71060	26.90700	-25.69830	26.91100
FAMU	17/35	-27.61840	32.04060	-27.63370	32.04800
FANC	11/29	-27.77050	29.96920	-27.77070	29.98450
FANY	10/28	-24.68650	28.42890	-24.68560	28.44090
FAOB	10/28	-34.55950	20.22910	-34.55470	20.25130
FAOB	17/35	-34.55440	20.25030	-34.57750	20.26950
FAOH	04/22	-33.61440	22.18700	-33.59950	22.19100
FAOR	03L/21R	-26.14630	28.23430	-26.10800	28.24630
FAOR	03R/21L	-26.16470	28.24820	-26.13520	28.25730
FAPE	08/26	-33.99300	25.60160	-33.98350	25.61990
FAPE	17/35	-33.98380	25.61640	-33.99630	25.62660
FAPG	12/30	-34.08930	23.32130	-34.09120	23.33430
FAPH	01/19	-23.94240	31.15670	-23.93010	31.15530
FAPI	08/26	-23.93110	29.47470	-23.92110	29.49410
FAPJ	09/27	-31.60800	29.51460	-31.60370	29.52490
FAPM	16/34	-29.64350	30.39370	-29.65440	30.40360
FAPN	05/23	-25.34370	27.16530	-25.32402	27.18178
FAPP	01/19	-23.86040	29.45890	-23.83730	29.45850
FAPP	05/23	-23.85880	29.44730	-23.84220	29.46130
FAPS	03/21	-26.67750	27.08030	-26.66450	27.08350
FAPS	15/33	-26.66690	27.08090	-26.67320	27.08800
FAPY	06/24	-26.89380	27.49880	-26.88490	27.50810
FAPY	11/29	-26.88640	27.50020	-26.88700	27.50740
FAQT	12/30	-31.91980	26.87590	-31.92060	26.88850
FARB	05/23	-28.74590	32.08840	-28.73620	32.09580
FARG	16/34	-25.63970	27.26750	-25.64890	27.27470
FARS	10/28	-33.81240	19.90140	-33.81000	19.91800
FARS	14/32	-33.81080	19.89880	-33.81330	19.90610
FASB	10/28	-29.69130	17.93180	-29.68740	17.94740
FASC	11/29	-26.52400	29.16470	-26.52410	29.17560
FASD	02/20	-32.97050	17.96960	-32.95760	17.96900
FASI	03/21	-26.25550	28.39520	-26.24140	28.39980
FASI	14/32	-26.24810	28.39640	-26.25040	28.40130
FASK	02/20	-25.81860	28.16360	-25.80080	28.16570
FASK	06/24	-25.81510	28.16130	-25.80350	28.17590
FASS	17/35	-27.64130	22.99520	-27.65590	23.00340
FASX	06/24	-34.05130	20.47160	-34.04740	20.47540
FASX	15/33	-34.04440	20.46820	-34.04910	20.47600
FASZ	17/35	-24.95460	31.58560	-24.96730	31.59190
FATA	11/29	-26.35160	27.96280	-26.35250	27.97340
FATF	03/21	-28.26680	22.99180	-28.25330	22.99450
FATF	07/25	-28.26320	22.98460	-28.25700	22.99340
FATF	16/34	-28.25620	22.98230	-28.26590	22.99100
FATT	04/22	-26.78300	29.33630	-26.77010	29.34120
FATZ	06/24	-23.82850	30.32380	-23.82040	30.33480
FAUL	05/23	-28.32550	31.41270	-28.31320	31.42220
FAUP	08/26	-28.40490	21.25810	-28.40120	21.26540
FAUP	17/35	-28.37990	21.25200	-28.41940	21.27440
FAUT	09/27	-31.54710	28.66850	-31.54220	28.68350
FAUT	14/32	-31.54164	28.66275	-31.55085	28.68788
FAVB	18/36	-26.97720	24.72710	-26.98760	24.73040
FAVG	05/23	-29.77430	31.05620	-29.76690	31.06060
FAVM	08/26	-22.45040	29.33060	-22.44580	29.34490
FAVR	08/26	-31.64420	18.53910	-31.63770	18.55050
FAVV	03/21	-26.57730	27.95880	-26.56300	27.96130
FAVV	15/33	-26.56330	27.95600	-26.56930	27.96530
FAWB	06/24	-25.66230	28.21560	-25.65400	28.22420
FAWB	11/29	-25.65307	28.21278	-25.65382	28.23099
FAWI	04/22	-25.83760	29.18990	-25.82700	29.19410
FAWK	01/19	-25.84410	28.22460	-25.81410	28.22000
FAWK	06/24	-25.83360	28.21870	-25.82130	28.23210
FAWM	07/25	-28.00390	26.66180	-27.99210	26.67730
FAWV	6/24	-25.31968	30.97078	-25.31569	30.97517
FAYP	02/20	-33.90740	18.49890	-33.89310	18.49770
FAZR	04/22	-25.60690	26.03790	-25.59100	26.04670
FBFT	11/29	-21.15833	27.46389	-21.16111	27.48472
FBFT	13/31	-21.15048	27.45328	-21.16452	27.47798
FBGH	08/26	-25.43590	25.40320	-25.43410	25.41400
FBJW	08/26	-24.60550	24.68350	-24.59920	24.69840
FBKE	08/26	-17.83580	25.15350	-17.82990	25.17130
FBKI	15/33	-19.61280	23.03090	-19.62060	23.03570
FBMN	08/26	-19.97620	23.42240	-19.96890	23.43980
FBMU	05/23	-22.27200	20.02590	-22.26330	20.03710
FBNX	12/30	-18.60300	22.06960	-18.60700	22.07700
FBSK	08/26	-24.56170	25.90520	-24.54880	25.93120
FBSN	11/29	-20.55170	26.10810	-20.55500	26.12340
FBSP	12/30	-22.05670	27.82030	-22.06000	27.83720
FBSW	09/27	-18.37390	21.83260	-18.37390	21.83260
FBTP	08/26	-24.22700	25.33400	-24.21520	25.36060
FBTP	08L/26R	-24.21780	25.33210	-24.20990	25.34990
FCBB	05/23	-4.25882	15.24168	-4.23964	15.26446
FCOO	09/27	-0.53283	15.94220	-0.52987	15.95800
FCOU	01/19	1.60706	16.03560	1.62504	16.04020
FCPP	17/35	-4.80462	11.88380	-4.82743	11.88940
FD22	05/23	29.66280	-81.96060	29.67100	-81.94950
FD48	18/36	30.25080	-81.44970	30.23310	-81.44970
FDMS	07/25	-26.53600	31.29700	-26.52200	31.31800
FDNS	03/21	-26.99250	31.93590	-26.98180	31.93840
FEFF	16/34	4.40983	18.51590	4.38712	18.52170
FEFT	17/35	4.22909	15.78470	4.21407	15.78810
FGMY	18/36	1.69033	11.02413	1.66321	11.02565
FGSL	04/22	3.74541	8.69991	3.76513	8.71753
FHAW	13/31	-7.96341	-14.40600	-7.97578	-14.38130
FHSH	01/19	-15.96604	-5.64577	-15.94844	-5.64619
FIMP	14/32	-20.42331	57.66919	-20.43715	57.69795
FIMR	12/30	-19.75610	63.35510	-19.75920	63.36690
FJ-0004	01/19	-18.21636	177.72457	-18.21503	177.72523
FJDG	13/31	-7.30457	72.39700	-7.32196	72.42520
FKKC	05/23	4.08468	9.35627	4.09370	9.36479
FKKD	12/30	4.01187	9.70804	4.00024	9.73098
FKKL	13/31	10.45740	14.25000	10.44540	14.26480
FKKM	04/22	5.62941	10.74500	5.64443	10.75660
FKKN	02/20	7.34599	13.55470	7.36803	13.56370
FKKR	09/27	9.33490	13.35480	9.33688	13.38540
FKKU	15/33	5.54641	10.34840	5.52743	10.36070
FKKV	17/35	6.05042	10.12090	6.02806	10.12440
FKKY	03/21	3.82784	11.51980	3.84423	11.52710
FKYS	01/19	3.70741	11.55060	3.73770	11.55590
FL34	18/36	30.64050	-86.74260	30.62670	-86.74290
FL41	09/27	26.58110	-80.76170	26.58110	-80.75030
FL59	06/24	26.63240	-81.71580	26.63610	-81.70860
FL59	14/32	26.64770	-81.71430	26.63910	-81.70640
FL60	05/23	29.96750	-81.66640	29.97720	-81.65530
FL67	09/27	27.27780	-80.59060	27.27780	-80.58140
FLKE	11/29	-12.57120	27.88790	-12.57440	27.90070
FLLC	08/26	-15.41660	28.32170	-15.41100	28.33970
FLLI	10/28	-17.82090	25.80970	-17.82230	25.83120
FLLI	15/33	-17.81210	25.81390	-17.82150	25.82240
FLLS	10/28	-15.32920	28.43430	-15.33240	28.47090
FLLS	15/33	-15.32340	28.45950	-15.32910	28.46440
FLMF	09/27	-13.26020	31.92650	-13.25760	31.94660
FLMG	09/27	-15.25510	23.15530	-15.25400	23.16930
FLND	10L/28R	-12.99730	28.65400	-12.99760	28.67730
FLND	10R/28L	-12.99870	28.65860	-12.99890	28.66980
FLSK	09/27	-12.96189	28.50011	-12.96170	28.53236
FLSO	11/29	-12.89800	28.14090	-12.90290	28.15880
FM43	13/31	-12.24930	49.24500	-12.26290	49.26340
FMCH	02/20	-11.54660	43.26960	-11.52070	43.27410
FMCI	13/31	-12.29490	43.76140	-12.30130	43.77140
FMCV	10/28	-12.13100	44.42420	-12.13200	44.43650
FMCZ	16/34	-12.80220	45.27790	-12.81670	45.28650
FMEE	12/30	-20.88600	55.50460	-20.89210	55.53470
FMEE	14/32	-20.88420	55.50420	-20.89500	55.52720
FMEP	15/33	-21.31660	55.41930	-21.32520	55.43060
FMMA	12/30	-19.02570	47.16040	-19.03230	47.18320
FMMI	11/29	-18.79480	47.46430	-18.79910	47.49330
FMMN	16/34	-19.55860	45.44810	-19.56700	45.45370
FMMS	01/19	-17.09900	49.81670	-17.08950	49.81560
FMMT	01/19	-18.11940	49.39370	-18.09960	49.39140
FMMV	10/28	-20.28490	44.31480	-20.28430	44.32910
FMMV	14/32	-20.28110	44.31170	-20.28780	44.32240
FMNA	13/31	-12.34560	49.28610	-12.35320	49.29740
FMNC	11/29	-16.16330	49.76790	-16.16450	49.77960
FMND	02/20	-14.65720	49.62000	-14.64580	49.62110
FMNE	11/29	-13.18690	48.98130	-13.19000	48.99470
FMNH	18/36	-14.99430	50.31860	-15.00460	50.32190
FMNL	11/29	-14.62870	47.75830	-14.63070	47.76930
FMNM	14/32	-15.66050	46.34420	-15.67380	46.35940
FMNN	05/23	-13.31930	48.30790	-13.30480	48.32170
FMNQ	08/26	-16.74350	44.47590	-16.74010	44.48690
FMNR	14/32	-15.43420	49.68360	-15.44140	49.69310
FMNS	16/34	-14.27390	50.17170	-14.28500	50.17780
FMNV	14/32	-13.37190	49.99830	-13.37970	50.00720
FMNW	01/19	-14.90550	47.99360	-14.89200	47.99420
FMNZ	15/33	-13.48010	48.62870	-13.48950	48.63670
FMSD	08/26	-25.04340	46.95050	-25.03510	46.96220
FMSF	08/26	-21.44420	47.10640	-21.43890	47.11700
FMSG	13/31	-22.80380	47.81570	-22.80670	47.82550
FMSK	05/23	-22.12420	48.01860	-22.11530	48.02500
FMSM	04/22	-21.20800	48.35560	-21.19550	48.36100
FMSR	04/22	-21.75900	43.37250	-21.74870	43.37850
FMST	04/22	-23.39160	43.72460	-23.37510	43.73230
FMST	11/29	-23.39140	43.72490	-23.39120	43.73270
FN18	10/28	-14.72650	15.00280	-14.72860	15.02530
FN19	08/26	-9.65707	13.24760	-9.64903	13.27370
FNBC	16/34	-6.26246	14.24360	-6.27733	14.25050
FNBG	14/32	-12.60440	13.39810	-12.61370	13.40940
FNCA	36/18	-5.60829	12.18850	-5.58569	12.18820
FNDU	03/21	-7.40768	20.81270	-7.39410	20.82430
FNGI	13/31	-17.03730	15.67000	-17.04960	15.69760
FNHU	11/29	-12.80670	15.74850	-12.81110	15.77260
FNKU	08/26	-12.40860	16.93660	-12.40070	16.95820
FNLB	16/34	-12.36530	13.53310	-12.37720	13.54010
FNLU	05/23	-8.87688	13.21390	-8.85401	13.23840
FNLU	07/25	-8.85561	13.22570	-8.84700	13.24660
FNLZ	04/22	-9.12182	18.04590	-9.11009	18.05280
FNMA	13/31	-9.51962	16.30400	-9.53055	16.32080
FNME	13/31	-14.65010	17.70550	-14.66500	17.73410
FNMO	08/26	-15.26580	12.13610	-15.25670	12.15740
FNNG	16/34	-7.74468	15.28320	-7.76434	15.29230
FNPA	07/25	-10.72460	13.76180	-10.71930	13.76930
FNSA	13/31	-9.67919	20.42000	-9.69894	20.44380
FNSO	06/24	-6.14661	12.36377	-6.13568	12.37955
FNSU	05/23	-11.17100	13.84450	-11.16480	13.85060
FNUB	10/28	-14.92512	13.56195	-14.92422	13.59118
FNUE	11/29	-11.76540	19.88700	-11.77070	19.90840
FNUG	01/19	-7.61200	15.02700	-7.59413	15.02860
FNXA	03/21	-16.76490	14.96150	-16.74590	14.96920
FNZG	08/26	-7.71900	21.35030	-7.71486	21.36610
FOGK	15/33	-1.17758	12.43740	-1.19164	12.44520
FOGM	17/35	-1.83722	11.05490	-1.85307	11.05840
FOGO	03/21	1.53572	11.57800	1.55050	11.58470
FOGQ	08/26	-0.66719	13.66670	-0.66324	13.67960
FOGR	04/22	-0.71208	10.23880	-0.69667	10.25270
FOOB	13/31	2.07992	11.48660	2.07136	11.49980
FOOG	02/20	-0.71969	8.75114	-0.70379	8.75762
FOOH	14/32	-1.56956	9.25759	-1.57990	9.26779
FOOK	06/24	0.57495	12.88400	0.58348	12.89780
FOOL	16/34	0.47081	9.40635	0.44642	9.41815
FOON	15/33	-1.64495	13.42980	-1.66736	13.44620
FPPR	18/36	1.66872	7.41050	1.65715	7.41298
FPST	11/29	0.38053	6.70242	0.37582	6.72188
FQ49	17/35	-21.16190	34.56250	-21.17060	34.56580
FQBR	12/30	-19.79360	34.89650	-19.79920	34.91860
FQCH	01/19	-19.16210	33.42800	-19.14040	33.42990
FQIN	06/24	-23.87870	35.40500	-23.87380	35.41070
FQIN	16/34	-23.87060	35.40480	-23.88220	35.41230
FQLC	08/26	-13.27780	35.25530	-13.27020	35.27730
FQLU	01/19	-15.03990	40.67170	-15.02630	40.67180
FQMA	05/23	-25.92490	32.57010	-25.89590	32.58780
FQMA	10/28	-25.92120	32.56640	-25.92020	32.58330
FQMD	16/34	-11.66310	39.55910	-11.68280	39.56720
FQMP	03/21	-11.37000	40.35100	-11.35360	40.35870
FQMR	15/33	-13.21890	37.54730	-13.23120	37.55680
FQNC	01/19	-14.50034	40.71128	-14.47247	40.71356
FQNP	05/23	-15.11180	39.27510	-15.09940	39.28850
FQNP	13/31	-15.10350	39.28640	-15.11040	39.29910
FQPB	17/35	-12.98560	40.52210	-13.00100	40.52760
FQQL	18/36	-17.84740	36.86830	-17.86360	36.87000
FQSG	16/34	-15.59890	32.77170	-15.60650	32.77470
FQTT	01/19	-16.11610	33.63990	-16.09350	33.64050
FQUG	16/34	-14.69710	34.34930	-14.71220	34.35550
FQVL	10/28	-22.01850	35.31060	-22.01840	35.31790
FQVL	17/35	-22.01110	35.30980	-22.02320	35.31560
FR-0158	04/22	46.87883	-0.28658	46.88212	-0.28242
FR-0158	08/26	46.87944	-0.29451	46.88100	-0.28030
FR-0158	12/30	46.88081	-0.29124	46.87782	-0.28382
FR-0182	13/31	43.45130	5.20005	43.44517	5.20920
FR-0394	13/31	44.84371	1.58512	44.84002	1.59232
FR-1003	06/24	44.53630	6.43454	44.53731	6.43654
FR-1014	15/33	44.66203	6.21154	44.65976	6.21326
FSAL	15/33	-7.00029	52.72310	-7.00927	52.72940
FSDR	12/30	-5.69456	53.65000	-5.69884	53.66170
FSFA	13/31	-10.10700	51.17280	-10.11220	51.17940
FSIA	13/31	-4.66663	55.51080	-4.68213	55.53290
FSPP	15/33	-4.31385	55.68820	-4.32474	55.69470
FTTC	09/27	13.84800	20.83030	13.84690	20.85620
FTTD	04/22	8.61771	16.06680	8.63110	16.07610
FTTJ	05/23	12.12490	15.02470	12.14250	15.04320
FTTY	06/24	17.91040	19.09980	17.92370	19.12230
FV76	08/26	-19.01190	30.01990	-19.00980	30.03040
FV76	12/30	-18.99590	30.01880	-19.00340	30.03300
FV77	05/23	-16.91530	30.23750	-16.90500	30.24740
FVBU	02/20	-20.01520	28.61820	-20.00310	28.61990
FVBU	13/31	-20.01620	28.61520	-20.02620	28.63760
FVCN	09/27	-16.73460	31.11690	-16.73360	31.12710
FVCP	06/24	-17.75520	30.91950	-17.74890	30.92860
FVCP	14/32	-17.74890	30.92150	-17.75440	30.92810
FVCZ	14/32	-21.00300	31.57200	-21.01320	31.58510
FVDA	09/27	-17.00550	30.89170	-17.00430	30.90050
FVFA	12/30	-18.09081	25.81806	-18.10319	25.85356
FVHA	05/23	-17.94683	31.07714	-17.91670	31.10861
FVKB	09/27	-16.52080	28.87730	-16.51880	28.89270
FVMD	10/28	-16.76850	31.55470	-16.77000	31.56500
FVMT	09/27	-17.43240	32.17930	-17.43140	32.18970
FVMU	12/30	-18.99580	32.62310	-18.99920	32.63140
FVMV	10/28	-20.05560	30.85120	-20.05520	30.86260
FVMV	17/35	-20.05480	30.85890	-20.06960	30.86400
FVOT	11/29	-16.98400	32.66760	-16.98570	32.67770
FVSH	16/34	-20.28510	30.08490	-20.29390	30.09160
FVTL	13L/31R	-19.43120	29.85040	-19.44160	29.87340
FVWN	08/26	-18.63760	27.00080	-18.62210	27.04130
FWCL	10/28	-15.67730	34.95870	-15.67980	34.98020
FWCL	15/33	-15.67120	34.96740	-15.68080	34.97550
FWKA	14/32	-9.94931	33.88910	-9.95783	33.89700
FWKG	08/26	-13.01610	33.46330	-13.01320	33.47390
FWKI	14/32	-13.77910	33.76840	-13.79960	33.79360
FWLE	09/27	-13.96700	33.69570	-13.96500	33.70800
FWSU	15/33	-16.26436	34.87431	-16.27384	34.88055
FWUU	17/35	-11.43920	34.00980	-11.45040	34.01370
FWZA	09/27	-15.38630	35.37880	-15.38440	35.39020
FXMM	04/22	-29.46950	27.55020	-29.44170	27.55890
FXMM	11/29	-29.46270	27.54660	-29.46200	27.55690
FXMU	04/22	-29.30980	27.50090	-29.29830	27.50610
FXMU	11/29	-29.30620	27.50140	-29.30580	27.50630
FYAA	09/27	-27.99310	17.59100	-27.99310	17.60620
FYAK	14/32	-28.45000	17.45630	-28.46720	17.47270
FYAR	10/28	-22.46360	14.97080	-22.46090	14.98920
FYEN	09/27	-17.48510	16.31400	-17.48100	16.32990
FYGF	08/26	-19.60480	18.11580	-19.59260	18.14730
FYGF	17/35	-19.59690	18.12040	-19.60570	18.12420
FYKM	09/27	-17.63620	24.16600	-17.63270	24.18730
FYKT	04/22	-26.54980	18.10830	-26.52990	18.11460
FYKT	18/36	-26.53190	18.10910	-26.54360	18.11510
FYLZ	04/22	-26.69170	15.24140	-26.67580	15.24680
FYLZ	12/30	-26.68730	15.24200	-26.68900	15.25400
FYMG	02/20	-22.02480	17.36270	-22.01050	17.36830
FYML	01/19	-24.61210	17.92680	-24.59440	17.92310
FYML	12/30	-24.60400	17.91340	-24.60600	17.92780
FYOA	08/26	-17.88380	15.93980	-17.87260	15.96540
FYOA	16/34	-17.87000	15.94060	-17.88040	15.94730
FYOG	02/20	-28.59190	16.44670	-28.57750	16.44670
FYOS	17/35	-17.78410	15.69220	-17.79590	15.69440
FYRC	11/29	-17.42060	14.37190	-17.42060	14.39230
FYRC	16/34	-17.41960	14.37070	-17.43080	14.38090
FYRU	08/26	-17.96120	19.70440	-17.95180	19.73450
FYTF	10/28	-20.54290	14.35170	-20.54600	14.37060
FYTM	12/30	-19.25980	17.72560	-19.26400	17.73940
FYVF	01/19	-23.43329	18.26904	-23.41997	18.27029
FYVF	08/26	-23.43408	18.26943	-23.42889	18.28704
FYWB	09/27	-22.98420	14.63120	-22.97460	14.66310
FYWE	01/19	-22.61520	17.08070	-22.59520	17.07730
FYWE	09/27	-22.61350	17.07490	-22.61130	17.08420
FYWH	08/26	-22.48980	17.44950	-22.47140	17.48940
FYWH	16/34	-22.47770	17.46900	-22.48840	17.47830
FZAA	06/24	-4.39693	15.42708	-4.37740	15.45741
FZAB	08/26	-4.32915	15.32040	-4.32417	15.33460
FZAG	04/22	-5.93676	12.34860	-5.92495	12.35490
FZAR	08/26	-5.42270	14.81210	-5.41940	14.82170
FZBO	11/29	-3.30959	17.37570	-3.31305	17.38760
FZCA	06/24	-5.04069	18.78050	-5.03084	18.79080
FZEA	18/36	0.03247	18.28760	0.01273	18.28990
FZFD	07/25	4.24890	20.96150	4.25752	20.98910
FZFK	11/29	3.23731	19.76250	3.23343	19.78000
FZFP	05/23	4.15182	21.66060	4.16346	21.67460
FZGA	05/23	2.16404	21.48960	2.17727	21.50420
FZIA	10/28	0.51868	25.14520	0.51625	25.16490
FZIC	13/31	0.49067	25.32510	0.47262	25.35080
FZJH	13/31	2.83488	27.57960	2.82033	27.59690
FZKA	09/27	1.56665	30.21240	1.56479	30.22900
FZKJ	07/25	2.81557	24.78470	2.82113	24.80270
FZMA	17/35	-2.30033	28.80640	-2.31763	28.81120
FZNA	17/35	-1.65286	29.23666	-1.67945	29.23925
FZOA	18/36	-2.90924	25.91470	-2.92912	25.91610
FZQA	07/25	-11.59710	27.51730	-11.58540	27.54450
FZQM	11/29	-10.76440	25.49790	-10.76740	25.51360
FZRF	06/24	-5.87974	29.24260	-5.87135	29.25600
FZSA	13L/31R	-8.63347	25.25630	-8.64606	25.27740
FZSA	13R/31L	-8.63799	25.22840	-8.65058	25.24950
FZUA	11/29	-5.89704	22.45970	-5.90304	22.47860
FZWA	16/34	-6.11271	23.56610	-6.12976	23.57190
GA14	09/27	31.40310	-84.33170	31.40310	-84.31390
GA2	13/31	33.18350	-84.37800	33.18350	-84.37800
GA62	18L/36R	33.25920	-84.40030	33.25100	-84.40030
GA62	18R/36L	33.25920	-84.40000	33.25100	-84.40000
GABS	06/24	12.52680	-7.96035	12.54030	-7.93954
GAGO	07/25	16.24320	-0.01582	16.25370	0.00490
GAKL	09/27	18.43523	1.41534	18.43491	1.42932
GAKY	09/27	14.48010	-11.41180	14.48240	-11.39700
GAMB	05/23	14.50500	-4.08823	14.52050	-4.07088
GASK	08/26	11.32542	-5.69733	11.33154	-5.68472
GASO	08/26	11.59560	-5.80664	11.60040	-5.79279
GATB	07/25	16.72690	-3.01675	16.73400	-2.99841
GATS	05L/23R	20.23510	0.96875	20.25090	0.98586
GATS	15/33	20.24960	0.97895	20.24000	0.98413
GB-0002	08/26	54.68601	-1.46416	54.68746	-1.45284
GB-0030	01/19	52.88547	-0.90185	52.89786	-0.90099
GB-0030	07/25	52.89296	-0.91026	52.89794	-0.89514
GB-0150	09/27	55.87259	-5.92465	55.87277	-5.91856
GB-0179	04/22	54.22878	-0.97741	54.23712	-0.96761
GB-0248	05/23	53.95018	-1.17893	53.95406	-1.17147
GB-0425	09/27	52.93800	0.76814	52.93800	0.77634
GB-0615	04/22	51.86624	-0.55085	51.87131	-0.54383
GB-1209	05/23	53.94272	-1.19316	53.94752	-1.18403
GB-1209	17/35	53.95293	-1.18882	53.94176	-1.18542
GB-1222	08G/26G	52.35497	-0.12416	52.35587	-0.11255
GB-1222	08H/28H	52.35454	-0.11829	52.35502	-0.11221
GB-1280	02/20	50.79920	-0.66178	50.80354	-0.65651
GBYD	14/32	13.34860	-16.66480	13.32740	-16.63960
GCFV	01/19	28.43287	-13.86440	28.46356	-13.86339
GCGM	09/27	28.02860	-17.22210	28.03070	-17.20710
GCHI	16/34	27.81980	-17.89000	27.80980	-17.88410
GCLA	36/18	28.61660	-17.75540	28.63640	-17.75580
GCLP	03L/21R	27.91890	-15.39230	27.94490	-15.38080
GCLP	03R/21L	27.91820	-15.39040	27.94420	-15.37880
GCRR	03/21	28.93580	-13.61080	28.95510	-13.59960
GCTS	07/25	28.03920	-16.58760	28.04970	-16.55730
GCXO	12/30	28.48775	-16.35691	28.47770	-16.32659
GE99	05/23	34.91000	-83.46620	34.91890	-83.45320
GEML	15/33	35.28590	-2.96118	35.27490	-2.95224
GF-0001	09/27	5.17477	-52.69906	5.17688	-52.68930
GF-0003	01/19	4.81381	-53.28966	4.81914	-53.28940
GFLL	12/30	8.62069	-13.20940	8.61220	-13.18160
GG64	14/32	11.53940	-14.76630	11.53180	-14.75830
GGCF	06/24	11.28240	-15.18720	11.29340	-15.17380
GGOV	03/21	11.88120	-15.65840	11.90850	-15.64900
GL-0012	11/29	60.76622	-46.08852	60.76587	-46.06099
GLMR	05/23	6.28254	-10.76390	6.29521	-10.75330
GLRB	04/22	6.22083	-10.37010	6.24675	-10.35450
GMAA	10/28	30.38310	-9.56137	30.37960	-9.53122
GMAD	09/27	30.32303	-9.42816	30.32224	-9.39489
GMAT	03/21	28.44020	-11.16610	28.45620	-11.15660
GMFB	09/27	32.51432	-1.99961	32.51433	-1.96556
GMFF	09/27	33.92740	-4.99521	33.92730	-4.96066
GMFI	03/21	33.49670	-5.15779	33.51390	-5.14802
GMFK	13/31	31.95660	-4.41493	31.93990	-4.38698
GMFM	08/26	33.88230	-5.53026	33.88590	-5.50940
GMFM	09/27	33.87220	-5.52543	33.87500	-5.49500
GMFO	06/24	34.77990	-1.93784	34.79440	-1.91013
GMFO	13/31	34.80980	-1.95217	34.79220	-1.92750
GMMA	16/34	26.74360	-11.69190	26.71990	-11.67750
GMMB	14/32	33.66620	-7.23180	33.64460	-7.21109
GMMD	05/23	32.39395	-6.32544	32.40968	-6.30664
GMME	03/21	34.03800	-6.76139	34.06490	-6.74165
GMMH	03/21	23.70580	-15.93770	23.73080	-15.92630
GMMI	16/34	31.41012	-9.68796	31.38824	-9.67803
GMML	02/20	27.13020	-13.23540	27.15360	-13.22760
GMML	04/22	27.13580	-13.22590	27.15500	-13.21260
GMMN	17L/35R	33.38400	-7.59352	33.35180	-7.58249
GMMN	17R/35L	33.38310	-7.59743	33.35090	-7.58642
GMMW	08/26	34.98600	-3.04428	34.99160	-3.01213
GMMX	10/28	31.60840	-8.05254	31.60550	-8.01999
GMMY	03/21	34.28870	-6.59476	34.30430	-6.58831
GMMY	07/25	34.29640	-6.61196	34.30650	-6.58839
GMMZ	12/30	30.94520	-6.92344	30.93300	-6.89551
GMSL	07/25	34.22500	-6.06764	34.23630	-6.03277
GMTA	17/35	35.18850	-3.84132	35.16610	-3.83779
GMTN	07/25	35.58940	-5.32871	35.60218	-5.29598
GMTT	10/28	35.73330	-5.94031	35.73000	-5.90182
GN-0003	05/23	10.78100	-8.87320	10.78880	-8.86465
GNU	05/23	59.11600	-161.58400	59.11880	-161.57001
GO66	02/20	15.53690	-14.96030	15.55080	-14.95640
GOBD	01/19	14.65520	-17.07270	14.68680	-17.07297
GODK	02/20	12.89250	-14.97130	12.90450	-14.96490
GOGG	10/28	12.55540	-16.28890	12.55590	-16.27470
GOGS	14/32	12.40178	-16.75450	12.38891	-16.74153
GOOK	06/24	14.14230	-16.05700	14.15140	-16.04560
GOOY	18/36	14.75710	-17.48090	14.72580	-17.47670
GOSS	18/36	16.05880	-16.46230	16.04180	-16.46000
GOTB	07/25	14.84330	-12.47530	14.85120	-12.46120
GOTK	11/29	12.57420	-12.22840	12.57040	-12.21230
GOTT	06/24	13.73090	-13.66010	13.74270	-13.64610
GQNA	04/22	16.70520	-9.64190	16.71740	-9.63387
GQND	07/25	18.56690	-11.43030	18.57330	-11.41680
GQNF	07/25	16.58660	-11.41270	16.59340	-11.39970
GQNI	09/27	16.62110	-7.32639	16.62290	-7.30674
GQNK	07/25	16.15380	-13.51770	16.16530	-13.49750
GQNO	06/24	18.29479	-15.99239	18.30882	-15.97508
GQNO	16/34	18.31634	-15.97358	18.28981	-15.95735
GQNS	07/25	15.17570	-12.21350	15.18370	-12.20110
GQPA	04/22	20.49500	-13.05030	20.51860	-13.03610
GQPP	02/20	20.92230	-17.03280	20.94350	-17.02700
GQPT	01/19	25.22630	-11.58830	25.24700	-11.58910
GUCY	06/24	9.56721	-13.62330	9.58659	-13.60050
GUFA	06/24	10.34560	-13.57480	10.35530	-13.56380
GUFH	09/27	10.03420	-10.78060	10.03680	-10.75910
GULB	06/24	11.32030	-12.29390	11.33180	-12.27980
GVAC	01/19	16.72155	-22.94885	16.75107	-22.94905
GVBA	03/21	16.12820	-22.89142	16.14645	-22.88576
GVNP	03/21	14.93239	-23.48833	14.94988	-23.48107
GVSN	01/19	16.58193	-24.28370	16.59455	-24.28443
GVSV	07/25	16.82836	-25.06216	16.83907	-25.04705
GXUD	10/28	10.44870	-9.23969	10.44810	-9.21233
H07	18/36	38.78290	-89.64060	38.77560	-89.64030
H47	14/32	40.62930	-123.47100	40.62200	-123.46600
H49	03/21	38.44930	-90.23810	38.45530	-90.23400
H57	17/35	37.76160	-90.61710	37.75600	-90.61650
H80	08/26	44.36390	-83.76710	44.36550	-83.75820
HAAB	07L/25R	8.97398	38.78240	8.98339	38.81470
HAAB	07R/25L	8.97226	38.78350	8.98194	38.81670
HAAL	12/30	9.00640	38.72150	9.00096	38.73060
HAAM	03/21	6.02869	37.58370	6.05009	37.59720
HAAX	16/34	14.15690	38.76930	14.13650	38.77640
HABD	04/22	11.59860	37.31200	11.61760	37.33130
HADD	15/33	8.55914	34.85421	8.54519	34.86393
HADR	15/33	9.63576	41.84850	9.61433	41.85980
HAGM	18/36	8.14003	34.56320	8.11729	34.56340
HAGN	17/35	12.53220	37.43180	12.50760	37.43630
HAGO	04/22	5.92653	43.57170	5.94267	43.58460
HAJM	13/31	7.66928	36.80839	7.65329	36.83151
HALA	01/19	7.08796	38.39430	7.11460	38.39880
HALL	10/28	11.97620	38.96890	11.97380	38.99110
HAMK	11/29	13.47340	39.51800	13.46130	39.54890
HASM	13/31	11.79707	40.98208	11.78096	40.99813
HASO	11/29	10.02220	34.57820	10.01490	34.59430
HBBA	17/35	-3.30799	29.31600	-3.34005	29.32100
HCMC	04/22	11.49080	49.90550	11.49820	49.91220
HCME	06/24	8.10160	49.81600	8.10670	49.82400
HCMH	06/24	9.50544	44.07113	9.52437	44.09890
HCMI	05/23	10.37640	44.92730	10.40200	44.95490
HCMK	4/22	-0.38958	42.44790	-0.36512	42.47060
HCMM	05/23	2.00476	45.29301	2.02315	45.31505
HDAM	09/27	11.54750	43.14510	11.54710	43.17390
HE11	13/31	29.88070	27.93320	29.86810	27.94800
HE12	04/22	30.32650	31.43690	30.34240	31.45650
HE12	09/27	30.33030	31.43450	30.33040	31.46190
HE17	14/32	25.00520	33.49200	24.98340	33.50990
HE18	16L/34R	31.12090	25.44930	31.09470	25.45730
HE18	16R/34L	31.12040	25.44690	31.09420	25.45500
HE19	13/31	31.46390	25.27650	31.45080	25.29090
HE20	14/32	27.84320	33.51770	27.82710	33.53390
HE21	15/33	28.20480	33.20050	28.18840	33.21220
HE23	16/34	24.42800	32.95080	24.40360	32.96090
HE25	16L/34R	28.11400	30.72490	28.08920	30.73690
HE25	16R/34L	28.11360	30.72360	28.08870	30.73560
HE27	11/29	29.56010	25.57450	29.55030	25.60340
HE28	15/33	30.55010	30.54550	30.52600	30.56030
HE28	18/36	30.55750	30.56920	30.52860	30.56570
HE30	15/33	29.56320	30.88770	29.54410	30.89920
HE30	16/34	29.56660	30.89260	29.54280	30.90100
HE31	14/32	29.81710	28.54180	29.80510	28.55360
HE32	14/32	30.97520	31.42200	30.95650	31.44120
HE32	17/35	30.98140	31.43320	30.95740	31.44080
HE33	13/31	30.73780	27.01110	30.72630	27.02720
HE34	14L/32R	30.25610	32.48310	30.23890	32.50260
HE34	14R/32L	30.25500	32.48180	30.23750	32.50120
HE35	09/27	30.57000	32.07960	30.56990	32.11050
HE35	11/29	30.58040	32.08130	30.57040	32.10990
HE36	15/33	30.41650	33.14680	30.39770	33.16150
HE37	04/22	30.38820	31.58260	30.41070	31.60810
HE37	09L/27R	30.40610	31.59490	30.40480	31.61100
HE37	09R/27L	30.38850	31.58350	30.38740	31.60950
HE37	17L/35R	30.41220	31.60440	30.38540	31.61060
HE37	17R/35L	30.41310	31.60110	30.39920	31.60420
HE38	02L/20R	28.96270	31.69430	28.98910	31.70190
HE38	02R/20L	28.96230	31.69610	28.98870	31.70370
HE39	02C/20C	30.78230	32.03810	30.80810	32.04740
HE39	02L/20R	30.78270	32.03650	30.80860	32.04590
HE39	02R/20L	30.78180	32.04510	30.80760	32.05450
HE40	16L/34R	31.47950	25.87310	31.45410	25.88460
HE40	16R/34L	31.47870	25.87090	31.45340	25.88230
HE41	16L/34R	31.04180	25.84740	31.01610	25.85720
HE41	16R/34L	31.04120	25.84500	31.01540	25.85480
HE42	16/34	30.59110	31.12580	30.56690	31.13250
HE46	07/25	30.02620	32.97180	30.02840	32.97970
HEAL	13/31	30.93470	28.44760	30.91410	28.47530
HEAR	16L/34R	31.08580	33.82970	31.06070	33.84200
HEAT	13/31	27.05520	31.00030	27.03780	31.02370
HEAZ	05/23	30.08830	31.35580	30.09580	31.36470
HEAZ	18/36	30.10190	31.36000	30.08350	31.36010
HEBA	14L/32R	30.93037	29.68509	30.90592	29.70657
HEBA	14R/32L	30.92911	29.68317	30.90466	29.70465
HEBL	15/33	22.38770	31.60440	22.36420	31.61900
HEBS	01/19	29.18200	31.01630	29.21360	31.02170
HEBS	06/24	29.21130	31.00150	29.22640	31.02680
HECA	05C/23C	30.09970	31.39820	30.12330	31.42960
HECA	05L/23R	30.11970	31.38020	30.13910	31.40630
HECA	05R/23L	30.09717	31.41900	30.12067	31.45050
HECP	01L/19R	30.05647	31.82827	30.08825	31.83820
HECP	01R/19L	30.03569	31.83369	30.06362	31.84242
HECP	02/20	30.03535	31.83512	30.06358	31.84690
HECW	10/28	30.11820	30.90840	30.11120	30.93620
HECW	16L/34R	30.13230	30.91090	30.10590	30.91870
HEDK	15/33	25.42120	28.99670	25.40190	29.00930
HEGN	16L/34R	27.19610	33.79580	27.16110	33.80610
HEGN	16R/34L	27.19390	33.78650	27.15900	33.79690
HEGO	16/34	27.37380	33.66580	27.35990	33.67050
HEGR	08/26	31.07050	34.13710	31.07590	34.16150
HEGS	11/29	30.82220	30.17610	30.81220	30.20390
HEGS	12/30	30.82970	30.17990	30.81510	30.20500
HEIS	13/31	30.60790	32.22160	30.58980	32.24770
HEKG	18/36	25.48940	30.59070	25.45780	30.59070
HELX	02/20	25.65860	32.70070	25.68360	32.71210
HEMA	15/33	25.56880	34.57620	25.54540	34.59120
HEMM	06/24	31.32200	27.21490	31.33550	27.24220
HEMM	15/33	31.33710	27.21370	31.31370	27.22960
HEOC	01/19	29.80320	30.82160	29.82100	30.82510
HEOW	36R/18L	22.57000	28.71410	22.60130	28.71920
HEPS	10/28	31.28230	32.22820	31.27650	32.25190
HESC	17/35	28.69460	34.06100	28.67570	34.06420
HESH	04L/22R	27.96850	34.38260	27.98890	34.40390
HESH	04R/22L	27.96570	34.38600	27.98610	34.40730
HESN	17/35	23.97950	32.81730	23.94920	32.82260
HESW	16/34	29.35320	25.50370	29.33790	25.50970
HESX	16R/34L	30.12410	30.89110	30.09230	30.90040
HETB	04L/22R	29.57540	34.76320	29.60230	34.79070
HETR	10/28	28.21230	33.63070	28.20570	33.66030
HHAS	07/25	15.28410	38.89410	15.29140	38.92100
HHAS	12/30	15.30000	38.90640	15.29190	38.92110
HHMS	07/25	15.66600	39.35450	15.67400	39.38580
HHSB	12/30	13.07980	42.63100	13.06380	42.65900
HI01	05/23	22.20640	-159.44901	22.21240	-159.44200
HJJJ	13/31	4.87902	31.59290	4.86500	31.60940
HKEL	08/26	0.40091	35.22130	0.40711	35.25210
HKJK	06/24	-1.32759	36.91640	-1.30571	36.94630
HKKG	07/25	0.27046	34.78270	0.27222	34.79190
HKKI	06/24	-0.09572	34.71080	-0.08159	34.73690
HKKT	04/22	0.96691	34.95440	0.97706	34.96270
HKKU	05/23	-1.37535	37.97470	-1.37023	37.98150
HKLK	09/27	4.20435	34.33970	4.20389	34.35670
HKLO	09L/27R	3.12180	35.60460	3.12237	35.60910
HKLO	09R/27L	3.12139	35.60420	3.12254	35.61320
HKLU	08/26	-2.25311	40.91080	-2.25076	40.91880
HKLU	15/33	-2.24634	40.91000	-2.25444	40.91410
HKMO	03/21	-4.03952	39.59170	-4.01309	39.60640
HKMO	15/33	-4.02983	39.59140	-4.04054	39.59750
HKNW	07/25	-1.32485	36.80630	-1.32030	36.81870
HKNW	14/32	-1.31888	36.81190	-1.32855	36.82190
HKRE	06/24	-1.28320	36.85310	-1.27133	36.87160
HKWJ	15/33	1.74374	40.08460	1.72273	40.09860
HL50	01/19	28.57950	19.30130	28.59320	19.30500
HL50	09/27	28.58980	19.29750	28.58970	19.30380
HL53	13/31	32.49750	13.28590	32.49200	13.29420
HL54	18/36	31.74730	13.95450	31.73110	13.95340
HL56	01L/19R	21.67440	21.82740	21.70450	21.83260
HL56	01R/19L	21.67570	21.83010	21.69630	21.83360
HL57	06/24	24.18010	14.52190	24.18720	14.53530
HL57	13/31	24.18830	14.53010	24.16710	14.55760
HL58	14/32	30.76900	20.18850	30.76120	20.19430
HL59	15/33	32.01260	21.18220	31.98440	21.20130
HL60	15/33	32.53050	20.87170	32.52010	20.87840
HL64	15/33	31.97960	20.02440	31.97170	20.02940
HL66	13/31	27.25030	14.64350	27.22980	14.66900
HL68	14/32	32.46500	23.10730	32.44080	23.12980
HL69	14/32	29.21270	15.98750	29.18340	16.01490
HL70	14/32	27.27030	21.60670	27.24520	21.62960
HL71	13/31	26.33650	13.41610	26.32830	13.42800
HL72	11/29	29.14260	16.15070	29.13550	16.16960
HL77	10L/28R	32.47650	11.88100	32.47300	11.91480
HL77	10R/28L	32.47400	11.88060	32.47040	11.91480
HL78	07/25	30.70310	12.47570	30.70710	12.49370
HL78	17/35	30.71240	12.48140	30.69150	12.48660
HL79	06/24	25.34800	16.79370	25.36550	16.82620
HL80	13/31	30.64940	18.31280	30.63650	18.32880
HL81	09/27	29.53100	12.93160	29.53130	12.95600
HL81	18/36	29.53900	12.94360	29.51980	12.94400
HL82	08/26	28.96600	17.58840	28.96750	17.59830
HL82	18/36	28.97040	17.58820	28.95350	17.58810
HL83	13/31	31.71510	14.89460	31.69520	14.92860
HL84	17/35	27.98540	22.35500	27.96600	22.35970
HLAM	08/26	29.47760	21.11450	29.47810	21.12530
HLAM	13/31	29.48470	21.11580	29.47430	21.12910
HLAM	14/32	29.47820	21.12020	29.47110	21.12670
HLBD	17/35	28.51350	19.00120	28.49310	19.00440
HLFL	16/34	28.80470	22.07810	28.78600	22.08380
HLGD	13/31	31.06780	16.58980	31.04510	16.61690
HLGD	18/36	31.07510	16.59490	31.04270	16.59530
HLGL	09/27	28.63850	21.43800	28.63850	21.44830
HLGL	18/36	28.63930	21.43780	28.62120	21.43790
HLGT	06/24	25.14360	10.13880	25.15250	10.15620
HLGT	17/35	25.15160	10.14170	25.11940	10.14700
HLKF	02L/20R	24.16320	23.30820	24.19500	23.31760
HLKF	02R/20L	24.16260	23.31040	24.19440	23.31980
HLLB	15L/33R	32.11160	20.26150	32.08350	20.28020
HLLB	15R/33L	32.11020	20.25870	32.08210	20.27740
HLLM	10/28	32.89578	13.27036	32.88783	13.30494
HLLQ	03/21	32.78060	21.95890	32.79540	21.96880
HLLQ	10/28	32.79450	21.93410	32.78730	21.97160
HLLS	13/31	27.00450	14.45140	26.98250	14.47800
HLMB	15/33	30.38650	19.57010	30.36980	19.58280
HLMS	15/33	32.33800	15.05083	32.31267	15.07117
HLNF	12/30	30.50490	18.51710	30.49820	18.53090
HLNF	18/36	30.51190	18.52730	30.49460	18.52760
HLNR	15/33	29.22450	21.58370	29.20180	21.60100
HLON	13/31	29.11540	15.95870	29.10480	15.97250
HLRA	12/30	29.47830	17.92630	29.46680	17.94350
HLSA	16/34	27.67210	22.50610	27.65270	22.51110
HLTD	01/19	30.13590	9.71236	30.15360	9.71539
HLTD	06/24	30.13860	9.68733	30.15360	9.72047
HLTQ	02/20	31.84930	23.89380	31.87490	23.90470
HLTQ	09/27	31.85460	23.89040	31.85530	23.92210
HLTQ	15/33	31.87360	23.90360	31.85040	23.91990
HLWA	17/35	28.32290	19.92680	28.31260	19.92900
HLWA	18/36	28.33190	19.92990	28.31290	19.93020
HLZA	05/23	28.58780	17.29880	28.59620	17.30910
HLZA	12/30	28.59450	17.28420	28.58530	17.30350
HLZG	15/33	29.01300	20.78090	28.99940	20.79130
HLZU	06/24	30.86490	20.06650	30.87340	20.08100
HLZU	17/35	30.88060	20.07300	30.86520	20.07670
HLZW	06/24	32.94820	12.00710	32.95640	12.02380
HR-0034	13/31	44.56500	15.76050	44.55020	15.78820
HR-0047	02/20	45.99271	17.20338	45.99767	17.20643
HRYG	01/19	-1.68173	29.25810	-1.67268	29.25960
HRYR	10/28	-1.96590	30.12390	-1.97135	30.15500
HRZA	02/20	-2.46875	28.90600	-2.45573	28.90990
HSDB	18/36	18.02040	30.95970	18.00780	30.95940
HSDN	17/35	19.16740	30.42880	19.14040	30.43140
HSDZ	17/35	11.79700	34.33470	11.77480	34.33860
HSFS	05/23	13.60670	25.31400	13.62340	25.33560
HSFS	18/36	13.62270	25.33550	13.60900	25.33460
HSKA	02/20	15.37540	36.32380	15.39640	36.33250
HSLI	06/24	11.13270	29.69070	11.14330	29.71150
HSMN	02/20	18.42642	31.83609	18.45975	31.85118
HSNN	04/22	12.04320	24.94700	12.06370	24.96530
HSOB	01/19	13.13980	30.23070	13.16650	30.23480
HSPN	16/34	19.44460	37.23150	19.42260	37.23670
HSSK	18/36	15.60300	32.55300	15.57600	32.55330
HSSM	04/22	9.55250	31.64590	9.56544	31.65860
HTAR	09/27	-3.36632	36.61826	-3.36699	36.63325
HTBU	13/31	-1.32677	31.81404	-1.33400	31.82419
HTDA	05/23	-6.88286	39.19780	-6.86372	39.21700
HTDA	14/32	-6.87359	39.19790	-6.88001	39.20430
HTDO	10/28	-6.17020	35.74370	-6.17067	35.76140
HTIR	02/20	-7.67592	35.75040	-7.66135	35.75380
HTKJ	09/27	-3.43016	37.05830	-3.42875	37.09070
HTLM	12/30	-3.37364	35.81340	-3.37897	35.82310
HTMT	01/19	-10.34920	40.18110	-10.32890	40.18250
HTMT	08/26	-10.33690	40.17730	-10.33510	40.18780
HTMW	12/30	-2.43823	32.92010	-2.45074	32.94520
HTPE	02/20	-5.26365	39.80880	-5.25088	39.81400
HTTG	06/24	-5.09507	39.06610	-5.08964	39.07620
HTZA	18/36	-6.21098	39.22380	-6.23307	39.22600
HU-0002	17/35	46.55087	18.94249	46.54450	18.94313
HU-0036	13/31	48.31880	21.58490	48.31300	21.59550
HU-0040	14/32	46.37228	19.47373	46.36841	19.47882
HUAJ	09/27	3.33938	31.75960	3.33908	31.76980
HUEN	12/30	0.05123	32.43910	0.03981	32.45790
HUEN	17/35	0.05560	32.43590	0.02291	32.44110
HUGU	17/35	2.81897	32.26710	2.79214	32.27650
HUMA	11/29	-0.55370	30.59320	-0.55680	30.60520
HUSO	05/23	1.72244	33.61630	1.73294	33.62930
I19	07/25	39.68820	-83.99910	39.69380	-83.98490
I27	17/35	42.84950	-91.38280	42.84490	-91.38160
I42	02/20	38.58120	-86.46640	38.58940	-86.46260
I44	04/22	39.76220	-84.34650	39.76800	-84.33950
I61	02/20	39.88390	-85.16660	39.89420	-85.16170
I62	09/27	39.86240	-84.43770	39.86270	-84.42880
I72	18/36	40.05340	-86.16030	40.04510	-86.16040
I80	09/27	40.00350	-85.97090	40.00350	-85.95810
I91	09/27	38.04270	-87.32000	38.04210	-87.31310
I99	09/27	40.23260	-85.64220	40.23240	-85.63290
IA24	SE/NW	41.75890	-91.73280	41.75110	-91.72280
ID-0157	15/33	-2.32875	138.74843	-2.33216	138.74945
ID-0273	15/33	1.10559	127.70100	1.09819	127.70500
ID-0277	14/32	-7.73736	111.93820	-7.76177	111.95542
ID-0280	07D/29A	-4.39590	139.02890	-4.39490	139.03140
ID-0339	16/34	-3.36219	135.49400	-3.37418	135.49800
ID-0340	16/34	-0.86585	100.34900	-0.88413	100.35500
ID-0341	08/26	0.06279	111.46800	0.06445	111.47900
ID-AHI	13/31	-7.53770	139.10695	-7.54350	139.11455
ID-RKI	14/32	-2.08873	99.69424	-2.09973	99.70315
ID40	12/30	43.42070	-116.71000	43.41490	-116.70300
ID74	10/28	44.53790	-115.36700	44.53790	-115.36700
ID92	05/23	43.72640	-116.53000	43.73110	-116.51600
II51	05/23	41.48230	-85.59670	41.48720	-85.58890
IL57	18/36	40.42507	-89.02097	40.42014	-89.02087
IN-0023	04/22	21.61680	71.22160	21.62590	71.23090
IN-0065	08/26	20.81205	77.01274	20.81632	77.72992
IN-0107	09/27	16.00164	73.51794	16.00345	73.54123
IN-0177	05/23	23.59814	72.37051	23.60417	72.37741
IN-0276	08/26	18.98240	73.04790	18.98684	73.08270
IN-0363	09/27	20.92700	74.73110	20.92600	74.74310
IN-0364	08/26	24.49340	72.77600	24.49510	72.78710
IN-0382	09/27	19.96400	73.80110	19.96350	73.81420
IN-0392	10/28	28.18347	77.59244	28.17631	77.63130
IN-VA38	13/31	24.90010	72.83910	24.89010	72.85270
IN-VA51	10/28	23.59060	74.30660	23.58870	74.31880
IN01	18/36	39.48950	-86.14860	39.48270	-86.14870
IN30	18/36	38.40580	-87.59940	38.39860	-87.59940
IR-0124	06/24	35.38100	53.65440	35.39780	53.68840
IR-OI24	06/24	37.24440	55.09070	37.24780	55.10110
IS-0003	15/33	64.00364	-16.94599	63.99971	-16.93723
IS-0003	17/35	64.00357	-16.94610	63.99550	-16.93613
IT-0048	15/33	45.02676	7.96491	45.02101	7.96854
IT-0062	06/21	44.43307	7.62964	44.43539	7.63471
IT-0177	13/31	40.43570	16.54790	40.42860	16.55970
IT-0216	11/29	42.30146	13.51537	42.29979	13.52226
IT-0382	14/32	39.89650	18.18840	39.89310	18.19240
IT-0385	06/24	41.14560	14.33680	41.14650	14.34090
JP-0090	03/21	34.62291	132.79530	34.62520	132.79671
JP-3600	18/36	30.78350	130.27299	30.77810	130.27299
K00C	01/19	37.19680	-107.87200	37.20960	-107.86600
K00F	10/28	45.47500	-105.46200	45.47010	-105.44600
K00M	16/34	31.95750	-89.23690	31.94990	-89.23360
K00R	12/30	30.68920	-95.02240	30.68260	-95.01350
K00V	08/26	38.94590	-104.57000	38.94580	-104.56300
K00V	15/33	38.95350	-104.57500	38.93800	-104.56800
K01G	04/22	42.73990	-78.05140	42.74400	-78.04870
K01G	10/28	42.74180	-78.05690	42.74170	-78.04380
K01M	17/35	34.49700	-88.20280	34.48640	-88.19940
K02A	08/26	32.84940	-86.61780	32.85160	-86.60500
K02C	03/21	43.08460	-88.18000	43.09370	-88.17570
K02C	09/27	43.09080	-88.17980	43.09080	-88.17510
K02C	18/36	43.08990	-88.18060	43.08680	-88.18060
K02G	07/25	40.67100	-80.64690	40.67570	-80.63590
K03B	07/25	37.12610	-92.62580	37.12760	-92.61610
K03D	12/30	40.44960	-92.23200	40.44480	-92.22190
K04A	04/22	31.73140	-86.26730	31.74120	-86.25770
K04G	02/20	41.12640	-80.62110	41.13450	-80.61810
K04M	15/33	33.93380	-89.34560	33.92640	-89.34010
K04Y	16/34	46.88820	-96.35240	46.87940	-96.34810
K05C	08/26	41.51870	-87.40830	41.52100	-87.39070
K05D	12/30	47.96980	-102.48300	47.96440	-102.47300
K05U	17/35	39.60970	-116.00300	39.58970	-116.00700
K06A	13/31	32.46480	-85.68630	32.45620	-85.67370
K06C	11/29	41.99070	-88.10800	41.98760	-88.09450
K06D	07/25	48.88330	-99.62450	48.88430	-99.61470
K06D	14/32	48.88990	-99.62660	48.87970	-99.61690
K06M	14/32	33.53810	-89.31970	33.53120	-89.31430
K06U	15/33	41.98390	-114.66100	41.96780	-114.65500
K07	09/27	37.93590	-91.81880	37.93540	-91.80830
K07A	14/32	32.17000	-85.81370	32.16240	-85.80590
K07F	14/32	32.53320	-94.97530	32.52600	-94.96880
K07F	17/35	32.53090	-94.97130	32.52460	-94.97120
K07R	15/33	27.61430	-97.75400	27.60630	-97.74990
K07V	06/24	37.52200	-105.01900	37.52560	-105.00000
K08A	09/27	32.52940	-86.33310	32.52950	-86.32330
K08A	18/36	32.52910	-86.33380	32.52190	-86.33400
K08C	14/32	42.94010	-85.80990	42.93350	-85.79950
K08D	9/27	48.30250	-102.41400	48.29910	-102.39900
K08K	14/32	40.65670	-98.08110	40.64760	-98.07330
K08K	17/35	40.65570	-98.08250	40.64540	-98.08240
K08M	17/35	32.76430	-89.53140	32.75610	-89.53040
K09A	11/29	32.12170	-88.13340	32.11690	-88.12150
K09J	18/36	31.07960	-81.42840	31.06940	-81.42720
K09K	16/34	41.64100	-99.34160	41.63290	-99.33920
K09M	18/36	33.99570	-90.07550	33.98740	-90.07520
K09R	16/34	30.78050	-94.46040	30.76990	-94.45670
K0A3	06/24	35.98230	-85.81520	35.98830	-85.80350
K0A4	04/22	36.36030	-82.31190	36.36690	-82.30580
K0A7	15/33	35.31090	-82.43640	35.30410	-82.43020
K0A8	10/28	32.93750	-87.09740	32.93610	-87.08370
K0A9	06/24	36.36790	-82.17990	36.37450	-82.16690
K0B1	14/32	44.42820	-70.81580	44.42210	-70.80400
K0B4	03/21	42.59990	-97.25770	42.60440	-97.25250
K0B4	13/31	42.60780	-97.25720	42.59930	-97.24800
K0B5	16/34	42.59470	-72.52620	42.58810	-72.51940
K0B8	07/25	41.25130	-72.03470	41.25320	-72.02870
K0B8	12/30	41.25320	-72.03570	41.25120	-72.02760
K0C0	09/27	42.40050	-88.64120	42.40050	-88.62790
K0C0	14/32	42.40720	-88.63240	42.40070	-88.62820
K0C0	18/36	42.40730	-88.63150	42.40020	-88.63150
K0C4	15/33	42.11830	-96.73060	42.10940	-96.72500
K0D8	04/22	44.98550	-99.95900	44.99000	-99.95070
K0D8	13/31	44.99090	-99.95670	44.98120	-99.94650
K0E0	08/26	34.98560	-106.02200	34.98560	-105.99700
K0E8	18/36	35.72560	-108.20000	35.70970	-108.20300
K0F2	17/35	33.60660	-97.77610	33.59670	-97.77500
K0F4	04/22	41.28470	-98.99350	41.28840	-98.98770
K0F4	16/34	41.29148	-98.99141	41.28111	-98.98793
K0F7	18/36	35.39270	-95.59910	35.38460	-95.60090
K0F9	17/35	34.20280	-96.67440	34.19420	-96.67450
K0G3	15/33	40.40540	-96.17270	40.39650	-96.16820
K0G6	07/25	41.46490	-84.51490	41.46970	-84.49870
K0G7	01/19	42.87790	-76.78160	42.88830	-76.78270
K0G7	10/28	42.88450	-76.78230	42.88410	-76.77540
K0H1	17/35	39.00990	-99.89380	38.99900	-99.89200
K0I8	11/29	38.36760	-84.28980	38.36470	-84.27690
K0J4	04/22	31.03900	-86.31460	31.04600	-86.30840
K0J6	09/27	31.36390	-85.31910	31.36360	-85.30310
K0J6	17/35	31.36880	-85.31550	31.36090	-85.31460
K0J9	17/35	40.87190	-97.35520	40.86380	-97.35330
K0K7	12/30	42.73690	-94.25120	42.73280	-94.23970
K0L7	02L/20R	35.76340	-115.33400	35.77410	-115.32600
K0L7	02R/20L	35.76340	-115.33300	35.77200	-115.32600
K0L9	06/24	36.31000	-114.46900	36.31170	-114.45800
K0M0	18/36	33.89160	-91.53430	33.87790	-91.53480
K0M2	01/19	36.47060	-89.34690	36.48000	-89.34530
K0M3	02/20	35.54070	-87.59940	35.55120	-87.59530
K0M4	04/22	36.00390	-88.12960	36.01520	-88.11990
K0M5	03/21	36.11190	-87.74160	36.12130	-87.73470
K0M8	17/35	32.82970	-91.18810	32.82230	-91.18730
K0M9	18/36	32.41470	-91.49920	32.40670	-91.49830
K0O2	15/33	35.28970	-116.08300	35.28110	-116.08100
K0Q5	12/30	40.03110	-124.07800	40.02420	-124.07000
K0R0	05/23	31.29340	-89.81860	31.30060	-89.80710
K0R1	18/36	31.02300	-87.44680	31.00940	-87.44670
K0R3	16/34	29.98210	-92.08710	29.96940	-92.08140
K0R4	14/32	31.56600	-91.50990	31.55790	-91.50290
K0R5	9/27	31.96360	-92.66510	31.96370	-92.65540
K0R6	02/20	33.51700	-92.46270	33.52820	-92.45780
K0S0	05/23	46.97490	-118.59300	46.97880	-118.58100
K0S7	15/33	48.96430	-119.41400	48.95360	-119.41000
K0S9	09/27	48.05480	-122.81700	48.05280	-122.80500
K0V3	05/23	40.51540	-98.94710	40.51720	-98.94310
K0V3	16/34	40.51960	-98.94750	40.50920	-98.94420
K0V4	06/24	37.13860	-79.02160	37.14490	-79.01120
K0V7	05/23	36.71090	-110.24300	36.71890	-110.22100
K0VG	07/25	36.65070	-83.22520	36.65750	-83.21050
K0W3	01/19	39.56435	-76.20385	39.57399	-76.20437
K10C	09/27	42.40170	-88.38140	42.40200	-88.37100
K10C	18/36	42.40710	-88.37390	42.40130	-88.37360
K10G	09/27	40.53690	-81.96060	40.53740	-81.94810
K10U	02/20	41.94560	-116.19500	41.96060	-116.18000
K11A	09/27	31.88410	-85.49260	31.88250	-85.47720
K11R	16/34	30.22650	-96.37560	30.21150	-96.37300
K11V	08/26	40.32770	-104.61700	40.32710	-104.60200
K11V	14/32	40.33400	-104.61800	40.32760	-104.61500
K12D	08/26	47.81730	-92.29300	47.81830	-92.27920
K12G	03/21	40.87220	-82.69980	40.87690	-82.69690
K12G	18/36	40.87620	-82.69690	40.86750	-82.69670
K12J	06/24	31.05000	-87.07580	31.05640	-87.06120
K12J	12/30	31.05160	-87.07290	31.04450	-87.05900
K12J	18/36	31.05690	-87.06270	31.04560	-87.06270
K12K	14/32	40.05050	-98.06390	40.04220	-98.05630
K12K	18/36	40.05100	-98.06280	40.04290	-98.06480
K12N	03/21	41.00610	-74.73930	41.01120	-74.73670
K12V	07/25	38.43870	-82.20550	38.44290	-82.19640
K12Y	13/31	44.44390	-93.92000	44.43800	-93.91190
K13C	09/27	43.45200	-85.27140	43.45220	-85.25820
K13K	08/26	37.85310	-96.29580	37.85310	-96.28860
K13K	18/36	37.85540	-96.29030	37.84590	-96.29250
K14A	14/32	35.61700	-80.90350	35.61070	-80.89580
K14F	16/34	32.85440	-100.13900	32.84580	-100.13700
K14G	09/27	41.33420	-83.16740	41.33420	-83.15240
K14J	01/19	31.40600	-86.09160	31.41410	-86.08900
K14M	08/26	33.18200	-90.83550	33.18330	-90.82580
K14Y	16/34	45.90260	-94.87520	45.89460	-94.87260
K15F	18/36	33.19610	-99.71710	33.18680	-99.71860
K15J	05/23	31.13070	-83.46090	31.14000	-83.44910
K15J	15/33	31.14380	-83.45600	31.13480	-83.44870
K15M	18/36	34.77880	-88.16550	34.76800	-88.16620
K16D	12/30	46.61460	-95.61230	46.60730	-95.59990
K16G	06/24	41.09100	-83.21860	41.09710	-83.20650
K16J	13/31	31.74740	-84.42470	31.73920	-84.41390
K17	17/35	37.59120	-100.47000	37.58020	-100.47000
K17G	04/22	40.77710	-82.97880	40.78580	-82.97060
K17G	09/27	40.78140	-82.98020	40.78210	-82.96970
K17J	1/19	30.99894	-84.87802	31.01407	-84.87726
K17K	04/22	36.77050	-102.51600	36.77810	-102.50500
K17M	18/36	31.86700	-89.80060	31.85850	-89.80060
K17N	09/27	39.70420	-75.03900	39.70680	-75.02700
K17V	08/26	40.62500	-102.60300	40.62500	-102.58900
K17V	17/35	40.62500	-102.60300	40.62060	-102.60300
K18A	08/26	34.33860	-83.13900	34.34160	-83.12290
K18I	04/22	36.69270	-84.39480	36.69910	-84.38840
K18V	09/27	40.10780	-104.70600	40.10690	-104.69800
K18V	15/33	40.10500	-104.70300	40.09420	-104.69900
K19A	17/35	34.18270	-83.56410	34.16950	-83.55930
K19M	01/19	33.12120	-90.02660	33.12980	-90.02450
K19N	05/23	39.77510	-74.95120	39.78180	-74.94440
K19S	08/26	37.49650	-100.83400	37.49650	-100.82600
K19S	17/35	37.50320	-100.83400	37.49080	-100.83400
K1A3	02/20	35.01150	-84.34760	35.02090	-84.34500
K1A4	05/23	31.10000	-86.06640	31.10580	-86.05830
K1A5	07/25	35.22020	-83.42600	35.22480	-83.41230
K1A6	10/28	36.61130	-83.74350	36.60990	-83.73130
K1A7	18/36	36.40200	-85.64170	36.39240	-85.64170
K1A9	09/27	32.43860	-86.52140	32.43880	-86.50390
K1B0	07/25	45.00140	-69.24190	45.00420	-69.23750
K1B0	16/34	45.00770	-69.24030	45.00140	-69.23280
K1B1	03/21	42.28410	-73.71230	42.29850	-73.70830
K1B2	03/21	41.35390	-70.53060	41.36360	-70.52640
K1B2	06/24	41.35390	-70.53030	41.35860	-70.52250
K1B2	17/35	41.36830	-70.52920	41.36190	-70.52500
K1B6	18/36	42.11070	-71.51150	42.10230	-71.50870
K1B9	04/22	41.99890	-71.20360	42.00440	-71.20000
K1B9	14/32	42.00260	-71.20200	41.99740	-71.19110
K1C1	18/36	40.45370	-88.12780	40.44430	-88.12770
K1C5	18/36	41.70060	-88.12940	41.69140	-88.12900
K1D1	07/25	45.22730	-96.57390	45.23040	-96.56060
K1D1	13/31	45.23600	-96.57020	45.22800	-96.55970
K1D3	14/32	43.40670	-98.83410	43.40110	-98.82760
K1D7	01/19	45.28760	-97.51780	45.29690	-97.51670
K1D7	12/30	45.29560	-97.51780	45.29010	-97.50570
K1D8	01/19	44.85680	-98.53330	44.86330	-98.52940
K1D8	13/31	44.86330	-98.53330	44.85620	-98.52560
K1F0	17/35	34.15390	-97.12280	34.14010	-97.12250
K1F4	18/36	34.14450	-96.81150	34.13630	-96.81260
K1F5	08/26	39.36940	-100.43500	39.36940	-100.42900
K1F5	17/35	39.37750	-100.43600	39.36560	-100.43600
K1G0	10/28	41.39180	-83.63520	41.39160	-83.61990
K1G0	18/36	41.39340	-83.63430	41.38620	-83.63420
K1G1	09/27	41.33120	-82.10580	41.33190	-82.09470
K1G3	01/19	41.14600	-81.41620	41.15680	-81.41400
K1G4	17/35	35.99040	-113.81600	35.97650	-113.81800
K1G5	01/19	41.12690	-81.76200	41.13480	-81.76180
K1G5	09/27	41.13140	-81.77380	41.13240	-81.76090
K1H0	07/25	38.72640	-90.50980	38.72980	-90.50010
K1H0	16/34	38.73160	-90.51340	38.72010	-90.50760
K1H2	01/19	39.06520	-88.53500	39.07450	-88.53350
K1H2	11/29	39.07360	-88.54130	39.06810	-88.52480
K1H3	09/27	38.47170	-91.82230	38.47130	-91.81040
K1H5	17/35	36.99440	-91.95510	36.98490	-91.95300
K1H8	04/22	39.29790	-88.00770	39.30650	-87.99880
K1H8	18/36	39.30590	-88.00560	39.30050	-88.00570
K1I5	12/30	42.36510	-74.07000	42.36340	-74.06190
K1J0	01/19	30.84040	-85.60240	30.85120	-85.60030
K1K2	01/19	34.84530	-97.58660	34.85330	-97.58410
K1K4	13/31	35.15780	-97.47370	35.15170	-97.46680
K1K4	17/35	35.15800	-97.47030	35.15300	-97.47040
K1K7	17/35	37.58700	-95.83710	37.57440	-95.83700
K1K9	03/21	37.45250	-100.98800	37.46030	-100.98200
K1L0	17/35	30.09270	-90.58350	30.08170	-90.58180
K1L1	17/35	37.79380	-114.42100	37.78120	-114.42100
K1L3	16/34	35.45110	-114.90900	35.43720	-114.90900
K1L7	13/31	37.75050	-111.57600	37.74010	-111.56500
K1L8	18/36	37.14340	-113.30500	37.13430	-113.30800
K1L9	04/22	37.85560	-112.82300	37.86330	-112.80900
K1M2	03/21	33.14170	-90.51780	33.14870	-90.51270
K1M4	18/36	34.28720	-87.60020	34.27350	-87.60070
K1M5	01/19	36.58610	-86.47860	36.59960	-86.47530
K1M9	02/20	36.81160	-87.91040	36.82400	-87.90470
K1MO	08/26	37.12000	-92.31730	37.12150	-92.30520
K1N1	09/27	35.09580	-106.17600	35.09320	-106.15900
K1N7	07/25	40.96910	-75.00240	40.97320	-74.99260
K1O1	08/26	34.24350	-98.74450	34.24350	-98.73940
K1O1	17/35	34.24370	-98.73860	34.23510	-98.73870
K1O2	10/28	38.99300	-122.90600	38.98820	-122.89500
K1O3	08/26	38.20310	-121.27600	38.20270	-121.26300
K1O3	12/30	38.20370	-121.27000	38.19970	-121.26500
K1O4	17/35	35.73860	-98.73030	35.73010	-98.73010
K1O5	05/23	41.73070	-122.55100	41.73270	-122.54300
K1O5	14/32	41.73440	-122.54700	41.72580	-122.54300
K1O8	17/35	34.46280	-99.17130	34.45440	-99.17130
K1Q2	16/34	40.65660	-120.76800	40.64400	-120.76900
K1Q4	12/30	37.68150	-121.30500	37.67410	-121.29700
K1R1	17/35	31.67260	-92.15830	31.66210	-92.15810
K1R4	01/19	31.12230	-92.50280	31.13040	-92.49980
K1R7	04/22	31.60120	-90.41530	31.61050	-90.40340
K1R8	08/26	30.86990	-87.82810	30.87090	-87.81060
K1S3	08/26	46.27190	-106.63300	46.27040	-106.61400
K1S5	07/25	46.32710	-119.97700	46.32700	-119.96400
K1S9	17/35	48.31870	-117.74200	48.30940	-117.74500
K1T7	12/30	29.81510	-98.42910	29.81030	-98.42140
K1U2	02/20	43.84760	-112.50600	43.85430	-112.49700
K1U7	10/28	42.25470	-111.34800	42.24810	-111.32900
K1U7	16/34	42.25410	-111.34700	42.24150	-111.34500
K1V0	06/24	36.80610	-107.65900	36.81060	-107.64300
K1V2	17/35	42.01600	-101.77000	42.00510	-101.76900
K1V6	11/29	38.43280	-105.11600	38.42560	-105.10000
K1V6	17/35	38.43060	-105.10200	38.42170	-105.10200
K1V8	12/30	37.79180	-106.05500	37.77800	-106.03800
K1X1	18/36	36.11130	-100.02400	36.10060	-100.02700
K20A	05/23	33.96860	-86.38600	33.97440	-86.37410
K20M	18/36	33.13760	-88.53570	33.12940	-88.53550
K20N	15/33	41.98860	-73.96790	41.98180	-73.96040
K20R	13/31	28.70110	-99.82140	28.69420	-99.81390
K20U	12/30	46.92910	-103.98800	46.92120	-103.97600
K20V	09/27	40.05530	-106.37900	40.05170	-106.36000
K21D	04/22	44.99570	-92.85710	45.00100	-92.85100
K21D	14/32	44.99960	-92.86090	44.99380	-92.85340
K21F	17/35	33.23310	-98.14710	33.22430	-98.14630
K22F	17/35	33.23380	-100.56900	33.22470	-100.56800
K22I	09/27	39.32710	-82.44850	39.32910	-82.43510
K22M	11/29	34.27750	-89.04300	34.27430	-89.03380
K22N	08/26	40.80800	-75.76650	40.81100	-75.75640
K22S	13/31	42.72310	-120.56700	42.71280	-120.55900
K23M	16/34	32.08910	-88.74070	32.08080	-88.73720
K23R	17/35	29.14300	-98.94250	29.13380	-98.94140
K24A	15/33	35.32070	-83.21300	35.31420	-83.20680
K24F	05/23	32.74330	-94.30850	32.74860	-94.30020
K24J	07/25	30.29810	-83.03070	30.30210	-83.01870
K24N	17/35	36.83880	-106.88400	36.81820	-106.88500
K24R	12/30	28.68830	-99.19350	28.68280	-99.18490
K25D	13/31	45.25060	-92.99830	45.24540	-92.99110
K25J	18/36	31.70600	-84.82720	31.69780	-84.82680
K25M	03/21	34.71760	-89.01850	34.72790	-89.01080
K26	18/36	39.31600	-93.50650	39.30890	-93.50660
K26A	09/27	33.28400	-85.81560	33.28400	-85.80250
K26R	14/32	29.00500	-96.58460	28.99700	-96.57930
K26U	16/34	42.01030	-117.72400	41.99420	-117.72300
K27A	10/28	34.09600	-82.82240	34.09440	-82.80930
K27K	03/21	38.22760	-84.43890	38.24120	-84.43050
K27R	17/35	30.86810	-100.61100	30.85630	-100.61100
K28J	09/27	29.65780	-81.70000	29.65860	-81.68110
K28J	17/35	29.66220	-81.69060	29.65280	-81.68780
K29D	10/28	41.14630	-80.17590	41.14580	-80.15960
K29S	10/28	45.05170	-110.75300	45.04810	-110.74100
K2A0	03/21	35.48020	-84.93510	35.49230	-84.92710
K2A1	18/36	36.35450	-84.94660	36.34490	-84.94670
K2A2	05/23	35.64710	-92.41060	35.65430	-92.39710
K2A5	02/20	35.90680	-79.61940	35.91680	-79.61580
K2A6	15/33	34.58760	-91.16920	34.57730	-91.16130
K2B3	12/30	43.40060	-72.19830	43.39940	-72.19120
K2B3	18/36	43.40060	-72.19780	43.39250	-72.19110
K2B7	01/19	44.76320	-69.37270	44.77390	-69.37610
K2C8	16/34	48.78820	-97.63360	48.77950	-97.63020
K2CB	01/19	29.94810	-81.98060	29.95690	-81.97890
K2CB	07/25	29.95140	-81.98310	29.95330	-81.97670
K2D5	12/30	46.17750	-98.08550	46.17110	-98.07510
K2D5	17/35	46.17360	-98.07920	46.16830	-98.07920
K2E3	01/19	36.17270	-101.69700	36.18190	-101.69200
K2E5	08/26	31.94750	-105.19900	31.94770	-105.18400
K2E7	17/35	35.25110	-100.54400	35.24250	-100.54400
K2F0	07/25	30.90560	-101.89200	30.90690	-101.88300
K2F0	14/32	30.90970	-101.89500	30.90000	-101.88800
K2F1	17/35	35.24080	-100.18500	35.23110	-100.18500
K2F4	08/26	33.18220	-101.82000	33.18220	-101.81200
K2F4	17/35	33.18140	-101.82000	33.17250	-101.82000
K2F5	16/34	32.76050	-101.91800	32.74690	-101.91420
K2F5	7/25	32.75800	-101.93150	32.76070	-101.91890
K2F7	18/36	33.29820	-95.89610	33.28750	-95.89670
K2G1	02/20	41.66430	-81.19870	41.66980	-81.19570
K2G2	14/32	40.36440	-80.70650	40.35600	-80.69520
K2G4	09/27	39.57950	-79.34460	39.58210	-79.32720
K2G9	14/32	40.04000	-79.01700	40.03440	-79.01080
K2G9	7/25	40.03500	-79.02240	40.04270	-79.00760
K2GC	17/35	34.88890	-78.83660	34.87940	-78.83450
K2H0	04/22	39.40590	-88.84780	39.41140	-88.84200
K2H0	14/32	39.41250	-88.84670	39.40560	-88.83980
K2H0	18/36	39.41830	-88.84750	39.40700	-88.84750
K2H2	18/36	36.96640	-93.69520	36.95820	-93.69540
K2H9	15/33	48.66970	-99.85470	48.66190	-99.85030
K2I0	05/23	37.35080	-87.40640	37.36110	-87.39010
K2I3	02/20	37.60650	-86.50860	37.61370	-86.50580
K2IS	13/31	26.74100	-81.05760	26.72940	-81.04460
K2J2	14/32	31.78840	-81.64520	31.78080	-81.63720
K2J3	13/31	32.99060	-82.39080	32.98120	-82.37890
K2J5	17/35	32.89890	-81.96680	32.88820	-81.96400
K2K3	08/26	37.57970	-101.73400	37.57970	-101.72700
K2K3	17/35	37.59010	-101.73400	37.57880	-101.73400
K2K4	17/35	34.89840	-99.52820	34.88680	-99.52820
K2K7	02/20	37.43110	-95.64970	37.43830	-95.64480
K2K7	15/33	37.43890	-95.64600	37.43370	-95.64300
K2K9	17/35	35.83560	-95.66690	35.82560	-95.66690
K2L0	18/36	31.34630	-92.44350	31.33810	-92.44360
K2M0	5/23	37.11130	-87.86220	37.11900	-87.85190
K2M2	17/35	35.24100	-87.25990	35.22760	-87.25600
K2M4	16/34	32.35830	-89.49040	32.34890	-89.48680
K2M8	18/36	35.28380	-89.93100	35.27420	-89.93190
K2MO	18/36	37.07210	-93.88410	37.06330	-93.88430
K2O1	06/24	39.94310	-120.95300	39.94470	-120.93800
K2O3	16/34	38.58440	-122.43600	38.57560	-122.43500
K2O6	12/30	37.11560	-120.25100	37.10940	-120.24300
K2O7	05/23	36.81630	-118.20800	36.81780	-118.20300
K2O7	14/32	36.82060	-118.20800	36.81160	-118.20200
K2O8	17/35	35.51270	-98.34240	35.50170	-98.34240
K2R0	02/20	31.63950	-88.63740	31.65250	-88.63210
K2R1	04/22	29.89580	-91.66920	29.90220	-91.66330
K2R2	18/36	39.75280	-86.47430	39.74080	-86.47520
K2R4	18/36	30.64270	-86.99350	30.63250	-86.99380
K2R5	06/24	30.49910	-88.28060	30.50470	-88.26970
K2R6	18/36	30.96090	-92.23410	30.95260	-92.23410
K2R7	13/31	30.82280	-90.11500	30.81670	-90.10830
K2R9	16/34	28.82930	-97.86650	28.82060	-97.86460
K2RR	16/34	27.78560	-81.20800	27.77310	-81.20080
K2S4	17/35	46.96960	-119.06600	46.96110	-119.06700
K2S7	17/35	42.58830	-121.87600	42.57810	-121.87600
K2S8	02/20	47.75080	-118.74700	47.75770	-118.73900
K2S9	11/29	46.70050	-123.82800	46.69470	-123.81900
K2T1	07/25	34.18360	-102.64900	34.18660	-102.63300
K2V5	17/35	40.10780	-102.24100	40.09300	-102.24100
K2V6	12/30	40.10590	-102.71600	40.10080	-102.70700
K2V6	16/34	40.11010	-102.71500	40.09870	-102.71400
K2W5	02/20	38.59900	-77.07310	38.60410	-77.07220
K2W5	18/36	38.60390	-77.07430	38.59590	-77.07200
K2W6	11/29	38.31660	-76.55720	38.31410	-76.54310
K2Y4	12/30	42.39020	-94.62430	42.38540	-94.61310
K30K	17/35	37.91110	-100.53200	37.90280	-100.53100
K31E	14/32	39.66840	-74.31200	39.66230	-74.30380
K32A	11/29	35.08890	-93.43610	35.08500	-93.41900
K32S	12/30	46.52870	-114.05800	46.52150	-114.04700
K33J	11/29	31.05420	-85.87500	31.05090	-85.86290
K33K	18/36	37.91350	-99.40240	37.90450	-99.40380
K33M	15/33	34.17030	-89.68870	34.16320	-89.68370
K33N	09/27	39.21690	-75.60270	39.21970	-75.59060
K33R	16/34	31.08950	-95.16570	31.08030	-95.16250
K33S	01/19	47.11880	-118.39300	47.12760	-118.38600
K33U	11/29	40.92310	-109.40000	40.91310	-109.38200
K33V	03/21	40.74450	-106.27900	40.75580	-106.26400
K34	03/21	38.80230	-94.95920	38.80690	-94.95450
K34	08/26	38.81000	-94.95900	38.80990	-94.94860
K34	17/35	38.80970	-94.95890	38.80080	-94.95890
K34M	18/36	36.49030	-90.01560	36.48190	-90.01500
K34R	17/35	29.39440	-96.95610	29.38550	-96.95600
K35A	05/23	34.68370	-81.64540	34.69020	-81.63690
K35D	11/29	42.53090	-85.83050	42.52930	-85.81470
K35D	15/33	42.53320	-85.82860	42.52980	-85.82490
K35S	07/25	45.58940	-120.68100	45.58940	-120.66800
K36K	02/20	37.96690	-101.25300	37.97360	-101.24900
K36K	14/32	37.97330	-101.26000	37.96500	-101.25500
K36S	04/22	41.78830	-123.39300	41.79250	-123.38400
K37F	17/35	33.48920	-99.58640	33.48040	-99.58600
K37K	18/36	33.93190	-97.29520	33.92000	-97.29750
K37T	15/33	36.16930	-92.14780	36.16210	-92.14280
K37V	15/33	40.34320	-99.90860	40.33570	-99.90440
K38D	10L/28R	40.94820	-80.86890	40.94820	-80.85650
K38D	10R/28L	40.94790	-80.86600	40.94780	-80.85660
K38J	11/29	33.73000	-79.52130	33.72730	-79.51060
K38S	13/31	46.39310	-112.77300	46.38440	-112.76100
K38U	13/31	38.36890	-111.60200	38.35600	-111.59000
K39N	10/28	40.39900	-74.66530	40.39920	-74.65270
K3A2	07/25	36.40820	-83.56010	36.41180	-83.55100
K3A4	17/35	35.94610	-79.68600	35.93780	-79.68510
K3A7	16/34	32.82560	-87.86500	32.81640	-87.86000
K3AU	18/36	37.67740	-97.07730	37.66590	-97.07840
K3B0	02/20	42.09640	-72.03970	42.10590	-72.03790
K3B0	10/28	42.10140	-72.04470	42.10170	-72.03940
K3B1	03/21	45.45960	-69.55370	45.46770	-69.55180
K3B1	14/32	45.46510	-69.55760	45.46000	-69.54380
K3B4	12/30	43.14420	-70.77670	43.14190	-70.76750
K3B5	11/29	44.18910	-70.23730	44.18800	-70.22920
K3B5	12/30	44.19030	-70.23620	44.18830	-70.22870
K3BS	06/24	43.66020	-84.26530	43.66540	-84.25290
K3BS	18/36	43.66720	-84.26410	43.65900	-84.26410
K3C8	14/32	40.92380	-72.79400	40.90580	-72.76680
K3CK	08/26	42.20610	-88.32850	42.20750	-88.31760
K3CM	05/23	43.54400	-83.89980	43.54910	-83.89280
K3CM	18/36	43.55240	-83.89540	43.54200	-83.89450
K3CU	08/26	46.19550	-91.25610	46.19720	-91.24520
K3CU	16/34	46.19920	-91.24830	46.18930	-91.24450
K3DW	11/29	37.22430	-93.25480	37.22080	-93.24170
K3E0	02/20	35.70920	-100.60700	35.71830	-100.59900
K3F2	17/35	32.42190	-99.00030	32.41170	-99.00030
K3F3	18/36	32.07960	-93.76480	32.06730	-93.76630
K3F4	09/27	32.86130	-94.01500	32.86140	-94.00530
K3F6	17/35	34.03200	-100.28200	34.02330	-100.28200
K3F7	17/35	35.81150	-96.42180	35.80220	-96.42200
K3F9	18/36	32.68110	-95.51070	32.67230	-95.51090
K3FU	13/31	45.03330	-99.11660	45.02740	-99.10860
K3G1	10/28	42.04460	-79.85930	42.04440	-79.84850
K3G2	17/35	48.30110	-95.62920	48.29220	-95.62530
K3G3	02/20	40.99680	-81.75630	41.00630	-81.75400
K3G3	10/28	41.00550	-81.76270	41.00550	-81.75490
K3G4	01/19	40.89820	-82.25570	40.90780	-82.25560
K3G5	05/23	39.44610	-79.67250	39.45410	-79.66030
K3G6	17/35	40.90980	-81.00070	40.90220	-80.99930
K3GM	09/27	43.03410	-86.20340	43.03420	-86.18930
K3GM	18/36	43.03670	-86.20150	43.03100	-86.20150
K3GV	05/23	39.01410	-94.21640	39.01730	-94.20990
K3GV	09/27	39.01430	-94.22360	39.01400	-94.20780
K3H4	16/34	47.36390	-97.06140	47.35500	-97.05940
K3HO	18/36	41.56020	-87.26390	41.55160	-87.26390
K3I2	07/25	38.91230	-82.10490	38.91700	-82.09220
K3I3	08/26	39.54820	-87.38280	39.54930	-87.37020
K3I3	18/36	39.54880	-87.37900	39.54340	-87.37890
K3I4	10/28	38.25910	-80.65630	38.25750	-80.64480
K3I7	03/21	39.90950	-84.40250	39.91710	-84.39830
K3J0	11/29	32.86960	-81.08870	32.86590	-81.07790
K3J1	36/18	32.48950	-80.99450	32.49590	-80.99020
K3J7	07/25	33.59470	-83.14640	33.60070	-83.13160
K3JC	05/23	39.04120	-96.84490	39.04410	-96.83910
K3JC	13/31	39.04370	-96.84380	39.03980	-96.83950
K3JC	18/36	39.04910	-96.84310	39.03980	-96.84600
K3K3	13/31	37.99480	-101.75000	37.98860	-101.74300
K3K3	18/36	38.00800	-101.74600	37.99580	-101.74900
K3K6	13/31	38.73550	-89.80980	38.73030	-89.80330
K3K7	08/26	38.45690	-101.36200	38.45690	-101.35300
K3K8	17/35	37.22910	-99.33260	37.21670	-99.33140
K3L2	03/21	35.79550	-115.62700	35.80210	-115.61900
K3L2	12/30	35.79970	-115.63300	35.79340	-115.62500
K3LF	09/27	39.16740	-89.68390	39.16740	-89.67010
K3LF	18/36	39.16320	-89.67240	39.15220	-89.67230
K3M7	01/19	36.51290	-86.05900	36.52380	-86.05750
K3M8	01/19	33.37970	-88.00750	33.39380	-88.00560
K3M9	03/21	33.55630	-92.08920	33.56460	-92.08160
K3MY	18/36	40.80020	-89.61400	40.79030	-89.61280
K3N6	06/24	40.32640	-74.35130	40.33340	-74.34230
K3O1	18/36	37.26690	-120.96200	37.25830	-120.96500
K3O3	17/35	34.98750	-97.38320	34.97920	-97.38210
K3O4	17/35	35.17440	-99.65800	35.16070	-99.65780
K3O9	17/35	36.58230	-94.86250	36.57160	-94.86110
K3P3	09/27	46.36080	-102.33000	46.35860	-102.31600
K3R2	04/22	30.15690	-92.48970	30.16520	-92.48000
K3R2	13/31	30.16490	-92.48930	30.15720	-92.48040
K3R4	01/19	31.54340	-93.49230	31.54800	-93.48990
K3R4	12/30	31.54740	-93.48990	31.54170	-93.47890
K3R7	08/26	30.24190	-92.68500	30.24470	-92.66970
K3R7	13/31	30.24470	-92.67440	30.23780	-92.66640
K3R7	17/35	30.24490	-92.66760	30.23980	-92.66760
K3R9	16/34	30.36280	-97.99570	30.35220	-97.99330
K3RC	09/27	44.47270	-84.57440	44.47270	-84.56040
K3RC	18/36	44.47970	-84.56740	44.47290	-84.56640
K3S4	18/36	42.10990	-123.68000	42.09730	-123.68500
K3S8	12/30	42.51440	-123.39300	42.50580	-123.38300
K3S9	07/25	45.24660	-120.17300	45.24660	-120.16000
K3T3	08/26	45.04340	-92.02770	45.04450	-92.01500
K3T5	16/34	29.91450	-96.95240	29.90140	-96.94760
K3TR	03/21	41.83260	-86.22890	41.84010	-86.22210
K3TR	14/32	41.84020	-86.22910	41.83080	-86.22070
K3U3	04/22	46.14610	-112.87100	46.15310	-112.85600
K3U3	16/34	46.16390	-112.87100	46.14720	-112.87100
K3U4	13/31	45.60440	-106.27100	45.59560	-106.26300
K3U7	12/30	47.48720	-112.87800	47.47530	-112.86100
K3U8	06/24	48.16110	-110.12200	48.16310	-110.10800
K3U8	13/31	48.16670	-110.11200	48.15940	-110.10600
K3V0	15/33	43.72930	-103.35300	43.71910	-103.34700
K3W7	03/21	47.91840	-119.09000	47.92560	-119.07600
K3W8	07/25	45.79850	-99.64510	45.79930	-99.63690
K3W8	12/30	45.80310	-99.64610	45.79690	-99.63780
K3Y2	17/35	42.99090	-91.79160	42.97930	-91.78960
K3Y3	14/32	41.36640	-94.02440	41.35990	-94.01770
K40G	01/19	35.64520	-112.15100	35.65590	-112.14600
K40J	12/30	30.07570	-83.58430	30.06910	-83.57130
K40J	18/36	30.07610	-83.58500	30.06240	-83.58520
K40U	07/25	40.98510	-109.68800	40.98700	-109.66900
K41F	17/35	34.00860	-101.33100	33.99600	-101.33000
K41N	01/19	41.20710	-80.96850	41.21520	-80.97000
K41U	03/21	39.32690	-111.61000	39.33580	-111.59900
K42A	03/21	36.06630	-91.83370	36.07570	-91.82660
K42I	10/28	40.00730	-82.01880	40.00680	-82.00770
K42J	05/23	29.83660	-82.05210	29.84640	-82.04080
K42J	11/29	29.84990	-82.05610	29.84640	-82.04120
K42M	09/27	36.52230	-91.57910	36.52230	-91.56480
K42U	03/21	41.14500	-111.77200	41.15230	-111.76200
K42V	15/33	40.06220	-101.55000	40.05390	-101.54400
K43	17/35	40.54400	-93.02610	40.53640	-93.02490
K43A	03/21	35.38390	-79.79510	35.39280	-79.79050
K43B	15/33	44.72980	-67.99550	44.72300	-67.98590
K43D	02/20	47.35440	-118.67600	47.36190	-118.67000
K44C	07/25	42.49580	-88.97310	42.49970	-88.96210
K44N	17/35	41.71210	-73.74120	41.70260	-73.73470
K44U	02/20	39.02480	-111.84200	39.03320	-111.83400
K45G	04/22	42.56650	-83.78210	42.57320	-83.77490
K45K	16/34	39.10000	-97.72220	39.08940	-97.71890
K45R	13/31	30.34080	-94.26200	30.33180	-94.25310
K46D	13/31	47.45560	-99.15670	47.44670	-99.14560
K46U	13/31	43.19080	-111.04900	43.17840	-111.03600
K47A	05/23	34.30710	-84.42770	34.31410	-84.42010
K47K	17/35	38.21370	-97.50380	38.20450	-97.50170
K47N	07/25	40.52170	-74.60350	40.52710	-74.59320
K47V	12/30	40.63940	-100.47400	40.63360	-100.46500
K47V	17/35	40.63890	-100.47100	40.63290	-100.47100
K48A	05/23	32.39630	-83.27970	32.40240	-83.27220
K48D	04/22	43.83280	-84.74280	43.84100	-84.73580
K48D	09/27	43.83080	-84.74610	43.83150	-84.73660
K48I	02/20	38.68150	-80.65320	38.69240	-80.65070
K48K	17/35	38.47540	-99.90810	38.46680	-99.90810
K48S	11/29	48.57230	-108.78200	48.56590	-108.76800
K48S	15/33	48.56420	-108.76800	48.55890	-108.76700
K49A	03/21	34.62360	-84.52760	34.63210	-84.52230
K49B	11/29	44.42070	-103.38400	44.41530	-103.36600
K49R	15/33	29.75050	-99.76340	29.74050	-99.75840
K49X	16/34	34.53420	-114.43100	34.52060	-114.43100
K4A0	11/29	33.53720	-84.18390	33.53440	-84.17440
K4A4	09/27	34.01940	-85.15300	34.01800	-85.13990
K4A5	05/23	35.89530	-92.66160	35.90220	-92.65110
K4A6	04/22	34.68300	-86.01120	34.69440	-86.00060
K4A7	06/24	33.38550	-84.33840	33.39430	-84.32370
K4A9	04/22	34.46840	-85.72670	34.47900	-85.71610
K4B6	02/20	43.87170	-73.41350	43.88280	-73.41300
K4B7	16/34	43.86600	-73.74580	43.85920	-73.73940
K4B8	02/20	41.68560	-72.86690	41.69500	-72.86250
K4C8	13/31	40.99920	-92.77050	40.99330	-92.76090
K4D0	09/27	42.77530	-84.73600	42.77600	-84.72410
K4D0	18/36	42.77730	-84.73690	42.77030	-84.73690
K4E7	13/31	46.01610	-98.51690	46.00860	-98.50860
K4E7	17/35	46.01440	-98.51530	46.00720	-98.51530
K4F2	17/35	32.18160	-94.29910	32.17060	-94.29860
K4F7	18/36	33.80860	-93.36200	33.79910	-93.36230
K4F8	02/20	33.43610	-93.05720	33.44420	-93.05420
K4F9	16/34	46.35310	-98.28340	46.34310	-98.27990
K4G4	10/28	40.96170	-80.68460	40.96160	-80.67010
K4G5	07/25	39.77690	-81.10900	39.78120	-81.09660
K4G6	18/36	42.38880	-77.68450	42.37550	-77.67970
K4G8	02/20	41.31590	-81.96130	41.32280	-81.95930
K4G8	18L/36R	41.32300	-81.95970	41.31490	-81.96000
K4G8	18R/36L	41.32300	-81.96030	41.31440	-81.96060
K4I3	10/28	40.32960	-82.53270	40.32780	-82.51490
K4I7	18/36	39.64040	-86.81360	39.62670	-86.81400
K4I9	10/28	40.52460	-82.85640	40.52440	-82.84380
K4J1	01/19	31.20330	-81.90630	31.21150	-81.90530
K4J2	10/28	31.21300	-83.23270	31.21210	-83.21990
K4J5	10/28	30.80620	-83.59230	30.80530	-83.58080
K4J6	04/22	30.74860	-81.56220	30.76010	-81.55340
K4J6	13/31	30.75460	-81.56530	30.74800	-81.55500
K4J8	16/34	32.39160	-82.56520	32.38370	-82.56230
K4K3	04/22	39.20690	-93.93030	39.21280	-93.92330
K4K3	13/31	39.21280	-93.93050	39.20670	-93.92290
K4K3	18/36	39.21280	-93.93050	39.20660	-93.93050
K4K6	18/36	40.73680	-92.42830	40.72740	-92.42820
K4M1	07/25	36.38000	-93.63030	36.38270	-93.61880
K4M2	09/27	35.14960	-93.86880	35.14940	-93.85790
K4M3	09/27	34.80600	-91.72250	34.80580	-91.70750
K4M3	18/36	34.81670	-91.70900	34.80430	-91.70920
K4M7	06/24	36.79750	-86.81630	36.80240	-86.80400
K4M9	18/36	36.41010	-90.64790	36.39830	-90.64800
K4N1	06/24	41.12520	-74.35110	41.13160	-74.34180
K4O4	02/20	33.90300	-94.86260	33.91570	-94.85610
K4O5	17/35	36.79290	-98.35840	36.78310	-98.35850
K4P3	10/28	44.00520	-96.59870	44.00250	-96.58750
K4R1	14/32	31.01910	-89.48470	31.01180	-89.48040
K4R3	1/19	31.46380	-87.89710	31.47740	-87.89470
K4R4	01/19	30.45160	-87.87870	30.46950	-87.87620
K4R5	04/22	46.78550	-90.76260	46.79180	-90.75490
K4R7	16/34	30.47300	-92.42570	30.45960	-92.42190
K4R9	12/30	30.26280	-88.13140	30.25820	-88.12350
K4S1	16/34	42.41780	-124.42500	42.40920	-124.42400
K4S2	07/25	45.67250	-121.54300	45.67280	-121.53100
K4S3	15/33	45.36650	-117.25600	45.35260	-117.25200
K4S9	14/32	45.22100	-122.59300	45.21170	-122.58800
K4SD	08/26	39.66430	-119.89200	39.66220	-119.86500
K4SD	14/32	39.68340	-119.88200	39.66130	-119.86700
K4T2	12/30	32.97730	-97.48840	32.97290	-97.48020
K4T2	17/35	32.97900	-97.48850	32.96250	-97.48710
K4U6	03/21	47.41350	-105.55600	47.41810	-105.54900
K4U6	12/30	47.42080	-105.55600	47.41250	-105.54500
K4U9	14/32	44.74470	-112.72500	44.72690	-112.71500
K4V0	06/24	40.09210	-108.77400	40.09590	-108.75200
K4V1	03/21	37.69390	-104.79000	37.69990	-104.78500
K4V1	08/26	37.69710	-104.79200	37.69620	-104.77500
K4V4	08/26	47.72420	-97.59680	47.72430	-97.58400
K4V9	1/19	42.10520	-98.04080	42.11510	-98.03780
K4V9	13/31	42.11780	-98.04460	42.11140	-98.03590
K4X4	12/30	44.06350	-98.53680	44.05860	-98.52500
K4Y4	05/23	44.90900	-84.88300	44.91600	-84.86980
K50	01/19	37.56390	-97.17480	37.56800	-97.17290
K50	17/35	37.57000	-97.17490	37.56310	-97.17490
K50D	02/20	46.00670	-88.27490	46.01380	-88.27190
K50D	12/30	46.01140	-88.28040	46.00680	-88.26740
K50F	17/35	32.58730	-97.59180	32.57620	-97.58980
K50I	09/27	40.75880	-87.43450	40.75870	-87.42190
K50R	18/36	29.85580	-97.67220	29.84480	-97.67260
K51A	10/28	32.28420	-83.44330	32.28280	-83.43370
K51D	14/32	46.35270	-98.73940	46.34440	-98.73170
K51J	01/19	33.84850	-79.76880	33.85860	-79.76750
K51R	18/36	30.91720	-95.95110	30.90850	-95.95290
K52A	14/32	33.61620	-83.46440	33.60810	-83.45650
K52F	17/35	33.05470	-97.23220	33.04500	-97.23220
K52J	06/24	34.24170	-80.24010	34.24730	-80.23190
K53A	18/36	32.30780	-84.00740	32.29620	-84.00750
K54F	17/35	31.88810	-100.54000	31.87560	-100.54000
K54J	09/27	30.73260	-86.16060	30.73260	-86.14760
K54J	18/36	30.73250	-86.15320	30.72510	-86.15320
K54T	08/26	29.76150	-94.85440	29.76180	-94.83860
K54T	14/32	29.76630	-94.85300	29.75810	-94.84700
K55J	04/22	30.60480	-81.46650	30.61660	-81.45670
K55J	09/27	30.61330	-81.46800	30.61560	-81.45230
K55J	13/31	30.61450	-81.46840	30.60630	-81.45510
K55K	17/35	37.27440	-97.09170	37.26500	-97.09110
K55M	18/36	33.93020	-91.86070	33.92200	-91.86070
K55Y	16/34	43.82000	-91.83200	43.81170	-91.82820
K56D	18/36	40.88890	-83.31450	40.87790	-83.31460
K56F	07/25	32.82640	-100.42500	32.82860	-100.41600
K56F	16/34	32.82970	-100.41700	32.82110	-100.41400
K57C	08/26	42.79650	-88.37950	42.79850	-88.36520
K57C	18/36	42.80000	-88.37280	42.79330	-88.37330
K57S	14/32	48.48470	-115.90600	48.47560	-115.90100
K58M	13/31	39.57590	-75.87460	39.57240	-75.86500
K5A1	10/28	41.24480	-82.55890	41.24470	-82.54360
K5A4	18/36	34.02020	-88.72620	34.01140	-88.72620
K5A6	03/21	33.46190	-89.73170	33.46920	-89.72670
K5A9	17/35	32.93750	-84.68970	32.92940	-84.68800
K5B2	05/23	43.04620	-73.86690	43.05620	-73.85580
K5B2	14/32	43.05440	-73.86760	43.04750	-73.85590
K5B5	08/26	46.49390	-99.76660	46.49390	-99.75670
K5B5	12/30	46.49720	-99.76250	46.49170	-99.75260
K5C1	17/35	29.73006	-98.69538	29.71637	-98.69373
K5C3	17/35	47.38140	-94.79810	47.37080	-94.79810
K5C8	08/26	47.35010	-101.03200	47.35170	-101.01700
K5C8	17/35	47.35700	-101.02500	47.35180	-101.02600
K5F0	14/32	32.53420	-92.95690	32.52720	-92.95110
K5F1	06/24	33.20140	-101.34700	33.20360	-101.34000
K5F1	17/35	33.21220	-101.34000	33.20060	-101.34100
K5F4	12/30	32.79090	-93.00800	32.78610	-92.99930
K5G7	05/23	40.88190	-83.87450	40.88890	-83.86280
K5H4	11/29	47.79370	-99.93810	47.78880	-99.92540
K5I4	05/23	40.17340	-86.22320	40.17980	-86.21260
K5I4	09/27	40.17920	-86.22310	40.17950	-86.21030
K5J9	08/26	34.08700	-78.87080	34.08980	-78.85910
K5K1	18/36	39.42360	-89.99150	39.41640	-89.99150
K5L0	15/33	48.03400	-98.32710	48.02480	-98.32340
K5M0	18/36	34.41320	-86.93290	34.40330	-86.93300
K5M3	02/20	43.76340	-71.38710	43.77330	-71.38620
K5M4	05/23	33.84290	-92.36940	33.84870	-92.36160
K5M5	13/31	36.34730	-94.44950	36.33980	-94.44010
K5M8	08/26	33.92500	-93.17030	33.92500	-93.15580
K5M9	07/25	37.33190	-88.12200	37.33680	-88.10820
K5N2	09/27	45.54330	-90.28560	45.54280	-90.27280
K5N8	13/31	46.85830	-97.21420	46.85030	-97.20310
K5P2	13/31	45.80080	-100.78900	45.79280	-100.77900
K5R1	12/30	31.45470	-88.20000	31.44920	-88.18890
K5R2	18/36	30.39440	-88.75360	30.38490	-88.75330
K5R4	18/36	30.43260	-87.70080	30.42250	-87.70080
K5R8	15/33	30.44740	-93.47660	30.43470	-93.47050
K5S0	09/27	43.75420	-122.50900	43.75110	-122.49600
K5S2	13/31	43.53690	-121.95400	43.52810	-121.94600
K5S6	14/32	42.86440	-124.52100	42.85140	-124.51400
K5S9	16/34	45.31330	-122.31900	45.30310	-122.31900
K5T6	10/28	31.88530	-106.71800	31.87660	-106.69200
K5T9	13/31	28.86240	-100.52000	28.85170	-100.50700
K5U1	16/34	47.85140	-111.69900	47.84280	-111.69800
K5U5	07/25	47.63070	-111.98300	47.63080	-111.97700
K5U5	18/36	47.63420	-111.97800	47.62420	-111.98200
K5U7	07/25	45.32080	-107.93900	45.32080	-107.92400
K5V5	02/20	36.69170	-108.70600	36.70290	-108.69700
K5W1	10/28	47.42690	-119.12100	47.42280	-119.11000
K5W4	04/22	35.01590	-79.19410	35.02380	-79.18790
K5W5	16/34	35.62420	-78.70200	35.61650	-78.69850
K5W8	04/22	35.69780	-79.51070	35.70830	-79.49990
K5Y1	09/27	46.03580	-84.42660	46.03580	-84.41290
K60C	06/24	43.70420	-90.26260	43.70860	-90.25270
K60F	17/35	33.65440	-99.26130	33.64260	-99.26130
K60J	06/24	33.90570	-78.44170	33.91150	-78.43110
K60R	17/35	30.37630	-96.11340	30.36750	-96.11310
K61A	18/36	31.98570	-87.33920	31.97380	-87.33900
K61B	09/27	35.94900	-114.86900	35.94590	-114.85300
K61B	15/33	35.95490	-114.86300	35.94470	-114.86000
K61C	03/21	42.95860	-88.82100	42.96780	-88.81430
K61S	15/33	43.80840	-123.03300	43.79980	-123.03100
K62D	04/22	41.26510	-80.93120	41.27160	-80.92510
K62D	18/36	41.26930	-80.92650	41.26190	-80.92650
K62S	07/25	43.23610	-120.67600	43.23690	-120.65600
K63	04/22	38.67460	-96.57480	38.67820	-96.57020
K63	12/30	38.67770	-96.57560	38.67540	-96.57040
K63B	11/29	43.76320	-70.67810	43.76280	-70.66680
K63C	08/26	43.96030	-89.79260	43.96170	-89.78020
K63C	15/33	43.96550	-89.79260	43.95720	-89.78670
K63F	16/34	32.17920	-101.82400	32.16800	-101.82100
K63M	07/25	38.70350	-91.49570	38.70690	-91.48540
K64S	02/20	42.73890	-122.49300	42.74750	-122.48400
K65J	11/29	33.22440	-82.38810	33.22080	-82.37930
K65S	02/20	48.72150	-116.30000	48.73010	-116.29000
K66R	15/33	29.64600	-96.51780	29.63620	-96.51380
K66V	03/21	37.24690	-109.63700	37.25310	-109.63100
K66Y	18/36	30.36820	-89.38770	30.35780	-89.38760
K67	17/35	37.16260	-95.04140	37.15580	-95.04140
K67A	15/33	31.97640	-86.59490	31.96780	-86.58910
K67L	01/19	36.82880	-114.05900	36.84120	-114.05100
K67R	16/34	26.42850	-98.84760	26.41800	-98.84380
K68	01/19	38.27380	-95.21650	38.28090	-95.21390
K68F	15/33	31.66550	-96.31190	31.65700	-96.30810
K68S	03/21	47.65250	-118.17200	47.65590	-118.16500
K68S	05/23	47.65190	-118.17500	47.65430	-118.16300
K69K	17/35	39.20160	-96.25940	39.19290	-96.25840
K69V	08/26	39.36110	-110.92400	39.36110	-110.91000
K69V	12/30	39.36510	-110.92100	39.35750	-110.91200
K69V	18/36	39.36470	-110.92200	39.35940	-110.92400
K6A1	06/24	32.56580	-84.25420	32.56890	-84.24730
K6A1	18/36	32.57310	-84.25080	32.56210	-84.25070
K6A2	14/32	33.23070	-84.27910	33.22330	-84.27080
K6A4	06/24	36.41460	-81.83160	36.42110	-81.81860
K6B9	04/22	42.91050	-76.44340	42.91870	-76.43720
K6B9	10/28	42.91400	-76.44150	42.91340	-76.42980
K6D1	15/33	45.50120	-95.10760	45.49290	-95.10080
K6D6	10/28	43.14260	-85.26140	43.14170	-85.24570
K6D6	18/36	43.14500	-85.25420	43.14020	-85.25470
K6D8	05/23	46.93680	-98.02150	46.94080	-98.01250
K6D8	08/26	46.93940	-98.02120	46.93940	-98.01050
K6D8	13/31	46.94740	-98.02250	46.93940	-98.01040
K6D8	17/35	46.94570	-98.02110	46.93650	-98.02110
K6D9	08/26	44.31150	-83.43140	44.31420	-83.41330
K6E5	15/33	44.43560	-97.56360	44.42610	-97.55860
K6G1	18/36	41.61550	-79.74180	41.60210	-79.74090
K6G4	06/24	40.36290	-82.50120	40.36730	-82.49020
K6G4	09/27	40.36440	-82.50250	40.36530	-82.49320
K6G5	09/27	40.00210	-81.19900	40.00280	-81.18470
K6I2	11/29	37.63530	-85.25020	37.63170	-85.23350
K6I4	18/36	40.01220	-86.44060	40.00230	-86.44060
K6J0	18/36	33.80050	-81.24700	33.78880	-81.24470
K6J2	05/23	33.19240	-80.51220	33.19860	-80.50470
K6J4	01/19	33.92230	-81.79560	33.93100	-81.79380
K6J7	16/34	34.28650	-79.92990	34.27800	-79.92730
K6K3	13/31	42.47500	-97.89010	42.46810	-97.87920
K6K3	18/36	42.47280	-97.88310	42.46720	-97.88440
K6K4	17/35	36.29510	-98.47570	36.28520	-98.47590
K6K5	02/20	44.30060	-121.54300	44.30830	-121.53500
K6L3	03/21	46.44200	-97.73100	46.44600	-97.72670
K6L3	14/32	46.45010	-97.73070	46.44320	-97.72400
K6L4	06/24	37.85310	-81.92120	37.85830	-81.91060
K6L5	14/32	46.25380	-99.54310	46.24580	-99.53580
K6M0	18/36	34.76530	-91.63800	34.75370	-91.63810
K6M2	13/31	36.22500	-91.76170	36.21780	-91.74920
K6M6	18/36	40.13400	-91.67810	40.12440	-91.67840
K6M7	18/36	34.78840	-90.80980	34.77740	-90.81000
K6R3	16/34	30.36300	-95.01050	30.34990	-95.00550
K6R6	04/22	30.04360	-102.21600	30.05250	-102.20600
K6R6	13/31	30.05250	-102.22000	30.04360	-102.21000
K6S0	06/24	45.80190	-109.99000	45.80580	-109.97000
K6S1	16/34	45.29640	-108.92600	45.28690	-108.92500
K6S2	15/33	43.98670	-124.11300	43.97890	-124.11000
K6S3	10/28	45.63250	-109.24600	45.62860	-109.23200
K6S5	17/35	46.25730	-114.12500	46.24570	-114.12600
K6S8	04/22	45.70160	-108.76400	45.71070	-108.74800
K6S8	09/27	45.70440	-108.76600	45.70400	-108.76200
K6S8	14/32	45.70430	-108.76700	45.69890	-108.76300
K6U7	07/25	46.28920	-107.20200	46.28920	-107.19000
K6V0	12/30	43.29890	-103.84900	43.29170	-103.83800
K6V0	16/34	43.29440	-103.84000	43.28890	-103.83900
K6V4	12/30	44.00290	-102.25900	43.99610	-102.25000
K6V5	11/29	45.52110	-102.47300	45.51580	-102.46100
K6Y1	10/28	45.76680	-84.51060	45.76580	-84.49700
K70A	18/36	32.27140	-87.71810	32.26220	-87.71810
K70J	13/31	30.89080	-84.16020	30.88520	-84.14920
K71A	09/27	31.96690	-87.59030	31.96690	-87.57580
K71J	12/30	31.43410	-85.62500	31.42810	-85.61350
K71N	05/23	40.88830	-76.76610	40.89500	-76.75830
K72F	17/35	33.18360	-99.14970	33.17500	-99.14970
K73C	18/36	42.78580	-90.68110	42.77530	-90.68060
K74S	18/36	48.50280	-122.66100	48.49500	-122.66400
K74V	07/25	40.27720	-110.06300	40.27940	-110.04000
K75J	16/34	31.68980	-83.63390	31.68130	-83.63050
K76F	17/35	32.68600	-95.98410	32.67710	-95.98410
K76G	04/22	42.71630	-82.59970	42.72350	-82.59350
K77F	17/35	31.95160	-99.98580	31.94280	-99.98590
K77G	01/19	43.30870	-83.09210	43.31830	-83.09120
K77G	09/27	43.31030	-83.09740	43.31040	-83.08320
K77S	15/33	43.93500	-123.00700	43.92650	-123.00600
K78	17/35	38.90970	-97.23580	38.89840	-97.23590
K78R	17/35	31.54480	-94.17120	31.53440	-94.16980
K78Y	17/35	40.33750	-94.83420	40.32920	-94.83330
K79D	08/26	39.16480	-80.06790	39.16760	-80.05720
K79J	11/29	31.31070	-86.40140	31.30680	-86.38610
K79S	05/23	47.84230	-110.64400	47.84790	-110.62900
K79S	14/32	47.84390	-110.63900	47.83980	-110.63600
K7A0	18/36	32.68620	-87.66210	32.67670	-87.66210
K7A3	06/24	32.81120	-85.23460	32.81290	-85.22460
K7A4	18/36	42.47050	-90.16930	42.46230	-90.16940
K7A5	11/29	33.13160	-85.37760	33.12760	-85.36650
K7A6	05/23	34.88260	-85.80850	34.88990	-85.79810
K7A8	17D/35A	35.94904	-81.99783	35.94164	-81.99451
K7B2	14/32	42.33090	-72.61620	42.32520	-72.60640
K7B6	10/28	41.93000	-72.58040	41.92850	-72.56870
K7D3	05/23	43.87350	-85.85050	43.87870	-85.84270
K7D3	09/27	43.87540	-85.84600	43.87470	-85.83160
K7D9	01/19	41.77340	-80.90430	41.78230	-80.90360
K7F3	13/31	33.04090	-96.24560	33.03300	-96.23650
K7F3	18L/36R	33.04070	-96.24110	33.03680	-96.24110
K7F3	18R/36L	33.04100	-96.24510	33.03000	-96.24540
K7F5	18/36	32.59140	-95.86230	32.58110	-95.86320
K7F7	14/32	31.82020	-97.56970	31.81340	-97.56420
K7G0	10/28	43.18120	-77.92360	43.18100	-77.90790
K7G8	11/29	41.45040	-81.06920	41.44880	-81.05660
K7G9	18/36	43.31380	-96.57100	43.30390	-96.57100
K7I4	06/24	38.65480	-86.44670	38.65980	-86.43640
K7K5	08/26	48.66780	-102.05800	48.66780	-102.04200
K7K8	14/32	42.45780	-96.47670	42.45030	-96.46940
K7L2	09/27	46.22260	-100.25400	46.21990	-100.24000
K7L8	10/28	39.75130	-86.02200	39.74950	-86.00890
K7M1	18/36	33.62570	-91.36470	33.61470	-91.36500
K7M2	09/27	35.86480	-92.09790	35.86420	-92.08270
K7M3	08/26	34.52780	-93.53360	34.53030	-93.52060
K7M4	01/19	35.68600	-90.01110	35.69630	-90.00910
K7M5	04/22	35.50730	-93.84300	35.51410	-93.83560
K7M8	18/36	36.25440	-90.31940	36.24530	-90.31920
K7M9	02/20	36.35150	-91.83330	36.36030	-91.82860
K7N1	13/31	42.18220	-77.12700	42.17800	-77.11640
K7S0	16/34	47.57380	-114.10100	47.56060	-114.10100
K7S1	07/25	45.53280	-112.31240	45.53360	-112.30130
K7S1	17/35	45.54470	-112.30000	45.52830	-112.30060
K7S5	16/34	44.87100	-123.19800	44.86290	-123.19800
K7S6	01/19	46.49640	-110.91800	46.51190	-110.90900
K7S6	13/31	46.51020	-110.91600	46.50310	-110.90800
K7S7	04/22	48.29820	-112.25100	48.30210	-112.24400
K7S7	07/25	48.29980	-112.25800	48.30010	-112.24500
K7S7	10/28	48.30130	-112.25400	48.29830	-112.24700
K7S9	02/20	45.17840	-122.74700	45.18460	-122.74000
K7T7	06/24	31.85030	-102.07700	31.85250	-102.06900
K7T7	16/34	31.86500	-102.07600	31.85170	-102.07200
K7V2	05/23	38.82870	-107.65300	38.83460	-107.63900
K7V3	09/27	42.52430	-88.65950	42.52440	-88.64870
K7V3	18/36	42.53030	-88.65140	42.52450	-88.65140
K7V5	07/25	40.26280	-103.58900	40.26490	-103.57300
K7V6	14/32	42.26640	-104.73300	42.25300	-104.72400
K7V7	15/33	40.08940	-98.54280	40.08000	-98.53830
K7V8	13/31	40.97470	-102.32000	40.96700	-102.31100
K7V9	08/26	38.05330	-103.24400	38.05220	-103.23000
K7W5	10/28	41.37540	-84.07550	41.37330	-84.06140
K7W6	11/29	35.56480	-75.96270	35.56020	-75.94790
K7Y4	14/32	47.52890	-95.36500	47.52030	-95.35640
K80D	09/27	44.05490	-84.81700	44.05440	-84.80820
K80D	18/36	44.05480	-84.81240	44.04720	-84.81260
K80F	17/35	34.19710	-95.64990	34.18810	-95.64980
K80T	09/27	47.21300	-119.84700	47.21020	-119.83300
K81B	15/33	44.16020	-70.48560	44.15470	-70.47700
K81R	13/31	31.23890	-98.72110	31.23140	-98.71280
K82A	14/32	32.28550	-84.50720	32.27930	-84.49990
K82C	14/32	43.84250	-90.14230	43.83490	-90.13310
K82J	18/36	30.40330	-87.34860	30.39440	-87.34860
K82V	08/26	41.15320	-104.14000	41.15340	-104.12100
K83D	07/25	45.88970	-84.74500	45.89360	-84.73110
K84D	13/31	44.98840	-101.25700	44.98030	-101.24500
K84R	17/35	30.03590	-97.16750	30.02500	-97.16620
K86F	17/35	35.12770	-98.57530	35.11950	-98.57510
K87I	17/35	32.89010	-90.46450	32.87640	-90.46280
K87K	04/22	37.85080	-94.00710	37.85730	-93.99920
K87K	18/36	37.85940	-93.99860	37.85280	-93.99920
K87Y	04/22	43.10200	-89.18960	43.10790	-89.18280
K87Y	09/27	43.10470	-89.18890	43.10470	-89.18090
K88M	18/36	48.97430	-115.06800	48.96340	-115.07300
K88R	17/35	30.48190	-98.12110	30.47040	-98.12110
K8A0	05/23	34.22350	-86.26330	34.23470	-86.24820
K8A1	07/25	34.40021	-86.27105	34.40593	-86.25611
K8A3	03/21	36.40760	-85.31530	36.41680	-85.30780
K8B0	14/32	44.99410	-70.67000	44.98970	-70.65930
K8B1	02/20	43.06230	-71.90060	43.07110	-71.89850
K8B5	06/24	42.35350	-72.13410	42.35930	-72.12610
K8C4	11/29	41.76480	-91.15810	41.76190	-91.14780
K8D1	04/22	43.94070	-88.12010	43.94710	-88.11300
K8D1	14/32	43.94810	-88.11770	43.94040	-88.10920
K8D3	04/22	45.66880	-96.99580	45.67260	-96.99050
K8D3	16/34	45.67330	-96.99540	45.66420	-96.99240
K8D7	03/21	44.89420	-97.71550	44.89970	-97.70820
K8D7	13/31	44.89790	-97.71530	44.89110	-97.70470
K8F3	17/35	33.62880	-101.24100	33.61890	-101.24100
K8F5	17/35	33.13100	-94.69940	33.12260	-94.69820
K8F6	14/32	43.85560	-100.71500	43.84780	-100.70900
K8G1	10/28	41.03950	-82.73180	41.03800	-82.71730
K8G2	14/32	41.91140	-79.64660	41.90370	-79.63550
K8G6	13/31	40.24170	-81.01890	40.23500	-81.00680
K8J7	13/31	47.70030	-99.13530	47.69250	-99.12690
K8K2	12/30	37.28130	-98.04680	37.27720	-98.04150
K8K2	17/35	37.28190	-98.04360	37.27300	-98.04250
K8M1	15/33	34.59540	-88.65130	34.58620	-88.64400
K8M8	18/36	44.81110	-84.27470	44.79730	-84.27250
K8M9	16/34	37.42960	-87.73850	37.41990	-87.73370
K8N2	03/21	41.39460	-88.79840	41.40500	-88.78940
K8S0	06/24	48.60000	-113.12300	48.60270	-113.10700
K8S1	18/36	47.70090	-114.18300	47.69000	-114.18800
K8T6	13/31	28.36660	-98.12060	28.35910	-98.11240
K8T8	17L/35R	29.51460	-98.79840	29.50640	-98.79840
K8U2	07/25	48.08690	-113.25600	48.08810	-113.24400
K8U6	08/26	46.77720	-105.32200	46.77710	-105.30500
K8U8	16/34	46.33670	-111.48300	46.32580	-111.48200
K8V1	03/21	37.71360	-106.35400	37.72780	-106.34400
K8V1	06/24	37.71360	-106.35900	37.71360	-106.34600
K8V2	05/23	42.56050	-99.04080	42.56470	-99.03120
K8V2	11/29	42.56420	-99.04420	42.55870	-99.03110
K8V3	15/33	43.38280	-97.97360	43.37410	-97.96760
K8V7	17/35	37.46560	-102.61800	37.45190	-102.61800
K8W2	06/24	38.65310	-78.71200	38.65820	-78.70410
K8WC	02/20	37.92400	-90.73370	37.93440	-90.72930
K8Y6	18/36	45.44820	-93.97110	45.44000	-93.97110
K90F	17/35	34.01830	-94.75860	34.00940	-94.75860
K91F	15/33	35.16090	-95.62320	35.15180	-95.61930
K92F	17/35	34.37970	-98.68780	34.37030	-98.68780
K93C	09/27	43.28190	-90.29690	43.28190	-90.29430
K93C	17/35	43.28810	-90.29780	43.27970	-90.29420
K93F	18/36	35.60870	-99.70200	35.59770	-99.70370
K93Y	01/19	41.23060	-97.11800	41.23610	-97.11600
K93Y	14/32	41.23680	-97.12020	41.22990	-97.11380
K94E	17/35	32.76930	-108.20800	32.75460	-108.20900
K94K	09/27	36.69740	-93.90670	36.69740	-93.89440
K94R	15/33	29.26890	-96.00880	29.26330	-96.00670
K95D	10/28	47.25310	-101.82100	47.24860	-101.80700
K95E	14/32	33.81890	-106.64900	33.80990	-106.64200
K95F	18/36	36.28920	-96.46250	36.27830	-96.46420
K96	09/27	39.78130	-88.31120	39.78110	-88.30170
K96D	15/33	48.94520	-97.90390	48.93600	-97.90170
K97M	13/31	45.88190	-104.54300	45.87390	-104.53300
K98D	08/26	44.69990	-100.10500	44.69990	-100.09700
K98D	13/31	44.70460	-100.10500	44.69820	-100.09700
K99N	05/23	33.30090	-81.11250	33.30810	-81.10430
K9A0	15/33	34.58320	-84.02290	34.57550	-84.01860
K9A1	10/28	33.63300	-83.85640	33.63190	-83.84270
K9A5	02/20	34.68160	-85.29360	34.69550	-85.28730
K9C8	06/24	43.89200	-85.28650	43.89810	-85.27480
K9D0	12/30	44.54430	-99.45600	44.53710	-99.44590
K9D1	13/31	43.22530	-99.40830	43.21810	-99.39810
K9D2	08/26	45.58080	-103.53500	45.58030	-103.52600
K9D2	12/30	45.58420	-103.53500	45.57690	-103.52400
K9D4	01/19	40.34740	-76.32970	40.35730	-76.33030
K9D7	16/34	48.48460	-99.23770	48.47530	-99.23420
K9D9	09/27	42.66560	-85.35250	42.66560	-85.34360
K9D9	12/30	42.66570	-85.35180	42.66000	-85.33960
K9D9	18/36	42.66640	-85.34530	42.65940	-85.34560
K9F0	15/33	32.07250	-98.32670	32.06390	-98.32360
K9F8	13/31	45.26150	-99.80230	45.25360	-99.79340
K9F9	17/35	32.63390	-97.35360	32.62280	-97.35360
K9G2	09/27	42.80750	-83.77690	42.80770	-83.76200
K9G3	07/25	43.01880	-78.48790	43.02340	-78.47740
K9G8	07/25	40.45940	-78.78060	40.46280	-78.77000
K9G8	11U/29U	40.46140	-78.78110	40.46080	-78.77530
K9K7	12/30	38.74930	-98.23380	38.74570	-98.22740
K9K7	17/35	38.75690	-98.23150	38.74610	-98.23050
K9K8	11/29	37.67230	-98.13100	37.66810	-98.12050
K9K8	18/36	37.67390	-98.12130	37.66220	-98.12340
K9L2	06/24	34.98853	-117.87283	34.99303	-117.85356
K9M4	01/19	33.29940	-89.22930	33.30750	-89.22750
K9M6	18/36	32.85420	-91.40310	32.84600	-91.40380
K9M8	01/19	34.32420	-92.35220	34.33220	-92.34970
K9S2	12/30	48.81150	-105.44500	48.80390	-105.43300
K9S4	12/30	47.17150	-114.85900	47.16500	-114.84900
K9S5	02/20	45.87280	-111.57600	45.88350	-111.56300
K9S9	08/26	45.45500	-119.69800	45.45330	-119.68200
K9U0	07/25	48.85330	-108.41600	48.85500	-108.40200
K9U0	10/28	48.85660	-108.41900	48.85210	-108.41000
K9U3	18/36	39.47420	-117.19200	39.45870	-117.20000
K9U4	06/24	41.03600	-107.50700	41.04060	-107.48800
K9U7	03/21	38.73000	-115.48500	38.74210	-115.47600
K9V5	14/32	42.74120	-102.44800	42.73200	-102.44100
K9V6	14/32	43.16990	-101.71700	43.16140	-101.70900
K9V7	17/35	38.48020	-102.81100	38.47010	-102.81100
K9V9	13/31	43.77030	-99.32640	43.76110	-99.31620
K9V9	18/36	43.77130	-99.32070	43.76200	-99.32220
K9Y1	12/30	47.39580	-102.77700	47.38800	-102.76400
KA08	16/34	32.52080	-87.38860	32.50390	-87.38250
KA09	17/35	34.89410	-114.61600	34.88090	-114.61700
KA20	18/36	35.01750	-114.56200	35.00750	-114.56500
KA24	05/23	41.41030	-120.69200	41.41470	-120.67700
KA30	16/34	41.56330	-122.85600	41.55330	-122.85500
KA32	16/34	41.89310	-121.97600	41.88120	-121.97600
KA34	05/23	39.23530	-119.56400	39.24150	-119.54700
KA39	4/22	32.98650	-111.92600	32.99680	-111.91500
KA50	08/26	38.87440	-104.41600	38.87440	-104.40400
KA50	17R/35L	38.88060	-104.41000	38.86850	-104.41000
KAAA	03/21	40.15330	-89.34000	40.16230	-89.33170
KAAA	14/32	40.16330	-89.33710	40.15660	-89.33080
KAAF	06/24	29.72250	-85.03720	29.72940	-85.02330
KAAF	14/32	29.73290	-85.03490	29.72250	-85.02300
KAAF	18/36	29.73640	-85.02310	29.72200	-85.02320
KAAO	18/36	37.75590	-97.21990	37.73930	-97.22240
KAAS	05/23	37.35380	-85.31600	37.36270	-85.30280
KAAT	03/21	41.48050	-120.56900	41.48610	-120.56100
KAAT	13/31	41.48780	-120.57000	41.47780	-120.56200
KABE	06/24	40.64700	-75.45060	40.66000	-75.42930
KABE	13/31	40.65520	-75.44980	40.64650	-75.43220
KABI	04/22	32.41960	-99.69480	32.42580	-99.68540
KABI	17L/35R	32.40850	-99.67480	32.38870	-99.67470
KABI	17R/35L	32.42810	-99.68490	32.40830	-99.68480
KABQ	03/21	35.02220	-106.63100	35.04170	-106.60700
KABQ	08/26	35.04430	-106.62200	35.04410	-106.57600
KABQ	12/30	35.04350	-106.62100	35.03320	-106.60500
KABR	13/31	45.45520	-98.42800	45.44180	-98.40900
KABR	17/35	45.45560	-98.42740	45.44050	-98.42730
KABY	05/23	31.52960	-84.19970	31.54310	-84.18550
KABY	17/35	31.54130	-84.19940	31.52770	-84.19420
KACB	02/20	44.98200	-85.20120	44.99510	-85.19550
KACJ	05/23	32.10440	-84.19550	32.11590	-84.18160
KACJ	10/28	32.11190	-84.19550	32.11180	-84.18320
KACK	06/24	41.24690	-70.07250	41.25920	-70.05630
KACK	15/33	41.25800	-70.06080	41.25020	-70.05050
KACP	18/36	30.75740	-92.68840	30.74360	-92.68560
KACQ	15/33	44.07770	-93.55580	44.06930	-93.55010
KACT	01/19	31.60350	-97.23000	31.62110	-97.22470
KACT	14/32	31.61710	-97.23890	31.60320	-97.22920
KACV	01/19	40.97250	-124.11300	40.98320	-124.10500
KACV	14/32	40.98570	-124.11300	40.97100	-124.10300
KACY	04/22	39.44970	-74.58520	39.46460	-74.57490
KACY	13/31	39.46430	-74.59100	39.45140	-74.55970
KACZ	09/27	34.71740	-78.01030	34.71840	-77.99700
KADC	16/34	46.45550	-95.21330	46.44500	-95.20860
KADG	05/23	41.86160	-84.08470	41.87090	-84.07120
KADG	11/29	41.87230	-84.07860	41.87080	-84.07230
KADH	13/31	34.80650	-96.67350	34.80050	-96.66620
KADH	18/36	34.81330	-96.67200	34.79620	-96.67200
KADM	13/31	34.31130	-97.02510	34.29710	-97.00830
KADM	17/35	34.30880	-97.02350	34.29500	-97.02360
KADS	16/34	32.97780	-96.84050	32.95930	-96.83240
KADT	04/22	39.83580	-101.04300	39.84080	-101.03700
KADT	17/35	39.84820	-101.04400	39.83460	-101.04200
KADU	14/32	41.70540	-94.92380	41.69720	-94.91690
KADW	01L/19R	38.79770	-76.87060	38.82330	-76.87070
KADW	01R/19L	38.79770	-76.86360	38.82450	-76.86370
KAEG	04/22	35.13870	-106.80900	35.15280	-106.79100
KAEG	17/35	35.15260	-106.78900	35.13610	-106.78900
KAEJ	15/33	38.82500	-106.12500	38.80330	-106.11600
KAEL	05/23	43.67910	-93.37140	43.68450	-93.36340
KAEL	17/35	43.68740	-93.36890	43.67530	-93.36540
KAEX	14/32	31.33790	-92.55920	31.31710	-92.54160
KAFF	09/27	38.97500	-104.82500	38.97440	-104.81700
KAFF	16C/34C	38.97780	-104.82600	38.96560	-104.82300
KAFF	16L/34R	38.97830	-104.82200	38.96890	-104.82000
KAFF	16R/34L	38.97810	-104.82700	38.96580	-104.82400
KAFJ	09/27	40.13590	-80.29910	40.13710	-80.28130
KAFK	05/23	40.60330	-95.87150	40.60800	-95.86470
KAFK	15/33	40.61230	-95.86960	40.60150	-95.86180
KAFN	16/34	42.80850	-72.00640	42.80160	-72.00060
KAFO	16/34	42.71840	-110.94200	42.69910	-110.94200
KAFP	16/34	35.02750	-80.08110	35.01380	-80.07320
KAFW	16L/34R	33.00160	-97.32070	32.97560	-97.31540
KAFW	16R/34L	32.99780	-97.32190	32.97540	-97.31740
KAGC	10/28	40.35430	-79.94110	40.35430	-79.91780
KAGC	13/31	40.35730	-79.93430	40.35210	-79.92240
KAGO	18/36	33.23430	-93.21670	33.22170	-93.21720
KAGR	05/23	27.64090	-81.35150	27.65500	-81.33250
KAGS	08/26	33.36600	-81.96920	33.36940	-81.95000
KAGS	17/35	33.38240	-81.97080	33.36090	-81.96550
KAGZ	09/27	43.06360	-98.30360	43.06310	-98.29060
KAGZ	14/32	43.06390	-98.29690	43.05890	-98.29220
KAHC	09/27	40.26770	-120.16500	40.26460	-120.14000
KAHH	18/36	45.28660	-92.37560	45.27570	-92.37520
KAHN	02/20	33.94270	-83.32490	33.95300	-83.32020
KAHN	09/27	33.94890	-83.33820	33.94940	-83.32000
KAHQ	02/20	41.23620	-96.59700	41.24650	-96.59100
KAHQ	13/31	41.24280	-96.59910	41.23560	-96.59170
KAIA	08/26	42.05870	-102.82000	42.05890	-102.79700
KAIA	12/30	42.06000	-102.81900	42.04240	-102.79400
KAIA	17/35	42.05940	-102.79500	42.04210	-102.79500
KAIB	05/23	38.23550	-108.57100	38.24210	-108.55700
KAIB	11/29	38.24180	-108.56800	38.23560	-108.55700
KAID	12/30	40.11190	-85.62290	40.10570	-85.60550
KAID	18/36	40.11300	-85.61110	40.10360	-85.61110
KAIG	09/27	45.15340	-89.12000	45.15460	-89.10700
KAIG	17/35	45.15960	-89.11050	45.14910	-89.10610
KAIK	01/19	33.64350	-81.68090	33.65400	-81.68080
KAIK	07/25	33.64610	-81.69580	33.65360	-81.68010
KAIO	02/20	41.39520	-95.05410	41.40790	-95.04730
KAIO	12/30	41.41100	-95.05280	41.40520	-95.04090
KAIT	08/26	46.54520	-93.68760	46.54550	-93.67410
KAIT	16/34	46.55600	-93.67650	46.54540	-93.67220
KAIV	06/24	33.10320	-88.20490	33.10970	-88.19070
KAIZ	04/22	38.08890	-92.55630	38.10310	-92.54270
KAJG	04/22	38.60200	-87.72990	38.61040	-87.72080
KAJG	13/31	38.61090	-87.73390	38.60280	-87.72200
KAJO	07/25	33.89790	-117.60800	33.89770	-117.59700
KAJR	06/24	34.49580	-83.56440	34.50400	-83.54900
KAJZ	03/21	38.78070	-108.07000	38.79210	-108.05700
KAKH	03/21	35.19810	-81.15290	35.20720	-81.14690
KAKO	11/29	40.18030	-103.23300	40.17090	-103.21100
KAKQ	03/21	36.98150	-77.00330	36.99290	-76.99900
KAKR	07/25	41.03330	-81.47780	41.04150	-81.45760
KALB	01/19	42.73720	-73.80430	42.75690	-73.80510
KALB	10/28	42.74920	-73.81210	42.74980	-73.78530
KALI	13/31	27.74530	-98.03390	27.73380	-98.02070
KALI	17/35	27.74510	-98.02680	27.73280	-98.02670
KALM	04/22	32.83320	-105.99900	32.84670	-105.98200
KALN	11/29	38.89520	-90.05500	38.88640	-90.02880
KALN	17/35	38.89850	-90.05250	38.88070	-90.04990
KALO	12/30	42.56600	-92.41200	42.55190	-92.38730
KALO	18/36	42.56590	-92.40150	42.54960	-92.40450
KALS	02/20	37.42520	-105.87600	37.44510	-105.86000
KALW	02/20	46.08530	-118.29200	46.09980	-118.27700
KALX	18/36	32.92220	-85.96330	32.90730	-85.96260
KAMA	04/22	35.20510	-101.73300	35.23090	-101.70000
KAMA	13/31	35.22970	-101.69700	35.21370	-101.67900
KAMG	15/33	31.54210	-82.51050	31.53010	-82.50260
KAMN	09/27	43.32300	-84.69600	43.32300	-84.67720
KAMN	18/36	43.32520	-84.69000	43.31640	-84.69000
KAMT	05/23	38.84780	-83.57090	38.85510	-83.56160
KAMW	01/19	41.98270	-93.62480	41.99770	-93.61880
KAMW	13/31	41.99850	-93.62640	41.99160	-93.61750
KANB	05/23	33.58180	-85.86670	33.59450	-85.84950
KAND	05/23	34.48860	-82.71590	34.50010	-82.70160
KAND	17/35	34.50150	-82.71210	34.48820	-82.70810
KANE	09/27	45.14480	-93.22010	45.14470	-93.20460
KANE	18/36	45.15170	-93.20990	45.13840	-93.21010
KANJ	14/32	46.48440	-84.37560	46.47410	-84.36120
KANK	06/24	38.53490	-106.06100	38.54160	-106.03700
KANP	12/30	38.94390	-76.57260	38.94180	-76.56420
KANQ	05/23	41.63550	-85.08950	41.64390	-85.07740
KANW	13/31	42.58750	-99.99590	42.57700	-99.98130
KANW	17/35	42.58610	-99.99670	42.56740	-99.99640
KANY	10/28	37.15890	-98.08430	37.15740	-98.07690
KANY	17/35	37.16370	-98.07900	37.15380	-98.07910
KAOC	6/24	43.60050	-113.34600	43.60660	-113.32300
KAOH	10/28	40.70690	-84.03590	40.70690	-84.01740
KAOO	03/21	40.28870	-78.32310	40.30310	-78.31770
KAOO	12/30	40.29860	-78.32560	40.29540	-78.31320
KAOV	13/31	36.97560	-92.68620	36.96820	-92.67770
KAPA	10/28	39.57290	-104.84800	39.56820	-104.83200
KAPA	17L/35R	39.58410	-104.85100	39.55670	-104.85000
KAPA	17R/35L	39.57900	-104.85400	39.55980	-104.85300
KAPC	01L/19R	38.20799	-122.28529	38.22321	-122.27798
KAPC	01R/19L	38.21206	-122.28143	38.21852	-122.27829
KAPC	6/24	38.20771	-122.28851	38.21087	-122.27154
KAPF	05/23	26.14720	-81.78140	26.15760	-81.77010
KAPF	14/32	26.15760	-81.78030	26.14800	-81.76930
KAPF	NE/SW	26.14860	-81.78050	26.15230	-81.77660
KAPG	04/22	39.45580	-76.17500	39.47510	-76.16150
KAPH	05/23	38.06670	-77.32160	38.07110	-77.31640
KAPN	01/19	45.06490	-83.56140	45.08960	-83.56150
KAPN	07/25	45.07600	-83.56670	45.08300	-83.54990
KAPT	04/22	35.05690	-85.58890	35.06450	-85.58170
KAPV	08/26	34.56960	-117.19400	34.56960	-117.18000
KAPV	18/36	34.58750	-117.18300	34.57040	-117.18900
KAPY	12/30	26.97320	-99.25480	26.96440	-99.24300
KAQO	13/31	30.78880	-98.66140	30.78220	-98.65450
KAQO	17/35	30.78950	-98.66210	30.77800	-98.66190
KAQP	04/22	45.22530	-96.00890	45.23060	-96.00160
KAQP	13/31	45.23030	-96.00860	45.22340	-95.99900
KAQR	18/36	34.40250	-96.14800	34.39420	-96.14820
KAQW	11/29	42.69780	-73.17780	42.69390	-73.16280
KAQX	17/35	33.00170	-81.27270	32.98860	-81.26770
KARA	16/34	30.04850	-91.88660	30.02700	-91.88120
KARB	06/24	42.22020	-83.75010	42.22580	-83.73960
KARG	04/22	36.11360	-90.93370	36.12520	-90.91930
KARG	13/31	36.13460	-90.93130	36.12490	-90.91930
KARG	18/36	36.13270	-90.92330	36.11900	-90.92330
KARM	14/32	29.26030	-96.15820	29.24830	-96.15060
KARR	09/27	41.77020	-88.48540	41.77040	-88.46150
KARR	15/33	41.78000	-88.48620	41.76740	-88.47510
KARR	18/36	41.77660	-88.47160	41.76780	-88.47160
KART	07/25	43.98780	-76.02990	43.99600	-76.01470
KART	10/28	43.99230	-76.03070	43.99160	-76.01170
KARV	10/28	45.92490	-89.73520	45.92310	-89.72130
KARV	18/36	45.93770	-89.73300	45.92360	-89.73270
KARW	07/25	32.40980	-80.63920	32.41450	-80.62950
KASD	18/36	30.35060	-89.82080	30.33950	-89.82070
KASE	15/33	39.23220	-106.87320	39.21160	-106.86330
KASG	18/36	36.18360	-94.11810	36.16920	-94.12040
KASH	14/32	42.78580	-71.52340	42.77770	-71.50610
KASJ	01/19	36.29130	-77.17090	36.30370	-77.17060
KASL	02/20	32.51770	-94.30980	32.52610	-94.30580
KASL	15/33	32.52590	-94.31100	32.51330	-94.30460
KASN	04/22	33.56320	-86.05660	33.57660	-86.04520
KAST	08/26	46.15980	-123.89000	46.15830	-123.86700
KAST	14/32	46.16290	-123.88300	46.15060	-123.87500
KASW	09/27	41.27240	-85.84620	41.27270	-85.82440
KASW	18/36	41.28340	-85.84730	41.27240	-85.84710
KASX	02/20	46.54060	-90.92470	46.55390	-90.91730
KASX	13/31	46.55360	-90.92130	46.54740	-90.91070
KASY	15/33	46.02840	-99.35700	46.01810	-99.34870
KATA	05/23	33.09960	-94.19970	33.10600	-94.18990
KATA	15/33	33.10490	-94.19700	33.09870	-94.19370
KATL	08L/26R	33.64950	-84.43900	33.64950	-84.40950
KATL	08R/26L	33.64680	-84.43840	33.64680	-84.40550
KATL	09L/27R	33.63470	-84.44800	33.63470	-84.40890
KATL	09R/27L	33.63180	-84.44800	33.63180	-84.41840
KATL	10/28	33.62030	-84.44790	33.62030	-84.41830
KATS	04/22	32.84600	-104.47500	32.85830	-104.46100
KATS	13/31	32.85820	-104.47400	32.84770	-104.46100
KATW	03/21	44.24890	-88.52620	44.26860	-88.51270
KATW	12/30	44.26120	-88.52970	44.25330	-88.50740
KATY	12/30	44.92220	-97.16930	44.91150	-97.14740
KATY	17/35	44.92060	-97.15100	44.90170	-97.15120
KAUG	08/26	44.31730	-69.79810	44.32070	-69.78900
KAUG	17/35	44.32770	-69.80370	44.31540	-69.79500
KAUH	16/34	40.89990	-97.99610	40.88830	-97.99300
KAUM	17/35	43.67050	-92.93440	43.65480	-92.93140
KAUN	07/25	38.95430	-121.08800	38.95530	-121.07500
KAUO	11/29	32.61960	-85.43730	32.61630	-85.42490
KAUO	18/36	32.62020	-85.43600	32.60570	-85.43630
KAUS	18L/36R	30.20380	-97.65790	30.17910	-97.65720
KAUS	18R/36L	30.21360	-97.67940	30.17990	-97.67850
KAUW	04/22	44.92270	-89.62460	44.92880	-89.61630
KAUW	12/30	44.93020	-89.63840	44.92240	-89.62270
KAVC	01/19	36.68140	-78.05410	36.69510	-78.05480
KAVK	09/27	36.76940	-98.67500	36.76940	-98.66860
KAVK	18/36	36.78070	-98.66900	36.76910	-98.66910
KAVL	17/35	35.44650	-82.54640	35.42590	-82.53720
KAVO	05/23	27.58450	-81.53510	27.59490	-81.52330
KAVO	10/28	27.59360	-81.53450	27.59350	-81.52270
KAVP	04/22	41.32870	-75.73150	41.34600	-75.71680
KAVP	10/28	41.34060	-75.72990	41.34030	-75.71420
KAVQ	03/21	32.40340	-111.22300	32.41090	-111.21400
KAVQ	12/30	32.41770	-111.22600	32.40410	-111.21100
KAVX	04/22	33.40240	-118.42000	33.40730	-118.41200
KAWG	13/31	41.27940	-91.67780	41.27290	-91.66910
KAWG	18/36	41.27960	-91.67630	41.26860	-91.67710
KAWM	17/35	35.14330	-90.23440	35.12680	-90.23450
KAWO	11/29	48.16170	-122.16900	48.15590	-122.15700
KAWO	16/34	48.16930	-122.15700	48.15470	-122.15600
KAXA	12/30	43.08150	-94.27840	43.07430	-94.26730
KAXA	18/36	43.08220	-94.27000	43.07440	-94.27140
KAXH	09/27	29.50660	-95.48480	29.50560	-95.46910
KAXN	04/22	45.86260	-95.39970	45.86990	-95.38750
KAXN	13/31	45.87160	-95.40210	45.86100	-95.38900
KAXQ	06/24	41.22180	-79.44630	41.22980	-79.43580
KAXS	17/35	34.70630	-99.33810	34.69120	-99.33810
KAXV	08/26	40.49180	-84.30770	40.49500	-84.29020
KAXX	17/35	36.43420	-105.28900	36.40980	-105.29000
KAYS	01/19	31.23900	-82.39810	31.25540	-82.39840
KAYS	05/23	31.24320	-82.39980	31.25350	-82.38890
KAYS	13/31	31.25350	-82.39640	31.24750	-82.38760
KAYX	03/21	35.38540	-86.09090	35.39970	-86.08080
KAZC	02/20	36.95360	-113.01700	36.96600	-113.00900
KAZC	11/29	36.96470	-113.02400	36.95540	-113.00600
KAZE	14/32	31.88950	-82.65200	31.87990	-82.64280
KAZO	05/23	42.23480	-85.55810	42.24150	-85.54910
KAZO	09/27	42.23390	-85.55810	42.23390	-85.54780
KAZO	17/35	42.24250	-85.55200	42.22480	-85.54830
KB16	10L/28R	43.08050	-76.54610	43.08100	-76.53250
KB16	10R/28L	43.07950	-76.54240	43.07980	-76.53190
KB19	06/24	43.46190	-70.47720	43.46650	-70.46780
KB21	17/35	45.08940	-70.21860	45.08280	-70.21360
KBAB	15/33	39.15170	-121.44300	39.12050	-121.43000
KBAD	15/33	32.51610	-93.67180	32.48780	-93.65350
KBAF	02/20	42.14530	-72.71880	42.16960	-72.71290
KBAF	15/33	42.16350	-72.72110	42.15290	-72.70930
KBAK	05/23	39.25520	-85.90490	39.26770	-85.88890
KBAK	14/32	39.26740	-85.90190	39.25770	-85.88940
KBAM	04/22	40.59380	-116.88500	40.60700	-116.86500
KBAM	13/31	40.60530	-116.88200	40.59010	-116.86500
KBAX	04/22	43.77860	-82.98910	43.78710	-82.98280
KBAX	17/35	43.78500	-82.98760	43.77180	-82.98260
KBAZ	13/31	29.71210	-98.04660	29.70160	-98.03480
KBAZ	17/35	29.70950	-98.04360	29.69480	-98.04380
KBBB	14/32	45.33630	-95.65520	45.32750	-95.64590
KBBD	17/35	31.18530	-99.32460	31.17260	-99.32470
KBBG	14/32	36.54010	-93.20750	36.52400	-93.19360
KBBP	07/25	34.61800	-79.74130	34.62550	-79.72740
KBBW	14/32	41.44140	-99.64620	41.43150	-99.63820
KBCB	13/31	37.21050	-80.41480	37.20480	-80.40090
KBCE	03/21	37.69940	-112.15500	37.71340	-112.13600
KBCK	08/26	44.24970	-90.86390	44.25180	-90.84660
KBCT	05/23	26.37230	-80.11440	26.38470	-80.10100
KBDE	12/30	48.73230	-94.62200	48.72460	-94.60240
KBDG	17/35	37.59130	-109.48300	37.57540	-109.48300
KBDH	03/21	45.11240	-95.12720	45.11910	-95.12050
KBDH	13/31	45.12250	-95.14050	45.11290	-95.12410
KBDJ	05/23	46.13220	-89.65490	46.13940	-89.64410
KBDJ	16/34	46.14160	-89.64720	46.13330	-89.64320
KBDL	06/24	41.93200	-72.69660	41.95070	-72.67210
KBDL	15/33	41.94240	-72.69330	41.92930	-72.67530
KBDN	17/35	44.10170	-121.20000	44.08740	-121.20000
KBDQ	09/27	35.13340	-92.72010	35.13340	-92.70690
KBDR	06/24	41.15700	-73.13200	41.16610	-73.11990
KBDR	11/29	41.16620	-73.13500	41.16450	-73.11780
KBDU	08/26	40.03910	-105.23300	40.03910	-105.21900
KBEA	12/30	28.36600	-97.79640	28.35780	-97.78570
KBEA	18/36	28.37210	-97.79290	28.36530	-97.79420
KBEC	01/19	37.68370	-97.21750	37.70530	-97.21250
KBED	05/23	42.46340	-71.29690	42.47460	-71.28540
KBED	11/29	42.47180	-71.30040	42.46940	-71.27460
KBEH	10/28	42.12790	-86.43680	42.12780	-86.41800
KBEH	14/32	42.13270	-86.43380	42.12600	-86.42370
KBFA	17/35	45.17280	-84.92590	45.15880	-84.92220
KBFD	05/23	41.79800	-78.64500	41.80690	-78.63350
KBFD	14/32	41.80930	-78.64880	41.79730	-78.63210
KBFE	02/20	33.16580	-102.19700	33.17870	-102.18900
KBFE	13/31	33.17760	-102.19600	33.17220	-102.18900
KBFF	05/23	41.86980	-103.61100	41.87800	-103.58300
KBFF	12/30	41.88230	-103.60500	41.86610	-103.58400
KBFI	14L/32R	47.53802	-122.30748	47.52920	-122.30002
KBFI	14R/32L	47.54055	-122.31137	47.51675	-122.29125
KBFK	17/35	36.86920	-99.61860	36.85810	-99.61860
KBFL	12L/30R	35.44630	-119.07100	35.42510	-119.04600
KBFL	12R/30L	35.43090	-119.05600	35.42370	-119.04700
KBFM	14/32	30.63310	-88.07990	30.61320	-88.05980
KBFM	18/36	30.64200	-88.06590	30.62060	-88.06590
KBFR	06/24	38.83540	-86.44810	38.83990	-86.43900
KBFR	13/31	38.84560	-86.45270	38.83780	-86.44050
KBGD	03/21	35.69600	-101.39800	35.70420	-101.39000
KBGD	17/35	35.71000	-101.39400	35.69270	-101.39300
KBGE	09/27	30.97280	-84.64330	30.97290	-84.62570
KBGE	14/32	30.97540	-84.64490	30.96510	-84.63430
KBGF	18/36	35.18440	-86.06590	35.17070	-86.06640
KBGM	10/28	42.20510	-75.98890	42.20590	-75.97050
KBGM	16/34	42.21920	-75.98680	42.20270	-75.97310
KBGR	15/33	44.81840	-68.84390	44.79650	-68.81230
KBHB	04/22	44.44390	-68.36730	44.45680	-68.35900
KBHB	17/35	44.45270	-68.36250	44.44470	-68.35620
KBHC	08/26	31.71200	-82.40160	31.71560	-82.38600
KBHK	13/31	46.35260	-104.26600	46.34270	-104.25300
KBHM	06/24	33.55480	-86.77160	33.57040	-86.74450
KBHM	18/36	33.57320	-86.74720	33.55370	-86.74720
KBID	10/28	41.16770	-71.58240	41.16850	-71.57330
KBIE	14/32	40.30500	-96.75950	40.29540	-96.75010
KBIE	18/36	40.30980	-96.75360	40.29440	-96.75350
KBIF	04/22	31.83610	-106.39500	31.86300	-106.36500
KBIH	08/26	37.37360	-118.37400	37.37350	-118.35500
KBIH	12/30	37.38010	-118.37300	37.36550	-118.35500
KBIH	17/35	37.38070	-118.36200	37.36540	-118.36200
KBIJ	05/23	31.39260	-84.90150	31.40240	-84.88810
KBIL	07/25	45.80770	-108.55800	45.80930	-108.53700
KBIL	10L/28R	45.81270	-108.55500	45.80210	-108.51700
KBIL	10R/28L	45.80920	-108.56300	45.80530	-108.54900
KBIS	03/21	46.76260	-100.74800	46.77670	-100.73200
KBIS	13/31	46.78400	-100.76200	46.76620	-100.73800
KBIV	08/26	42.74130	-86.11880	42.74440	-86.09590
KBIX	04/22	30.40190	-88.93140	30.41900	-88.91740
KBJC	03/21	39.90590	-105.11800	39.91400	-105.11100
KBJC	12L/30R	39.91530	-105.12800	39.90140	-105.10200
KBJC	12R/30L	39.91420	-105.13200	39.90340	-105.11100
KBJI	07/25	47.50690	-94.94510	47.51120	-94.92290
KBJI	13/31	47.51600	-94.94300	47.50340	-94.92380
KBJJ	10/28	40.87480	-81.89760	40.87480	-81.87890
KBKD	04/22	32.71670	-98.89460	32.72140	-98.88910
KBKD	13/31	32.72060	-98.89550	32.71600	-98.88990
KBKD	17/35	32.72460	-98.89100	32.71090	-98.89090
KBKE	08/26	44.83700	-117.81500	44.83570	-117.79900
KBKE	13/31	44.84230	-117.81300	44.83130	-117.80100
KBKE	17/35	44.84480	-117.81300	44.83290	-117.81300
KBKF	14/32	39.71500	-104.76100	39.68850	-104.74300
KBKL	06L/24R	41.51390	-81.69270	41.52290	-81.67350
KBKL	06R/24L	41.51270	-81.69170	41.52030	-81.67560
KBKN	17/35	36.74990	-97.34960	36.74030	-97.34960
KBKS	14/32	27.20900	-98.12530	27.20170	-98.12050
KBKS	17/35	27.21460	-98.12010	27.20090	-98.12010
KBKT	04/22	37.06870	-77.95700	37.07920	-77.94800
KBKV	03/21	28.46410	-82.45290	28.47650	-82.44600
KBKV	09/27	28.47590	-82.47060	28.47600	-82.44880
KBKW	01/19	37.78210	-81.12580	37.80040	-81.12270
KBKW	10/28	37.78210	-81.13260	37.78110	-81.11550
KBKX	12/30	44.30970	-96.82170	44.30070	-96.80620
KBKX	17/35	44.30920	-96.82170	44.29930	-96.82090
KBLF	05/23	37.29090	-81.21310	37.30060	-81.20220
KBLH	08/26	33.61660	-114.72800	33.61650	-114.70600
KBLH	17/35	33.63000	-114.71700	33.61410	-114.71700
KBLI	16/34	48.80190	-122.53800	48.78350	-122.53700
KBLM	03/21	40.18040	-74.12510	40.18980	-74.12020
KBLM	14/32	40.19460	-74.13570	40.18110	-74.11640
KBLU	15/33	39.27940	-120.71100	39.27050	-120.70900
KBLV	14L/32R	38.55620	-89.83350	38.53630	-89.80950
KBLV	14R/32L	38.55180	-89.86190	38.53590	-89.84270
KBMC	17/35	41.56270	-112.06200	41.54210	-112.06200
KBMG	06/24	39.13780	-86.62300	39.14280	-86.61110
KBMG	17/35	39.15820	-86.61810	39.14050	-86.61480
KBMI	02/20	40.46410	-88.91600	40.48490	-88.90720
KBMI	11/29	40.48310	-88.93230	40.47760	-88.91000
KBML	18/36	44.58130	-71.17910	44.56750	-71.17370
KBMQ	01/19	30.73230	-98.24080	30.74550	-98.23640
KBMT	13/31	30.07440	-94.22050	30.06710	-94.21120
KBNA	02C/20C	36.10330	-86.68800	36.12420	-86.67960
KBNA	02L/20R	36.11770	-86.68650	36.13780	-86.67860
KBNA	02R/20L	36.11270	-86.66760	36.13360	-86.65930
KBNA	13/31	36.14130	-86.69540	36.12050	-86.66820
KBNG	08/26	33.92261	-116.85916	33.92250	-116.84283
KBNL	05/23	33.25260	-81.39830	33.26270	-81.38610
KBNL	17/35	33.26460	-81.38720	33.25130	-81.38160
KBNO	03/21	43.58850	-118.95800	43.59690	-118.94600
KBNO	12/30	43.59700	-118.96400	43.58720	-118.95000
KBNW	02/20	42.04680	-93.85210	42.05500	-93.84690
KBNW	15/33	42.05430	-93.85080	42.04300	-93.84180
KBOI	10L/28R	43.57020	-116.23700	43.55860	-116.20300
KBOI	10R/28L	43.57000	-116.24300	43.55870	-116.20900
KBOS	04L/22R	42.35800	-71.01434	42.37832	-71.00451
KBOS	04R/22L	42.35106	-71.01180	42.37692	-70.99929
KBOS	09/27	42.35580	-71.01290	42.36020	-70.98770
KBOS	14/32	42.35660	-71.02330	42.34860	-71.00820
KBOS	15L/33R	42.37360	-71.00910	42.36860	-71.00250
KBOS	15R/33L	42.37430	-71.01790	42.35460	-70.99160
KBOW	05/23	27.93810	-81.78940	27.94770	-81.77820
KBOW	09L/27R	27.94460	-81.79060	27.94520	-81.77510
KBOW	09R/27L	27.94180	-81.79040	27.94240	-81.77680
KBPG	06/24	32.20610	-101.52900	32.21110	-101.51500
KBPG	17/35	32.22680	-101.52100	32.20260	-101.52200
KBPI	08/26	42.57670	-110.11000	42.57630	-110.09800
KBPI	13/31	42.59300	-110.11800	42.57720	-110.10400
KBPK	05/23	36.36470	-92.47720	36.37320	-92.46390
KBPT	12/30	29.95530	-94.02780	29.94580	-94.00950
KBPT	16/34	29.95800	-94.02540	29.94450	-94.02150
KBQK	07/25	31.25420	-81.47810	31.26340	-81.45490
KBQP	16/34	32.76140	-91.88240	32.75080	-91.87870
KBQR	09/27	42.92140	-78.61810	42.92320	-78.60640
KBRD	05/23	46.39460	-94.14630	46.40520	-94.12560
KBRD	12/30	46.39900	-94.14810	46.39250	-94.13490
KBRD	16/34	46.41590	-94.13530	46.39890	-94.12760
KBRL	12/30	40.79140	-91.13600	40.78420	-91.11920
KBRL	18/36	40.78880	-91.12390	40.77040	-91.12380
KBRO	13/31	25.91280	-97.43130	25.89830	-97.41550
KBRO	18/36	25.91510	-97.42880	25.89860	-97.42950
KBRY	03/21	37.80790	-85.50280	37.82070	-85.49650
KBST	15/33	44.41320	-69.01740	44.40560	-69.00630
KBTA	13/31	41.41900	-96.11420	41.41060	-96.10380
KBTF	17/35	40.87560	-111.92700	40.86280	-111.92700
KBTL	05L/23R	42.29570	-85.26600	42.31590	-85.24100
KBTL	13/31	42.31420	-85.25460	42.30640	-85.24020
KBTM	12/30	45.95900	-112.50600	45.95020	-112.49000
KBTM	15/33	45.96690	-112.50100	45.94290	-112.49300
KBTN	01/19	45.81360	-97.74660	45.81920	-97.74270
KBTN	13/31	45.81860	-97.74820	45.81050	-97.73650
KBTP	08/26	40.77520	-79.95660	40.77860	-79.94280
KBTR	04L/22R	30.52570	-91.15610	30.53950	-91.14100
KBTR	04R/22L	30.52860	-91.14990	30.53620	-91.14160
KBTR	13/31	30.54070	-91.16090	30.52750	-91.14480
KBTV	01/19	44.46380	-73.15100	44.47360	-73.15310
KBTV	15/33	44.48070	-73.16590	44.46580	-73.14180
KBTY	16/34	36.86840	-116.78700	36.85310	-116.78700
KBUB	15/33	41.78080	-99.15180	41.77260	-99.14760
KBUF	05/23	42.93120	-78.74170	42.94720	-78.72070
KBUF	14/32	42.94690	-78.74170	42.93520	-78.72020
KBUM	18/36	38.29530	-94.33990	38.28430	-94.34040
KBUR	08/26	34.19792	-118.36916	34.19765	-118.34998
KBUR	15/33	34.21234	-118.36048	34.19391	-118.35539
KBUU	01/19	42.68580	-88.30460	42.69250	-88.30270
KBUU	11/29	42.69350	-88.31280	42.68970	-88.29760
KBUY	06/24	36.04430	-79.48160	36.05280	-79.46820
KBVI	10/28	40.77290	-80.39950	40.77210	-80.38330
KBVN	15/33	41.73310	-98.05880	41.72400	-98.05280
KBVO	17/35	36.77100	-96.01140	36.75390	-96.01090
KBVS	04/22	48.46410	-122.42400	48.46860	-122.41400
KBVS	11/29	48.47780	-122.43100	48.46890	-122.41300
KBVX	08/26	35.72310	-91.66110	35.72600	-91.64120
KBVX	18/36	35.73370	-91.63940	35.72520	-91.63960
KBVY	09/27	42.57970	-70.92550	42.58340	-70.90760
KBVY	16/34	42.59190	-70.92190	42.58210	-70.91100
KBWC	08/26	32.99290	-115.52400	32.99300	-115.51000
KBWD	13/31	31.79730	-98.96360	31.78850	-98.95300
KBWD	17/35	31.80190	-98.95510	31.78650	-98.95490
KBWG	03/21	36.95870	-86.42500	36.97420	-86.41390
KBWG	12/30	36.96410	-86.42580	36.95870	-86.41410
KBWI	10/28	39.17470	-76.68960	39.17260	-76.65270
KBWI	15L/33R	39.18740	-76.66350	39.17620	-76.65320
KBWI	15R/33L	39.18540	-76.68200	39.16420	-76.66240
KBWP	03/21	46.24040	-96.61180	46.24750	-96.60390
KBWP	15/33	46.25060	-96.61080	46.23780	-96.60300
KBXA	18/36	30.81890	-89.86470	30.80850	-89.86520
KBXG	08/26	33.03950	-82.00890	33.04310	-81.99650
KBXK	17/35	33.43010	-112.68600	33.41500	-112.68700
KBXM	01R/19L	43.88140	-69.93610	43.90330	-69.93880
KBYG	13/31	44.38730	-106.73000	44.37480	-106.71400
KBYH	18/36	35.98030	-89.94400	35.94840	-89.94400
KBYI	02/20	42.53770	-113.77400	42.54660	-113.76500
KBYI	06/24	42.54200	-113.78100	42.54420	-113.76600
KBYS	04/22	35.27480	-116.64300	35.29170	-116.61700
KBYS	13/31	35.28510	-116.63400	35.27290	-116.62200
KBYY	13/31	28.97810	-95.86920	28.96840	-95.85770
KBZN	03/21	45.76885	-111.15255	45.77392	-111.14512
KBZN	11/29	45.78149	-111.15215	45.77157	-111.13835
KBZN	11G/29G	45.78033	-111.15187	45.77483	-111.14420
KBZN	12/30	45.78809	-111.16648	45.77041	-111.14189
KC02	05/23	42.61180	-88.39530	42.61810	-88.38390
KC03	09/27	41.44610	-85.94270	41.44620	-85.92930
KC04	09/27	43.64050	-86.33560	43.64290	-86.32280
KC04	15/33	43.64390	-86.33220	43.63950	-86.32630
KC08	13/31	38.01920	-105.37900	38.00310	-105.36600
KC09	18/36	41.43090	-88.41880	41.41990	-88.41850
KC15	09/27	40.48810	-89.68490	40.48830	-89.66690
KC16	09/27	40.14500	-88.20750	40.14510	-88.19320
KC16	18/36	40.15240	-88.19650	40.14240	-88.19630
KC17	17/35	42.03490	-91.52990	42.02460	-91.52840
KC20	03/21	41.95180	-86.37140	41.95650	-86.36810
KC20	13/31	41.95340	-86.37280	41.94590	-86.36130
KC24	07/25	37.81970	-106.94300	37.82190	-106.91900
KC27	18/36	42.49830	-91.49850	42.48880	-91.49850
KC29	01/19	43.11220	-89.52860	43.11760	-89.52760
KC29	10/28	43.11490	-89.54060	43.11300	-89.52590
KC35	07/25	43.52480	-89.98760	43.52730	-89.97870
KC35	18/36	43.53180	-89.98220	43.51850	-89.98240
KC47	04/22	43.55730	-89.48580	43.56240	-89.47920
KC47	17/35	43.56580	-89.48340	43.55540	-89.48280
KC62	10/28	41.47290	-85.26880	41.47250	-85.25280
KC65	10/28	41.36570	-86.30820	41.36450	-86.29230
KC71	17/35	31.30020	-91.05370	31.29180	-91.05200
KC73	08/26	41.83250	-89.45450	41.83430	-89.44040
KC73	12/30	41.83610	-89.44890	41.83210	-89.44010
KC74	11/29	42.70610	-90.96950	42.70220	-90.95960
KC75	13/31	41.02180	-89.39160	41.01503	-89.38020
KC75	18/36	41.02260	-89.38550	41.01660	-89.38570
KC77	09/27	42.32370	-88.84190	42.32370	-88.83190
KC77	12/30	42.32400	-88.84260	42.31850	-88.83090
KC77	17/35	42.32770	-88.83530	42.32100	-88.83470
KC80	01/19	36.15930	-120.30000	36.16550	-120.29700
KC80	12/30	36.16800	-120.30000	36.15830	-120.28800
KC81	06/24	42.32250	-88.07970	42.32770	-88.06850
KC81	09/27	42.32400	-88.08010	42.32400	-88.06800
KC83	05/23	37.82230	-121.63000	37.82600	-121.62100
KC83	12/30	37.83570	-121.63200	37.82690	-121.62100
KC91	04/22	41.98900	-86.12550	41.99370	-86.12030
KC91	09/27	41.99370	-86.13910	41.99370	-86.12180
KCAD	07/25	44.27290	-85.43080	44.27840	-85.41340
KCAD	18/36	44.27740	-85.41100	44.27190	-85.41100
KCAE	05/23	33.92850	-81.12400	33.94420	-81.10540
KCAE	11/29	33.94410	-81.13780	33.93820	-81.11030
KCAG	07/25	40.49430	-107.53200	40.49620	-107.51200
KCAK	01/19	40.90720	-81.44140	40.92800	-81.44020
KCAK	05/23	40.90750	-81.45370	40.92160	-81.43350
KCAO	02/20	36.43880	-103.15800	36.45370	-103.14700
KCAO	12/30	36.44960	-103.15100	36.44240	-103.14100
KCAR	01/19	46.86820	-68.01490	46.87890	-68.01850
KCAR	11/29	46.86880	-68.02620	46.86920	-68.01410
KCAV	14/32	42.74450	-93.76280	42.73660	-93.75540
KCBE	05/23	39.61110	-78.76480	39.62180	-78.75350
KCBE	11/29	39.61370	-78.76880	39.61290	-78.76020
KCBF	14/32	41.26350	-95.76530	41.25480	-95.75590
KCBF	18/36	41.26860	-95.75740	41.25760	-95.75780
KCBG	16/34	45.56270	-93.26650	45.55230	-93.26180
KCBK	04/22	39.42540	-101.04800	39.43040	-101.04100
KCBK	12/30	39.42800	-101.04800	39.42290	-101.04100
KCBK	17/35	39.43530	-101.04800	39.42120	-101.04800
KCBM	13C/31C	33.65540	-88.46090	33.63250	-88.43250
KCBM	13L/31R	33.65540	-88.45140	33.63980	-88.43250
KCBM	13R/31L	33.65070	-88.45980	33.63900	-88.44530
KCCA	13/31	35.60150	-92.45660	35.59410	-92.44660
KCCB	06/24	34.10972	-117.69337	34.11350	-117.68144
KCCO	15/33	33.31730	-84.77560	33.30580	-84.76390
KCCR	01L/19R	37.98200	-122.06100	37.99450	-122.05400
KCCR	01R/19L	37.98390	-122.05800	37.99090	-122.05500
KCCR	14L/32R	37.99650	-122.05900	37.98520	-122.05200
KCCR	14R/32L	37.99590	-122.06000	37.98900	-122.05600
KCCY	04/22	43.06930	-92.61220	43.07420	-92.60550
KCCY	12/30	43.07710	-92.61760	43.07070	-92.60540
KCCY	17/35	43.07320	-92.61210	43.06860	-92.61210
KCDA	02/20	44.56460	-72.01940	44.57350	-72.01750
KCDC	02/20	37.69060	-113.10800	37.71020	-113.09100
KCDC	08/26	37.70270	-113.10600	37.70120	-113.09000
KCDH	01/19	33.61400	-92.76510	33.63160	-92.76170
KCDI	04/22	39.97010	-81.58180	39.98000	-81.57340
KCDK	05/23	29.13210	-83.05320	29.13640	-83.04770
KCDN	06/24	34.27920	-80.57140	34.28770	-80.55840
KCDN	14/32	34.28670	-80.56830	34.28090	-80.56130
KCDR	03/21	42.83300	-103.10000	42.84650	-103.08700
KCDR	12/30	42.83810	-103.10400	42.83120	-103.09100
KCDS	04/22	34.43190	-100.29600	34.44020	-100.28600
KCDS	17/35	34.44030	-100.28600	34.42390	-100.28600
KCDW	04/22	40.86780	-74.28630	40.87860	-74.27820
KCDW	10/28	40.87710	-74.28690	40.87830	-74.27350
KCEA	17/35	37.65390	-97.25060	37.64330	-97.25060
KCEC	11/29	41.78500	-124.24200	41.77560	-124.22800
KCEC	17/35	41.78670	-124.23600	41.77330	-124.24000
KCEF	05/23	42.17750	-72.54800	42.20380	-72.52400
KCEF	15/33	42.20620	-72.54210	42.19270	-72.52350
KCEK	13/31	40.62280	-96.93090	40.61640	-96.92210
KCEK	17/35	40.62370	-96.92480	40.61210	-96.92490
KCEU	07/25	34.66960	-82.89360	34.67420	-82.88000
KCEV	04/22	39.69380	-85.13530	39.70010	-85.12930
KCEV	18/36	39.70740	-85.13070	39.68960	-85.13050
KCEW	17/35	30.78970	-86.52410	30.76800	-86.52010
KCEY	05/23	36.65910	-88.38090	36.67010	-88.36470
KCEZ	03/21	37.29560	-108.63600	37.31040	-108.62000
KCFD	15/33	30.72050	-96.33440	30.71080	-96.32830
KCFD	17/35	30.71840	-96.33390	30.71480	-96.33390
KCFE	18/36	45.16260	-93.84320	45.15550	-93.84340
KCFJ	04/22	39.97110	-86.92530	39.98020	-86.91440
KCFS	06/24	43.45400	-83.45370	43.46130	-83.44100
KCFS	13/31	43.46260	-83.44570	43.45940	-83.43820
KCFT	07/25	32.95190	-109.21800	32.95390	-109.20200
KCFV	04/22	37.08850	-95.57290	37.09620	-95.56370
KCFV	17/35	37.10320	-95.57440	37.08710	-95.57430
KCGC	09/27	28.86730	-82.57840	28.86720	-82.56420
KCGC	18/36	28.87280	-82.57900	28.86440	-82.57900
KCGE	16/34	38.54430	-76.03500	38.53440	-76.02580
KCGF	06/24	41.56060	-81.49340	41.56970	-81.47930
KCGI	02/20	37.22080	-89.57280	37.23100	-89.56790
KCGI	10/28	37.22740	-89.58170	37.22250	-89.56030
KCGS	15/33	38.98330	-76.92530	38.97790	-76.91920
KCGZ	05/23	32.95130	-111.77400	32.95850	-111.75900
KCHA	02/20	35.02270	-85.20750	35.04210	-85.20040
KCHA	15/33	35.04520	-85.20830	35.03390	-85.19880
KCHD	04L/22R	33.26410	-111.82000	33.27190	-111.80900
KCHD	04R/22L	33.26570	-111.81400	33.27440	-111.80200
KCHK	03/21	35.09400	-97.96790	35.09980	-97.96330
KCHK	18/36	35.10340	-97.96690	35.09550	-97.96690
KCHN	18/36	27.52040	-81.88050	27.50940	-81.88050
KCHO	03/21	38.13100	-78.45680	38.14630	-78.44890
KCHQ	18/36	36.84650	-89.35960	36.83780	-89.35970
KCHS	03/21	32.88480	-80.04560	32.90230	-80.03620
KCHS	15/33	32.91300	-80.04810	32.89220	-80.03230
KCHT	02/20	39.77770	-93.49940	39.78610	-93.49410
KCHT	14/32	39.78640	-93.49980	39.77790	-93.49150
KCHU	13/31	43.59980	-91.50860	43.59300	-91.49930
KCIC	13L/31R	39.80340	-121.86400	39.78780	-121.85100
KCIC	13R/31L	39.79840	-121.86300	39.79140	-121.85700
KCID	09/27	41.88470	-91.72920	41.88430	-91.69760
KCID	13/31	41.89110	-91.71510	41.87890	-91.69930
KCII	05/23	47.82330	-112.17300	47.82740	-112.15900
KCII	15/33	47.83700	-112.17400	47.82410	-112.16700
KCIN	03/21	42.04330	-94.79250	42.04920	-94.78690
KCIN	13/31	42.05170	-94.79560	42.04070	-94.78170
KCIR	02/20	37.05960	-89.21920	37.06780	-89.21520
KCIR	14/32	37.06880	-89.22600	37.06020	-89.21710
KCIU	09/27	46.25500	-84.48430	46.25500	-84.46460
KCIU	16/34	46.25640	-84.47810	46.23930	-84.46390
KCJR	04/22	38.51940	-77.86380	38.53150	-77.85550
KCKA	17/35	36.75480	-98.12270	36.73300	-98.12360
KCKB	03/21	39.28780	-80.23290	39.30550	-80.22330
KCKC	10/28	47.83899	-90.39473	47.83787	-90.37443
KCKF	06/24	31.98600	-83.78060	31.99490	-83.76830
KCKF	10/28	31.98810	-83.78130	31.98630	-83.76540
KCKI	14/32	33.72180	-79.86310	33.71260	-79.85090
KCKM	18/36	34.30710	-90.51190	34.29230	-90.51270
KCKN	13/31	47.84410	-96.62870	47.83610	-96.61590
KCKN	17/35	47.84590	-96.62200	47.83770	-96.62230
KCKP	01/19	42.73070	-95.55720	42.73610	-95.55580
KCKP	18/36	42.73630	-95.55530	42.72540	-95.55600
KCKV	05/23	36.61910	-87.42000	36.62580	-87.40930
KCKV	17/35	36.62950	-87.41760	36.61350	-87.41270
KCKZ	08/26	40.38720	-75.29760	40.39120	-75.28340
KCLE	10/28	41.41702	-81.85423	41.41607	-81.83237
KCLE	6L/24R	41.39989	-81.87348	41.41576	-81.84840
KCLE	6R/24L	41.40116	-81.86445	41.41531	-81.84207
KCLI	04/22	44.61090	-88.73400	44.61760	-88.72540
KCLI	09/27	44.61130	-88.73260	44.61140	-88.72490
KCLI	14/32	44.61800	-88.73830	44.60880	-88.72620
KCLK	13/31	35.54310	-98.93620	35.54030	-98.93290
KCLK	17/35	35.54300	-98.93220	35.53120	-98.93200
KCLL	11/29	30.59150	-96.37280	30.58690	-96.35730
KCLL	17/35	30.59660	-96.36290	30.57780	-96.35860
KCLM	09/27	48.12100	-123.51200	48.11670	-123.48600
KCLM	13/31	48.12660	-123.50500	48.11910	-123.49800
KCLR	08/26	33.13140	-115.52700	33.13130	-115.51600
KCLS	16/34	46.68390	-122.98300	46.67020	-122.98200
KCLT	18C/36C	35.22710	-80.95310	35.20030	-80.95080
KCLT	18L/36R	35.22440	-80.93610	35.20120	-80.93410
KCLT	18R/36L	35.22500	-80.96740	35.20090	-80.96530
KCLW	16/34	27.98080	-82.76090	27.97260	-82.75650
KCMA	07/25	34.21060	-119.10166	34.21055	-119.09596
KCMA	08/26	34.21380	-119.10400	34.21370	-119.08400
KCMD	02/20	34.26150	-86.86060	34.27590	-86.85550
KCMH	10L/28R	40.00320	-82.90760	40.00160	-82.87920
KCMH	10R/28L	39.99560	-82.90890	39.99350	-82.87290
KCMI	04/22	40.03180	-88.28540	40.04530	-88.27010
KCMI	14L/32R	40.04740	-88.28570	40.03150	-88.26550
KCMR	18/36	35.31030	-112.19200	35.29420	-112.19600
KCMX	07/25	47.16430	-88.49880	47.16990	-88.47950
KCMX	14/32	47.17530	-88.49890	47.16370	-88.47910
KCMY	01/19	43.95110	-90.74020	43.96250	-90.73590
KCMY	11/29	43.96200	-90.74510	43.95730	-90.72940
KCNB	12/30	44.73280	-96.27360	44.72620	-96.25840
KCNC	10/28	41.02080	-93.36350	41.01850	-93.34930
KCNC	17/35	41.02340	-93.36440	41.01570	-93.36440
KCNH	11/29	43.37070	-72.37450	43.37020	-72.36290
KCNK	12/30	39.55240	-97.65510	39.54820	-97.64920
KCNK	18/36	39.55400	-97.65330	39.54410	-97.65320
KCNM	03/21	32.32270	-104.27400	32.33810	-104.25700
KCNM	08/26	32.34230	-104.27100	32.34230	-104.25300
KCNM	14L/32R	32.35180	-104.26000	32.34020	-104.25400
KCNM	14R/32L	32.34290	-104.27100	32.32850	-104.26300
KCNO	03/21	33.97063	-117.64179	33.98028	-117.63044
KCNO	08L/26R	33.97572	-117.64678	33.97585	-117.63075
KCNO	08R/26L	33.97352	-117.64675	33.97371	-117.62366
KCNP	12/30	41.08100	-102.47000	41.07390	-102.45800
KCNU	18/36	37.67370	-95.48590	37.66210	-95.48760
KCNW	17L/35R	31.65160	-97.07380	31.62800	-97.07260
KCNW	17R/35L	31.64380	-97.07580	31.62650	-97.07500
KCNY	03/21	38.74750	-109.76300	38.76240	-109.74700
KCOD	04/22	44.51330	-109.03600	44.52710	-109.01100
KCOE	02/20	47.76660	-116.82100	47.77910	-116.80900
KCOE	06/24	47.77190	-116.83700	47.77880	-116.80900
KCOF	03/21	28.22110	-80.61500	28.24450	-80.60550
KCOF	11/29	28.24140	-80.61530	28.23830	-80.60340
KCOI	11/29	28.34320	-80.69080	28.34000	-80.68020
KCOM	15/33	31.84680	-99.40670	31.83550	-99.40060
KCON	12/30	43.20770	-71.50690	43.20540	-71.49530
KCON	17/35	43.20820	-71.50770	43.19320	-71.49820
KCOQ	07/25	46.70110	-92.50700	46.70360	-92.49520
KCOQ	17/35	46.70570	-92.50560	46.69470	-92.50540
KCOS	12/30	38.82320	-104.71500	38.80710	-104.69500
KCOS	17L/35R	38.81610	-104.68600	38.77900	-104.68600
KCOS	17R/35L	38.82410	-104.71600	38.79380	-104.71600
KCOT	13/31	28.46150	-99.22390	28.45190	-99.21280
KCOU	02/20	38.80520	-92.22370	38.82180	-92.21540
KCOU	13/31	38.82890	-92.22500	38.82030	-92.21420
KCPC	06/24	34.26730	-78.72110	34.27850	-78.70890
KCPK	05/23	36.65960	-76.32630	36.67170	-76.31500
KCPM	07L/25R	33.89017	-118.24929	33.89023	-118.23835
KCPM	07R/25L	33.88962	-118.24929	33.88968	-118.23835
KCPR	03/21	42.89340	-106.47500	42.91350	-106.44900
KCPR	17/35	42.92010	-106.47000	42.89900	-106.46900
KCPS	05/23	38.57240	-90.16850	38.57760	-90.16140
KCPS	12L/30R	38.57380	-90.15820	38.56820	-90.14700
KCPS	12R/30L	38.57400	-90.16510	38.56380	-90.14430
KCPT	15/33	32.36110	-97.43700	32.34640	-97.43050
KCPU	13/31	38.15020	-120.65200	38.14200	-120.64500
KCQA	08/26	40.48340	-84.56690	40.48470	-84.55330
KCQB	17/35	35.72960	-96.82030	35.71860	-96.82030
KCQM	13/31	47.82510	-92.69390	47.81870	-92.68500
KCQW	08/26	34.71050	-79.96480	34.71520	-79.94920
KCQX	06/24	41.68540	-69.99330	41.69140	-69.98570
KCRE	05/23	33.80600	-78.73100	33.81750	-78.71680
KCRG	05/23	30.32890	-81.51890	30.33670	-81.51000
KCRG	14/32	30.34380	-81.51890	30.33600	-81.51000
KCRP	13/31	27.77700	-97.51340	27.76220	-97.49720
KCRP	17/35	27.77960	-97.49630	27.76290	-97.49600
KCRQ	06/24	33.12700	-117.28800	33.12950	-117.27200
KCRS	02/20	32.02490	-96.40650	32.03310	-96.40260
KCRS	14/32	32.03310	-96.40270	32.02190	-96.39340
KCRT	05/23	33.17420	-91.88670	33.18270	-91.87390
KCRW	05/23	38.36960	-81.60170	38.38140	-81.58560
KCRX	18/36	34.92380	-88.60470	34.90610	-88.60230
KCRZ	18/36	40.99780	-94.75490	40.99040	-94.75510
KCSB	15/33	40.31170	-100.16500	40.30150	-100.15900
KCSG	06/24	32.51120	-84.94530	32.52250	-84.92700
KCSG	13/31	32.51870	-84.94880	32.51210	-84.93840
KCSM	17L/35R	35.34370	-99.19800	35.32940	-99.19800
KCSM	17R/35L	35.35970	-99.20140	35.32260	-99.20150
KCSQ	04/22	41.02070	-94.36400	41.02400	-94.35970
KCSQ	16/34	41.02760	-94.36610	41.01460	-94.36150
KCSV	08/26	35.94920	-85.09380	35.95340	-85.07620
KCTB	05/23	48.60650	-112.38500	48.61290	-112.36600
KCTB	14/32	48.61340	-112.38200	48.60060	-112.37200
KCTJ	17/35	33.63940	-85.15490	33.62440	-85.14970
KCTK	09/27	40.57070	-90.08170	40.57070	-90.06990
KCTK	18/36	40.57310	-90.07390	40.56240	-90.07420
KCTY	04/22	29.63400	-83.10790	29.64400	-83.09700
KCTY	13/31	29.63680	-83.11270	29.62730	-83.10130
KCTZ	06/24	34.97200	-78.37010	34.97930	-78.35910
KCUB	13/31	33.97460	-81.00180	33.96630	-80.98860
KCUH	02/20	35.94730	-96.77470	35.95400	-96.77030
KCUH	08/26	35.95060	-96.78170	35.95060	-96.77250
KCUH	11/29	35.95090	-96.78110	35.94710	-96.77380
KCUH	18/36	35.95730	-96.76930	35.94300	-96.76910
KCUL	18/36	38.09500	-88.12300	38.08400	-88.12310
KCUT	08/26	43.73230	-103.63000	43.73390	-103.60900
KCVB	16/34	29.36047	-98.85377	29.33590	-98.84866
KCVG	09/27	39.04640	-84.69510	39.04630	-84.65280
KCVG	18C/36C	39.06470	-84.66860	39.03450	-84.66870
KCVG	18L/36R	39.05590	-84.64670	39.02840	-84.64680
KCVG	18R/36L	39.07090	-84.68370	39.04890	-84.68380
KCVH	06/24	36.88970	-121.41300	36.89240	-121.40300
KCVH	13/31	36.90130	-121.41800	36.88760	-121.40500
KCVK	04/22	36.25950	-91.56840	36.27020	-91.55690
KCVN	04/22	34.42060	-103.08600	34.43250	-103.07100
KCVN	08/26	34.41960	-103.08600	34.41960	-103.07700
KCVN	12/30	34.43160	-103.08500	34.42140	-103.07100
KCVO	10/28	44.50124	-123.28932	44.49829	-123.27911
KCVO	17/35	44.50350	-123.29100	44.48740	-123.29400
KCVS	04/22	34.37670	-103.33200	34.39620	-103.30800
KCVS	13/31	34.38630	-103.33400	34.37030	-103.31500
KCVX	04/22	45.30360	-85.27120	45.30610	-85.26760
KCVX	09/27	45.30420	-85.28580	45.30530	-85.26820
KCWA	08/26	44.77990	-89.67550	44.78450	-89.64680
KCWA	17/35	44.78100	-89.67550	44.76350	-89.67120
KCWC	17/35	33.86670	-98.49040	33.85450	-98.49040
KCWF	15/33	30.22390	-93.15050	30.19730	-93.13590
KCWI	03/21	41.82630	-90.33300	41.83870	-90.32360
KCWI	14/32	41.83320	-90.33420	41.82490	-90.32640
KCWV	09/27	32.19490	-81.87760	32.19520	-81.86150
KCXE	18/36	36.79300	-78.50210	36.78370	-78.50100
KCXL	08/26	32.66760	-115.52500	32.66730	-115.51000
KCXO	01/19	30.34560	-95.41950	30.35610	-95.41580
KCXO	14/32	30.35930	-95.41780	30.34570	-95.40700
KCXP	09/27	39.19450	-119.74400	39.18990	-119.72400
KCXU	08/26	31.21190	-84.24310	31.21400	-84.23050
KCXY	08/26	40.21560	-76.85850	40.22000	-76.84160
KCXY	12/30	40.21870	-76.85950	40.21390	-76.84700
KCYO	01/19	39.51000	-82.98260	39.52200	-82.98170
KCYS	09/27	41.15680	-104.82100	41.15440	-104.78800
KCYS	13/31	41.16220	-104.82700	41.14920	-104.81000
KCYW	17/35	39.39290	-97.15700	39.38140	-97.15740
KCZD	13/31	40.87330	-100.00900	40.86490	-99.99910
KCZD	18/36	40.87340	-100.00100	40.86530	-100.00300
KCZG	03/21	42.07360	-76.09920	42.08340	-76.09340
KCZL	17/35	34.46350	-84.94130	34.44740	-84.93710
KCZT	13/31	28.52700	-99.82920	28.51750	-99.81800
KD00	15/33	47.26430	-96.40300	47.25660	-96.39750
KD02	17/35	43.29720	-92.79610	43.28780	-92.79610
KD05	03/21	47.65360	-101.44000	47.65970	-101.43300
KD05	13/31	47.65890	-101.44100	47.65110	-101.43200
KD07	13/31	45.04100	-102.02500	45.03170	-102.01500
KD09	03/21	48.82920	-100.42100	48.83380	-100.41700
KD09	13/31	48.83340	-100.42200	48.82620	-100.41100
KD11	05/23	43.71650	-85.00760	43.72350	-84.99800
KD14	14/32	47.55520	-96.29560	47.54860	-96.28840
KD17	04/22	38.75400	-108.15300	38.76100	-108.14200
KD17	13/31	38.76040	-108.15500	38.75610	-108.15000
KD25	04/22	46.11530	-89.88450	46.12180	-89.87550
KD25	14/32	46.12530	-89.88860	46.11790	-89.87990
KD31	09/27	48.28610	-99.40830	48.28440	-99.39620
KD37	04/22	48.18910	-96.71590	48.19360	-96.70750
KD37	12/30	48.19370	-96.71570	48.18800	-96.70570
KD39	08/26	45.70880	-94.93800	45.70870	-94.92940
KD39	14/32	45.70900	-94.93640	45.70110	-94.93010
KD42	13/31	44.23420	-95.00380	44.22790	-94.99410
KD50	03/21	48.92500	-103.29900	48.93030	-103.29100
KD50	12/30	48.93220	-103.30300	48.92480	-103.29200
KD54	18/36	46.90420	-96.91860	46.89500	-96.91860
KD55	08/26	48.75640	-98.39420	48.75640	-98.38440
KD55	14/32	48.75890	-98.39750	48.75140	-98.38810
KD56	17/35	47.48250	-97.32830	47.47370	-97.32830
KD57	11/29	46.81680	-101.87200	46.81180	-101.85800
KD60	03/21	48.37770	-102.90200	48.38430	-102.89400
KD60	12/30	48.38440	-102.90500	48.37600	-102.89100
KD64	13/31	48.91640	-101.03700	48.91030	-101.03000
KD68	03/21	34.12200	-109.32100	34.13870	-109.30200
KD68	11/29	34.13640	-109.31100	34.12870	-109.29900
KD73	03/21	33.77670	-83.69710	33.78630	-83.69000
KD74	16/34	38.85310	-75.61450	38.84380	-75.61040
KD83	13/31	39.01610	-123.38600	39.00920	-123.37900
KD86	13/31	36.45190	-119.32200	36.44530	-119.31600
KD95	09/27	43.06530	-83.27440	43.06530	-83.26720
KD98	18/36	42.80180	-82.97460	42.79090	-82.97390
KDAA	14/32	38.72040	-77.18830	38.70980	-77.17400
KDAB	07L/25R	29.17260	-81.07780	29.18470	-81.04790
KDAB	07R/25L	29.17600	-81.05680	29.17970	-81.04780
KDAB	16/34	29.19090	-81.05630	29.17570	-81.04900
KDAF	18/36	44.03710	-90.08520	44.02970	-90.08510
KDAG	04/22	34.85200	-116.79300	34.86100	-116.78000
KDAG	08/26	34.85150	-116.79800	34.85150	-116.77600
KDAL	13L/31R	32.85730	-96.85680	32.84200	-96.83910
KDAL	13R/31L	32.85130	-96.86350	32.83400	-96.84340
KDAN	02/20	36.56290	-79.34150	36.58010	-79.33530
KDAN	13/31	36.57820	-79.33810	36.57190	-79.32680
KDAW	15/33	43.28770	-70.93490	43.28050	-70.92360
KDAY	06L/24R	39.89510	-84.24600	39.91210	-84.21410
KDAY	06R/24L	39.89100	-84.22240	39.90190	-84.20190
KDAY	18/36	39.91730	-84.21210	39.89400	-84.21130
KDBN	02/20	32.55730	-82.98490	32.57310	-82.97940
KDBN	14/32	32.56840	-82.99460	32.55850	-82.98340
KDBQ	13/31	42.40930	-90.71550	42.39670	-90.69850
KDBQ	18/36	42.40960	-90.71200	42.39230	-90.71200
KDCA	01/19	38.84240	-77.03680	38.86120	-77.03870
KDCA	04/22	38.84230	-77.04080	38.85440	-77.03330
KDCA	15/33	38.86170	-77.04380	38.85030	-77.03270
KDCM	05/23	34.78440	-81.19970	34.79240	-81.18610
KDCM	17/35	34.79700	-81.20040	34.78350	-81.19690
KDCU	18/36	34.66240	-86.94520	34.64570	-86.94520
KDCY	18/36	38.70680	-87.12970	38.69410	-87.12970
KDDC	02/20	37.75540	-99.96780	37.76620	-99.95910
KDDC	14/32	37.77320	-99.97200	37.75620	-99.96150
KDDH	13/31	42.89370	-73.25250	42.88890	-73.24030
KDEC	06/24	39.82710	-88.87450	39.83910	-88.84860
KDEC	12/30	39.84130	-88.87480	39.83220	-88.85360
KDEC	18/36	39.84150	-88.87440	39.82690	-88.87410
KDED	05/23	29.06090	-81.28810	29.06870	-81.27800
KDED	12/30	29.07240	-81.29260	29.06490	-81.27590
KDEH	11/29	43.27780	-91.74620	43.27320	-91.73250
KDEN	07/25	39.84090	-104.72700	39.84070	-104.68400
KDEN	08/26	39.87760	-104.66200	39.87720	-104.61900
KDEN	16L/34R	39.89700	-104.68700	39.86410	-104.68700
KDEN	16R/34L	39.89580	-104.69600	39.85190	-104.69700
KDEN	17L/35R	39.86500	-104.64100	39.83200	-104.64200
KDEN	17R/35L	39.86120	-104.66000	39.82830	-104.66100
KDEQ	08/26	34.04620	-94.40760	34.04780	-94.39120
KDET	15/33	42.41800	-83.01620	42.40680	-83.00500
KDEW	04/22	47.96210	-117.42900	47.96640	-117.41800
KDEW	16/34	47.97690	-117.43100	47.96020	-117.43100
KDFI	12/30	41.33990	-84.43570	41.33510	-84.42190
KDFW	13L/31R	32.91260	-97.02150	32.89500	-97.00080
KDFW	13R/31L	32.90960	-97.08310	32.89030	-97.06330
KDFW	17C/35C	32.91570	-97.02600	32.87890	-97.02620
KDFW	17L/35R	32.89830	-97.00980	32.87500	-97.00990
KDFW	17R/35L	32.91570	-97.02990	32.87890	-97.03010
KDFW	18L/36R	32.91580	-97.05070	32.87900	-97.05090
KDFW	18R/36L	32.91580	-97.05460	32.87900	-97.05480
KDGL	03/21	31.33490	-109.50900	31.34780	-109.49800
KDGL	18/36	31.34690	-109.50600	31.33580	-109.50800
KDGW	05/23	42.79810	-105.39900	42.80320	-105.38200
KDGW	11/29	42.79880	-105.39300	42.79040	-105.37200
KDHN	14/32	31.33060	-85.46160	31.31410	-85.44240
KDHN	18/36	31.32650	-85.44560	31.31280	-85.44560
KDHT	03/21	36.01730	-102.55500	36.02840	-102.54200
KDHT	17/35	36.03110	-102.54600	36.01350	-102.54600
KDIJ	04/22	43.73580	-111.10800	43.74910	-111.08700
KDIK	07/25	46.79620	-102.81200	46.79850	-102.79300
KDIK	14/32	46.80490	-102.80800	46.78970	-102.79500
KDKB	02/20	41.92710	-88.70700	41.94580	-88.69820
KDKB	09/27	41.92900	-88.71880	41.92900	-88.70330
KDKK	06/24	42.49010	-79.27730	42.49890	-79.26310
KDKK	15/33	42.49760	-79.27700	42.48930	-79.26730
KDKR	02/20	31.30180	-95.40620	31.31210	-95.40150
KDKX	08/26	35.96260	-83.87940	35.96510	-83.86800
KDLC	07/25	34.44720	-79.37310	34.45090	-79.36410
KDLF	13C/31C	29.36750	-100.78800	29.35010	-100.76800
KDLF	13L/31R	29.36820	-100.78400	29.35190	-100.76600
KDLF	13R/31L	29.36580	-100.78800	29.35360	-100.77500
KDLH	03/21	46.83580	-92.18820	46.84910	-92.17630
KDLH	09/27	46.84250	-92.22030	46.84140	-92.17980
KDLL	01/19	43.51620	-89.77160	43.52920	-89.76890
KDLL	14/32	43.52330	-89.77570	43.51800	-89.76850
KDLN	04/22	45.24880	-112.55800	45.25520	-112.54800
KDLN	17/35	45.26610	-112.55200	45.24830	-112.55200
KDLO	15/33	35.75280	-119.24000	35.73840	-119.23300
KDLS	07/25	45.62080	-121.17800	45.62130	-121.16000
KDLS	13/31	45.62350	-121.17300	45.61210	-121.16200
KDLZ	10/28	40.28070	-83.12370	40.27870	-83.10590
KDMA	12/30	32.18030	-110.89800	32.15260	-110.86800
KDMN	04/22	32.25660	-107.73100	32.26630	-107.71700
KDMN	08/26	32.26300	-107.72800	32.26310	-107.70700
KDMO	05/23	38.70170	-93.18600	38.70730	-93.17600
KDMO	18/36	38.71550	-93.17240	38.70040	-93.17300
KDMW	16/34	39.61420	-77.01250	39.60230	-77.00290
KDNL	05/23	33.46080	-82.04360	33.46860	-82.03430
KDNL	11/29	33.46970	-82.04580	33.46720	-82.03390
KDNN	14/32	34.72850	-84.87650	34.71740	-84.86400
KDNS	12/30	41.98960	-95.38710	41.98190	-95.37190
KDNS	18/36	41.99000	-95.38080	41.98420	-95.38070
KDNV	03/21	40.19380	-87.59960	40.20820	-87.58910
KDNV	16/34	40.20310	-87.59920	40.19250	-87.59530
KDOV	01/19	39.11720	-75.46460	39.14350	-75.46270
KDOV	14/32	39.13930	-75.48610	39.11860	-75.44920
KDPA	02L/20R	41.89400	-88.25350	41.91420	-88.24680
KDPA	02R/20L	41.89336	-88.24993	41.91054	-88.24419
KDPA	10/28	41.91350	-88.25850	41.91210	-88.24110
KDPA	15/33	41.91923	-88.24575	41.91136	-88.23905
KDPG	12/30	40.19970	-112.93900	40.18610	-112.92200
KDPL	05/23	34.99340	-77.98760	35.00670	-77.97580
KDQH	04/22	31.47010	-82.86630	31.48330	-82.85470
KDRA	02/20	36.61120	-116.03900	36.62820	-116.02500
KDRI	14/32	30.83750	-93.34760	30.82930	-93.33800
KDRI	18/36	30.83800	-93.33780	30.82290	-93.33760
KDRM	01/19	46.00690	-83.73970	46.01390	-83.74110
KDRM	08/26	46.00700	-83.75390	46.01030	-83.73890
KDRO	03/21	37.14150	-107.76300	37.16160	-107.74400
KDRT	13/31	29.38090	-100.93300	29.36750	-100.92100
KDSM	13/31	41.54560	-93.67450	41.52900	-93.65020
KDSM	5/23	41.52340	-93.67710	41.53790	-93.65060
KDSV	14/32	42.57340	-77.71820	42.56770	-77.70840
KDTA	12/30	39.38340	-112.52100	39.37240	-112.50500
KDTA	17/35	39.39120	-112.50200	39.37600	-112.50200
KDTL	14/32	46.82960	-95.88960	46.82010	-95.87810
KDTL	17/35	46.82850	-95.88980	46.82340	-95.88980
KDTN	05/23	32.53700	-93.74900	32.54200	-93.74040
KDTN	14/32	32.54600	-93.75040	32.53530	-93.74000
KDTO	18L/36R	33.20900	-97.19780	33.19250	-97.19820
KDTS	14/32	30.40550	-86.47630	30.39460	-86.46660
KDTW	03L/21R	42.20780	-83.35120	42.22830	-83.33610
KDTW	03R/21L	42.19560	-83.35180	42.21970	-83.33410
KDTW	04L/22R	42.20220	-83.38400	42.22620	-83.36630
KDTW	04R/22L	42.20230	-83.37130	42.23120	-83.35000
KDTW	09L/27R	42.21700	-83.36320	42.21750	-83.33100
KDTW	09R/27L	42.19900	-83.36170	42.19950	-83.33040
KDUA	17/35	33.94904	-96.39499	33.93036	-96.39512
KDUC	17/35	34.48000	-97.96000	34.46170	-97.95970
KDUG	08/26	31.47410	-109.61100	31.47400	-109.59500
KDUG	17/35	31.47430	-109.60400	31.45420	-109.60400
KDUH	09/27	41.73550	-83.66460	41.73630	-83.64620
KDUJ	07/25	41.17480	-78.90760	41.18180	-78.88980
KDUX	01/19	35.85010	-102.01700	35.86400	-102.01000
KDUX	14/32	35.86320	-102.01500	35.85570	-102.01000
KDVK	01/19	37.57820	-84.77450	37.58460	-84.77340
KDVK	13/31	37.57980	-84.77510	37.57270	-84.76040
KDVL	03/21	48.10960	-98.91670	48.11800	-98.90430
KDVL	13/31	48.12040	-98.91480	48.10920	-98.89970
KDVN	03/21	41.60750	-90.59200	41.61700	-90.58470
KDVN	15/33	41.61540	-90.59340	41.60230	-90.58320
KDVO	13/31	38.14750	-122.55900	38.13970	-122.55300
KDVP	17/35	43.99030	-95.78190	43.98270	-95.78250
KDVT	07L/25R	33.68920	-112.08900	33.69000	-112.07500
KDVT	07R/25L	33.68680	-112.09600	33.68840	-112.06900
KDWA	16/34	38.58720	-121.85700	38.57080	-121.85700
KDWH	17L/35R	30.06390	-95.55240	30.05300	-95.55080
KDWH	17R/35L	30.07330	-95.55480	30.05420	-95.55200
KDWU	10/28	38.55560	-82.74770	38.55340	-82.72830
KDXE	18/36	36.78370	-89.94090	36.77130	-89.94140
KDXR	08/26	41.36870	-73.49080	41.37290	-73.47560
KDXR	17/35	41.37640	-73.48330	41.36870	-73.47820
KDXX	09/27	44.98590	-96.18230	44.98590	-96.17060
KDXX	14/32	44.99000	-96.18310	44.98300	-96.17490
KDYA	04/22	32.45880	-87.95960	32.46890	-87.94860
KDYB	06/24	33.06010	-80.28390	33.06680	-80.27480
KDYL	05/23	40.32980	-75.12560	40.33660	-75.11910
KDYR	04/22	35.99040	-89.41390	36.00230	-89.40140
KDYR	16/34	36.00550	-89.40720	35.99500	-89.40300
KDYS	16/34	32.43900	-99.85880	32.40260	-99.85040
KDYS	161/341	32.42140	-99.85950	32.41180	-99.85730
KDYT	14/32	46.72500	-92.04750	46.71870	-92.03940
KDZB	17/35	30.53530	-98.35860	30.51880	-98.35890
KDZJ	08/26	34.85350	-84.00290	34.85670	-83.99080
KE01	01/19	31.57870	-102.91100	31.58620	-102.90800
KE01	12/30	31.58600	-102.91400	31.57900	-102.90300
KE05	11/29	32.66240	-107.20200	32.65810	-107.18900
KE06	03/21	32.94870	-103.41400	32.96040	-103.40100
KE06	12/30	32.95760	-103.41500	32.94860	-103.40600
KE11	02/20	32.32740	-102.53100	32.33470	-102.52700
KE11	11/29	32.33100	-102.53100	32.32650	-102.52200
KE11	16/34	32.34010	-102.53400	32.32470	-102.52900
KE13	08/26	31.41500	-102.37000	31.41500	-102.36300
KE13	12/30	31.42140	-102.37200	31.41500	-102.36300
KE13	15/33	31.42390	-102.36600	31.41500	-102.36300
KE14	16/34	36.03170	-106.04800	36.01830	-106.04400
KE16	14/32	37.08550	-121.59900	37.07770	-121.59500
KE19	02/20	36.22820	-101.43600	36.23930	-101.42800
KE24	01/19	33.80500	-109.99200	33.82000	-109.98200
KE25	05/23	33.96560	-112.80600	33.97220	-112.79100
KE26	01/19	32.12720	-103.15700	32.13950	-103.15200
KE26	09/27	32.13190	-103.15900	32.13060	-103.15100
KE30	17/35	31.67990	-99.97700	31.66910	-99.97700
KE34	01/19	34.90570	-100.87200	34.91730	-100.86700
KE35	08/26	31.51560	-106.15400	31.51580	-106.14100
KE35	16/34	31.51750	-106.14900	31.51140	-106.14900
KE38	01/19	30.37540	-103.68700	30.39060	-103.67900
KE38	05/23	30.38240	-103.69100	30.38890	-103.67700
KE41	09/27	31.19650	-101.48000	31.19530	-101.46900
KE41	16/34	31.20430	-101.47400	31.19340	-101.47100
KE42	02/20	36.21500	-101.19900	36.22700	-101.19000
KE45	09/27	37.86340	-120.18400	37.85990	-120.17300
KE48	06/24	31.11920	-102.23100	31.12440	-102.21800
KE48	10/28	31.12720	-102.23100	31.12310	-102.21900
KE48	15/33	31.12970	-102.22700	31.12000	-102.22200
KE51	05/23	34.59290	-113.17700	34.59880	-113.16300
KE52	17/35	35.23780	-102.39900	35.22620	-102.39900
KE57	04/22	32.96580	-102.85200	32.97750	-102.83900
KE57	08/26	32.97500	-102.85000	32.97500	-102.83700
KE60	02/20	32.80280	-111.59100	32.81110	-111.58300
KE63	04/22	32.95420	-112.68600	32.96190	-112.67100
KE67	08/26	33.04770	-110.91500	33.04740	-110.90400
KE77	11/29	32.63970	-110.65300	32.63310	-110.64200
KE78	04/22	31.92790	-111.90200	31.93780	-111.88700
KE80	03/21	34.63880	-106.84100	34.65160	-106.82600
KE80	13/31	34.65184	-106.84585	34.64159	-106.83343
KE89	09/27	35.36780	-104.19600	35.36560	-104.18000
KE91	18/36	36.12020	-109.57300	36.10160	-109.57800
KE95	10/28	32.00170	-110.36400	31.99770	-110.35100
KE98	18/36	34.76560	-106.74400	34.75360	-106.74600
KEAG	01/19	42.70620	-93.91690	42.71250	-93.91410
KEAG	13/31	42.71360	-93.92110	42.70660	-93.91210
KEAN	08/26	42.05540	-104.93900	42.05560	-104.91800
KEAR	13/31	40.73230	-99.00870	40.72270	-98.99860
KEAR	18/36	40.73640	-99.00710	40.71710	-99.01040
KEAT	12/30	47.40320	-120.21400	47.39220	-120.19700
KEAU	04/22	44.85930	-91.49270	44.87500	-91.47060
KEAU	14/32	44.86880	-91.49480	44.85850	-91.48210
KEBG	14/32	26.44720	-98.12670	26.43610	-98.11770
KEBS	05/23	42.43500	-93.87220	42.44000	-93.86480
KEBS	14/32	42.44050	-93.87330	42.43160	-93.86450
KECG	10/28	36.26130	-76.18420	36.26050	-76.15970
KECS	14/32	43.89120	-104.32200	43.87950	-104.31000
KECU	14/32	29.95150	-100.17800	29.94230	-100.17000
KEDC	13/31	30.40360	-97.57350	30.39260	-97.55910
KEDC	16/34	30.39710	-97.56740	30.39300	-97.56620
KEDE	01/19	36.02040	-76.56980	36.03680	-76.56980
KEDG	01/19	39.38530	-76.29040	39.39790	-76.29170
KEDJ	07/25	40.36990	-83.82740	40.37470	-83.81060
KEDN	05/23	31.29540	-85.90630	31.30400	-85.89340
KEDU	17/35	38.53580	-121.78600	38.52710	-121.78700
KEDW	05L/23R	34.90274	-117.90481	34.92010	-117.87078
KEDW	05R/23L	34.89457	-117.90500	34.91886	-117.85738
KEDW	07/25	34.89470	-117.88200	34.89950	-117.85600
KEED	02/20	34.76440	-114.62300	34.77450	-114.61600
KEED	11/29	34.76710	-114.63400	34.76040	-114.61900
KEEN	02/20	42.88730	-72.27090	42.90430	-72.26960
KEEN	14/32	42.90570	-72.27760	42.89910	-72.26570
KEEO	03/21	40.04190	-107.89300	40.05570	-107.87900
KEET	16/34	33.18410	-86.78640	33.17140	-86.78010
KEFC	14/32	44.73970	-103.86600	44.72870	-103.85800
KEFC	18/36	44.73970	-103.86000	44.73000	-103.86300
KEFD	17L/35R	29.61850	-95.15620	29.60580	-95.15590
KEFD	17R/35L	29.61830	-95.16440	29.59360	-95.16380
KEFK	05/23	44.88470	-72.23490	44.89430	-72.22730
KEFK	18/36	44.89320	-72.23000	44.88300	-72.22460
KEFT	02/20	42.61030	-89.59550	42.61800	-89.59130
KEFT	12/30	42.61880	-89.59680	42.61160	-89.58100
KEFW	14/32	42.01380	-94.34690	42.00680	-94.33980
KEFW	18/36	42.01270	-94.33990	42.00800	-94.34110
KEGE	07/25	39.64100	-106.93200	39.64410	-106.90400
KEGI	18/36	30.66130	-86.52270	30.63940	-86.52310
KEGQ	04/22	43.09790	-94.70720	43.10270	-94.70070
KEGQ	13/31	43.10710	-94.71170	43.10040	-94.70290
KEGQ	17/35	43.10400	-94.70190	43.09800	-94.70190
KEGT	18/36	37.32940	-97.38840	37.31790	-97.38830
KEGV	04/22	45.92700	-89.27610	45.93660	-89.26210
KEGV	13/31	45.93630	-89.27210	45.93000	-89.26220
KEHA	04/22	36.99510	-101.88400	37.00410	-101.87200
KEHA	17/35	37.00860	-101.88200	36.99520	-101.88200
KEHO	05/23	35.25020	-81.60730	35.26000	-81.59460
KEHR	09/27	37.80760	-87.69520	37.80810	-87.67620
KEIK	16/34	40.01650	-105.05000	40.00390	-105.04600
KEIW	18/36	36.53970	-89.59970	36.53090	-89.59970
KEK	02/20	59.35330	-157.47701	59.36040	-157.46600
KEKA	12/30	40.80630	-124.11700	40.80050	-124.10900
KEKM	09/27	41.72090	-86.01940	41.72090	-85.99560
KEKM	18/36	41.72230	-85.99330	41.71140	-85.99120
KEKN	05/23	38.88500	-79.86280	38.89460	-79.85290
KEKN	14/32	38.89300	-79.86260	38.88520	-79.85020
KEKO	06/24	40.81909	-115.80563	40.82653	-115.78060
KEKO	12/30	40.83336	-115.79086	40.82782	-115.78351
KEKQ	03/21	36.85080	-84.86010	36.85970	-84.85210
KEKS	16/34	45.27820	-111.64900	45.26530	-111.64800
KEKX	05/23	37.68040	-85.93260	37.69170	-85.91750
KEKY	05/23	33.30780	-86.93300	33.31790	-86.91880
KELA	17/35	29.60580	-96.32300	29.59550	-96.32120
KELD	04/22	33.21390	-92.81880	33.22660	-92.80330
KELK	17/35	35.43820	-99.39420	35.42340	-99.39430
KELM	05/23	42.16040	-76.89040	42.16390	-76.88460
KELM	06/24	42.15470	-76.90160	42.16690	-76.88180
KELM	10/28	42.15780	-76.90290	42.15800	-76.88300
KELN	11/29	47.03890	-120.53500	47.03080	-120.52300
KELO	12/30	47.82840	-91.84060	47.82070	-91.82080
KELP	04/22	31.80150	-106.40000	31.82280	-106.37000
KELP	08L/26R	31.80570	-106.37000	31.80620	-106.35200
KELP	08R/26L	31.80220	-106.39200	31.80080	-106.36300
KELY	12/30	39.30340	-114.85200	39.29290	-114.84100
KELY	18/36	39.30880	-114.83600	39.29280	-114.84100
KELZ	10/28	42.10940	-77.99970	42.10960	-77.98020
KEMM	04/22	41.82300	-110.56100	41.82760	-110.55300
KEMM	10/28	41.83060	-110.56100	41.82610	-110.55100
KEMM	16/34	41.83310	-110.55900	41.81080	-110.55600
KEMP	01/19	38.32540	-96.19300	38.33880	-96.18940
KEMP	06/24	38.32610	-96.19460	38.33100	-96.18210
KEMT	01/19	34.08104	-118.03770	34.09097	-118.03203
KEMV	16/34	36.69260	-77.48770	36.68110	-77.47820
KEND	17C/35C	36.35550	-97.91460	36.33030	-97.91470
KEND	17L/35R	36.34700	-97.91100	36.33310	-97.91100
KEND	17R/35L	36.34920	-97.92320	36.32390	-97.92320
KENL	09/27	38.51520	-89.09600	38.51570	-89.08450
KENL	18/36	38.52170	-89.09160	38.50800	-89.09180
KENV	08/26	40.71890	-114.04300	40.71900	-114.01500
KENV	12/30	40.72620	-114.04300	40.71070	-114.02300
KENW	07L/25R	42.59300	-87.94170	42.59970	-87.92340
KENW	07R/25L	42.59090	-87.92810	42.59490	-87.91710
KENW	15/33	42.60190	-87.93070	42.59210	-87.92090
KEOE	04/22	34.30540	-81.64320	34.31310	-81.63620
KEOK	08/26	40.45960	-91.43610	40.46070	-91.41640
KEOK	14/32	40.46330	-91.43600	40.45560	-91.42810
KEOP	07/25	39.16380	-82.93580	39.17010	-82.92050
KEOS	01/19	36.80410	-94.39350	36.81750	-94.38990
KEPH	03/21	47.30590	-119.52200	47.31690	-119.50700
KEPH	04/22	47.30670	-119.52500	47.31370	-119.51500
KEPH	11/29	47.30460	-119.52400	47.29820	-119.51200
KEPM	14/32	44.91340	-67.01890	44.90690	-67.00650
KEQA	04/22	37.77020	-96.82310	37.77860	-96.81310
KEQA	15/33	37.77920	-96.81980	37.76840	-96.81450
KEQY	05/23	35.01370	-80.62690	35.02400	-80.61350
KERI	02/20	42.07760	-80.18020	42.08710	-80.17800
KERI	06/24	42.07660	-80.18440	42.08700	-80.16490
KERV	03/21	29.97740	-99.09060	29.98670	-99.08370
KERV	12/30	29.97850	-99.09190	29.96780	-99.07750
KERY	04/22	46.30420	-85.45680	46.31080	-85.45040
KERY	11/29	46.31570	-85.46780	46.31160	-85.45190
KESC	01/19	45.71840	-87.08670	45.73210	-87.08640
KESC	10/28	45.72080	-87.11200	45.72050	-87.08650
KESF	09/27	31.39440	-92.30600	31.39420	-92.28680
KESF	14/32	31.40180	-92.30030	31.38920	-92.29000
KESN	04/22	38.79740	-76.07200	38.81040	-76.06220
KESN	15/33	38.80860	-76.07640	38.80050	-76.06690
KEST	06/24	43.40480	-94.75170	43.40720	-94.74100
KEST	16/34	43.41470	-94.74830	43.40180	-94.74500
KESW	09/27	47.25590	-121.19000	47.25250	-121.18100
KETB	06/24	43.42000	-88.13420	43.42550	-88.12170
KETB	13/31	43.42540	-88.13470	43.41800	-88.12110
KETC	09/27	35.93670	-77.55320	35.93790	-77.53980
KETH	04/22	45.78000	-96.54810	45.78260	-96.54160
KETH	16/34	45.78430	-96.54450	45.77560	-96.54100
KETN	17/35	32.41910	-98.80950	32.40800	-98.81000
KEUF	18/36	31.95820	-85.12840	31.94450	-85.12940
KEUG	16L/34R	44.13300	-123.20300	44.11650	-123.20200
KEUG	16R/34L	44.13540	-123.21900	44.11350	-123.21900
KEUL	12/30	43.64720	-116.64300	43.63650	-116.62800
KEVB	02/20	29.04900	-80.94970	29.05950	-80.94620
KEVB	07/25	29.05490	-80.95800	29.06140	-80.94420
KEVB	11/29	29.05590	-80.95370	29.05250	-80.94080
KEVM	05/23	47.42190	-92.50190	47.42670	-92.49330
KEVM	09/27	47.42400	-92.50440	47.42310	-92.48750
KEVM	14/32	47.42850	-92.50250	47.42330	-92.49590
KEVU	14/32	40.35870	-94.92100	40.34930	-94.91340
KEVV	04/22	38.03060	-87.53590	38.04800	-87.51870
KEVV	09/27	38.03830	-87.53880	38.03810	-87.52670
KEVV	18/36	38.04600	-87.53410	38.02880	-87.53450
KEVW	05/23	41.27080	-111.04700	41.27870	-111.02200
KEVY	11/29	39.52250	-75.73400	39.52120	-75.72140
KEVY	17/35	39.52630	-75.72250	39.51440	-75.71840
KEWB	05/23	41.67170	-70.96450	41.68240	-70.95310
KEWB	14/32	41.68030	-70.96390	41.67180	-70.94960
KEWK	08/26	38.06080	-97.27900	38.06060	-97.26680
KEWK	17/35	38.06490	-97.27640	38.04570	-97.27640
KEWN	04/22	35.06540	-77.04830	35.07960	-77.03800
KEWN	14/32	35.07700	-77.04790	35.07030	-77.03730
KEWR	11/29	40.70282	-74.18075	40.70120	-74.15650
KEWR	4L/22R	40.67539	-74.17946	40.70257	-74.16217
KEWR	4R/22L	40.67759	-74.17425	40.70230	-74.15854
KEXX	06/24	35.77740	-80.32000	35.78190	-80.30410
KEYE	03/21	39.82550	-86.29760	39.83590	-86.29120
KEYF	15/33	34.60740	-78.58410	34.59620	-78.57440
KEYW	09/27	24.55610	-81.76680	24.55620	-81.75230
KEZF	06/24	38.26384	-77.45209	38.26894	-77.44553
KEZF	15/33	38.27000	-77.45190	38.26710	-77.44930
KEZI	01/19	41.20260	-89.96250	41.21120	-89.96020
KEZI	09/27	41.20410	-89.97380	41.20390	-89.95750
KEZM	02/20	32.20780	-83.13150	32.22500	-83.12590
KEZS	12/30	44.78940	-88.56670	44.78530	-88.55290
KEZS	17/35	44.79020	-88.56150	44.78430	-88.55920
KEZZ	17/35	39.73300	-94.27680	39.72210	-94.27540
KF00	17/35	33.61860	-96.17970	33.60760	-96.17950
KF01	06/24	34.27390	-99.76420	34.27670	-99.75720
KF01	11/29	34.27390	-99.76420	34.27080	-99.75720
KF01	17/35	34.28080	-99.75860	34.26890	-99.75860
KF05	02/20	34.21980	-99.28780	34.23170	-99.27890
KF05	16/34	34.23130	-99.28600	34.21980	-99.28250
KF06	12/30	34.84940	-100.20100	34.84170	-100.19100
KF06	17/35	34.84830	-100.20100	34.84360	-100.20100
KF08	17/35	35.30000	-95.62530	35.29170	-95.62530
KF10	18/36	35.41170	-96.01580	35.40210	-96.01580
KF14	04/22	33.94400	-98.62010	33.94950	-98.61230
KF14	13/31	33.95130	-98.62010	33.94420	-98.61330
KF14	16/34	33.95150	-98.61560	33.94590	-98.61480
KF17	17/35	31.83910	-94.15790	31.82410	-94.15500
KF21	08/26	34.73580	-100.53200	34.73580	-100.52300
KF21	17/35	34.74820	-100.53100	34.73540	-100.53100
KF22	17/35	36.39260	-97.27730	36.37860	-97.27720
KF24	01/19	32.63920	-93.30030	32.65250	-93.29560
KF29	17L/35R	35.49300	-97.82140	35.48340	-97.82150
KF29	17R/35L	35.49630	-97.82480	35.47980	-97.82480
KF30	17/35	34.52930	-96.99020	34.51970	-96.98920
KF31	18/36	33.99510	-96.64230	33.98690	-96.64320
KF32	17/35	34.25330	-97.47390	34.24500	-97.47390
KF34	12/30	36.86320	-120.46800	36.85670	-120.46100
KF35	02/20	32.91920	-98.43980	32.92680	-98.43450
KF36	04/22	35.29560	-98.96970	35.29960	-98.96580
KF36	17/35	35.30260	-98.96750	35.29260	-98.96740
KF37	06/24	33.64580	-105.90400	33.65070	-105.88900
KF37	15/33	33.65330	-105.89200	33.64680	-105.89200
KF41	15/33	32.33490	-96.66600	32.32450	-96.66180
KF43	18/36	33.19540	-92.66330	33.18710	-92.66320
KF44	17/35	32.16930	-95.82840	32.15840	-95.82830
KF45	08L/26R	26.84950	-80.22520	26.85100	-80.21390
KF45	08R/26L	26.84250	-80.22690	26.84350	-80.21370
KF45	13/31	26.84990	-80.22700	26.84150	-80.21770
KF46	17/35	32.93520	-96.43620	32.92600	-96.43480
KF47	14/32	29.64970	-84.92010	29.64240	-84.91300
KF49	18/36	33.48970	-101.66000	33.47820	-101.66200
KF51	01/19	32.93460	-95.28050	32.94300	-95.27730
KF53	13/31	33.21930	-95.24180	33.21160	-95.23300
KF56	08/26	32.91360	-99.73420	32.91360	-99.72720
KF56	13/31	32.91360	-99.73220	32.91030	-99.72810
KF56	17/35	32.91420	-99.73600	32.90410	-99.73600
KF62	07/25	40.54640	-123.18900	40.54720	-123.17400
KF68	17/35	35.05640	-98.26420	35.04790	-98.26440
KF69	16/34	33.02750	-96.83810	33.01940	-96.83580
KF70	18/36	33.58220	-117.12600	33.56610	-117.13100
KF72	09/27	38.30250	-121.43200	38.30030	-121.42100
KF72	18/36	38.31080	-121.42300	38.30220	-121.42600
KF75	01/19	33.43390	-99.81440	33.44240	-99.81140
KF82	07/25	33.48420	-101.81300	33.48470	-101.80800
KF82	17/35	33.49060	-101.81300	33.48080	-101.81300
KF84	17/35	35.29410	-95.09390	35.28410	-95.09390
KF85	04/22	33.72660	-102.73700	33.73190	-102.73100
KF85	17/35	33.73210	-102.73000	33.72720	-102.73000
KF86	01/19	32.11780	-92.05360	32.12720	-92.05170
KF87	16/34	32.72880	-92.33850	32.72090	-92.33580
KF88	17/35	32.20640	-92.73300	32.19760	-92.73290
KF89	18/36	32.15830	-91.70000	32.15030	-91.70000
KF97	04/22	32.94580	-102.54100	32.95360	-102.53200
KF97	17/35	32.95390	-102.53100	32.94690	-102.53100
KF98	03/21	33.21230	-102.83200	33.22280	-102.82200
KF98	17/35	33.22240	-102.83400	33.21160	-102.83400
KF99	17/35	35.09030	-96.41670	35.08140	-96.41670
KFAF	14/32	37.13500	-76.61330	37.12990	-76.60460
KFAM	02/20	37.75590	-90.43140	37.76660	-90.42560
KFAR	09/27	46.92710	-96.82730	46.92700	-96.80210
KFAR	13/31	46.91410	-96.82150	46.90650	-96.81120
KFAR	18/36	46.93290	-96.81610	46.90820	-96.81640
KFAT	11L/29R	36.78350	-119.72900	36.76880	-119.70400
KFAT	11R/29L	36.78200	-119.73000	36.77050	-119.71000
KFAY	04/22	34.98430	-78.88700	35.00250	-78.87370
KFAY	10/28	34.98780	-78.88820	34.98760	-78.87210
KFBG	10/28	35.13140	-78.94430	35.13230	-78.92880
KFBL	12/30	44.33150	-93.31810	44.32440	-93.30510
KFBR	04/22	41.38680	-110.41600	41.39700	-110.39700
KFBR	07/25	41.39470	-110.41100	41.39690	-110.39700
KFBY	11/29	40.18220	-97.16930	40.17890	-97.16170
KFBY	17/35	40.18800	-97.16920	40.17790	-97.16930
KFCH	12/30	36.73503	-119.82537	36.72922	-119.81532
KFCI	15/33	37.41230	-77.53080	37.40060	-77.51890
KFCM	10L/28R	44.82950	-93.46390	44.82760	-93.45030
KFCM	10R/28L	44.82840	-93.46610	44.82640	-93.45130
KFCM	18/36	44.82890	-93.45440	44.82160	-93.45540
KFCS	13/31	38.68300	-104.76200	38.67380	-104.75100
KFCY	18/36	34.94610	-90.77490	34.93790	-90.77510
KFDK	05/23	39.40960	-77.38040	39.42050	-77.36840
KFDK	12/30	39.42340	-77.37980	39.41910	-77.36840
KFDR	03/21	34.34630	-98.98810	34.35570	-98.97720
KFDR	12/30	34.35830	-98.98780	34.34940	-98.97720
KFDR	17/35	34.36060	-98.98930	34.34380	-98.98930
KFDR	17L/35R	34.35530	-98.97720	34.34660	-98.97720
KFDW	04/22	34.31010	-81.11390	34.32090	-81.10370
KFDY	07/25	41.01140	-83.68120	41.01730	-83.66130
KFDY	18/36	41.01880	-83.66610	41.00100	-83.66630
KFEP	06/24	42.23990	-89.59010	42.24910	-89.57360
KFEP	13/31	42.25080	-89.58460	42.24710	-89.57780
KFEP	18/36	42.25100	-89.58310	42.24420	-89.58290
KFET	14/32	41.45580	-96.52870	41.44410	-96.51610
KFFA	03/21	36.01460	-75.67350	36.02210	-75.66930
KFFC	13/31	33.36170	-84.57850	33.35280	-84.56510
KFFL	08/26	41.05330	-91.98690	41.05380	-91.97800
KFFL	18/36	41.05900	-91.98160	41.04800	-91.98150
KFFM	13/31	46.28930	-96.16230	46.27870	-96.14600
KFFM	17/35	46.28960	-96.16110	46.28050	-96.16100
KFFO	05L/23R	39.81490	-84.06510	39.83760	-84.03130
KFFO	05R/23L	39.81910	-84.05170	39.83180	-84.03290
KFFT	07/25	38.17950	-84.91250	38.18550	-84.89690
KFFX	01/19	43.42800	-85.99640	43.44580	-85.99660
KFFX	10/28	43.44390	-85.99840	43.44370	-85.98520
KFFZ	04L/22R	33.45832	-111.73419	33.46485	-111.72451
KFFZ	04R/22L	33.45590	-111.73400	33.46470	-111.72100
KFGU	03/21	35.04000	-85.01980	35.05130	-85.01200
KFGX	07/25	38.53920	-83.75140	38.54450	-83.73530
KFHR	16/34	48.52660	-123.02500	48.51730	-123.02400
KFHU	03/21	31.58620	-110.34900	31.59560	-110.34100
KFHU	08/26	31.58760	-110.36700	31.58760	-110.32900
KFHU	12/30	31.59290	-110.34300	31.58410	-110.32900
KFIG	12/30	41.05060	-78.42080	41.04660	-78.40540
KFIT	14/32	42.55770	-71.76540	42.55000	-71.75230
KFKA	11/29	43.67830	-92.18710	43.67500	-92.17270
KFKL	03/21	41.37010	-79.86330	41.38370	-79.85770
KFKL	12/30	41.38060	-79.86660	41.37790	-79.85370
KFKN	09/27	36.69920	-76.91050	36.70140	-76.89400
KFKR	04/22	40.27200	-86.56910	40.27780	-86.56400
KFKR	09/27	40.27270	-86.56890	40.27270	-86.55100
KFKS	15/33	44.62940	-86.20590	44.62100	-86.19580
KFLD	09/27	43.77160	-88.49890	43.77130	-88.48530
KFLD	18/36	43.77910	-88.48620	43.76280	-88.48620
KFLG	03/21	35.13120	-111.67900	35.14570	-111.66400
KFLL	10L/28R	26.07690	-80.16650	26.07680	-80.13910
KFLL	10R/28L	26.06589	-80.15835	26.06574	-80.13399
KFLO	01/19	34.17610	-79.72480	34.19250	-79.72430
KFLO	09/27	34.18530	-79.73390	34.18740	-79.71260
KFLP	04/22	36.28660	-92.59690	36.29520	-92.58360
KFLV	16/34	39.37590	-94.91840	39.36070	-94.91100
KFLX	03/21	39.49440	-118.75700	39.50470	-118.74100
KFLX	13/31	39.50320	-118.75300	39.49370	-118.74400
KFME	10/28	39.08550	-76.76480	39.08500	-76.75430
KFMH	05/23	41.65000	-70.53060	41.66710	-70.51220
KFMH	14/32	41.66730	-70.53880	41.65150	-70.51120
KFMM	08/26	40.33280	-103.81000	40.33280	-103.80100
KFMM	14/32	40.34100	-103.81000	40.32840	-103.80100
KFMM	17/35	40.33890	-103.80100	40.32850	-103.80100
KFMN	05/23	36.73730	-108.24100	36.74500	-108.22100
KFMN	07/25	36.74110	-108.24000	36.74160	-108.21700
KFMY	05/23	26.58000	-81.87110	26.59180	-81.85660
KFMY	13/31	26.59190	-81.86820	26.58310	-81.85680
KFMZ	12/30	40.58540	-97.57990	40.57960	-97.57220
KFMZ	17/35	40.59450	-97.57110	40.58270	-97.57110
KFNB	15/33	40.08350	-95.59570	40.07410	-95.58830
KFNL	06/24	40.45280	-105.01200	40.45490	-105.00400
KFNL	15/33	40.46230	-105.01700	40.44030	-105.00700
KFNT	09/27	42.96900	-83.75980	42.96960	-83.73290
KFNT	18/36	42.97270	-83.74350	42.95120	-83.74300
KFOA	03/21	38.65830	-88.45710	38.67020	-88.44840
KFOA	15/33	38.66930	-88.45600	38.66310	-88.45090
KFOD	06/24	42.54760	-94.20570	42.55520	-94.18370
KFOD	12/30	42.55530	-94.19610	42.54660	-94.18040
KFOE	03/21	38.94040	-95.67310	38.95510	-95.65740
KFOE	13/31	38.96560	-95.67800	38.93980	-95.64740
KFOK	01/19	40.83490	-72.63700	40.84860	-72.63780
KFOK	06/24	40.83620	-72.63900	40.85450	-72.61700
KFOK	15/33	40.84720	-72.63960	40.83790	-72.62630
KFOM	04/22	38.95420	-112.37000	38.96240	-112.35600
KFOT	11/29	40.55730	-124.13800	40.55060	-124.12700
KFOZ	15/33	47.78660	-93.65330	47.77910	-93.64710
KFPK	03/21	42.57000	-84.81370	42.57900	-84.80910
KFPK	15/33	42.57590	-84.81580	42.57100	-84.81030
KFPR	10R/28L	27.49730	-80.37940	27.49710	-80.35940
KFPR	14/32	27.49680	-80.37190	27.48750	-80.36160
KFQD	01/19	35.42140	-81.93720	35.43470	-81.93280
KFRG	01/19	40.72180	-73.41430	40.73690	-73.41460
KFRG	14/32	40.73460	-73.42170	40.72200	-73.40350
KFRH	08/26	38.50440	-86.64630	38.50810	-86.62760
KFRI	04/22	39.04870	-96.77070	39.05660	-96.75840
KFRM	02/20	43.63970	-94.41510	43.64770	-94.40930
KFRM	13/31	43.64930	-94.42510	43.63880	-94.41020
KFRR	10/28	38.91730	-78.25870	38.91770	-78.24810
KFSD	03/21	43.57260	-96.75370	43.59290	-96.73430
KFSD	09/27	43.57800	-96.74750	43.57600	-96.73600
KFSD	15/33	43.59310	-96.74610	43.57320	-96.73330
KFSE	16/34	47.59750	-95.77500	47.58810	-95.77190
KFSI	18/36	34.65670	-98.40220	34.64290	-98.40220
KFSK	18/36	37.80440	-94.76940	37.79230	-94.76940
KFSM	07/25	35.33360	-94.38140	35.33700	-94.35490
KFSO	01/19	44.93620	-73.09690	44.94440	-73.09800
KFST	03/21	30.91370	-102.91900	30.92340	-102.91000
KFST	07/25	30.91520	-102.91700	30.91740	-102.90000
KFST	11/29	30.91520	-102.91700	30.90860	-102.90700
KFST	12/30	30.92010	-102.92700	30.90780	-102.90800
KFST	16/34	30.92080	-102.91000	30.91000	-102.90800
KFSU	03/21	34.48330	-104.21700	34.49440	-104.20400
KFSU	08/26	34.48330	-104.22600	34.48330	-104.20800
KFSW	17/35	40.66450	-91.32940	40.65380	-91.32610
KFTG	08/26	39.79400	-104.56500	39.79360	-104.53700
KFTG	17/35	39.78560	-104.52400	39.76360	-104.52400
KFTK	05/23	37.90680	-85.97090	37.91040	-85.96630
KFTK	15/33	37.91170	-85.97810	37.90030	-85.96920
KFTK	18/36	37.91420	-85.97030	37.90000	-85.96930
KFTT	06/24	38.83770	-92.00820	38.84240	-91.99880
KFTT	12/30	38.84160	-92.00900	38.83800	-92.00170
KFTT	18/36	38.84100	-91.99990	38.83000	-92.00030
KFTW	16/34	32.83020	-97.36250	32.80980	-97.35900
KFTW	17/35	32.82480	-97.36650	32.81390	-97.36470
KFTY	08/26	33.77870	-84.53010	33.78150	-84.51130
KFUL	06/24	33.87107	-117.98484	33.87300	-117.97480
KFVE	14/32	47.28820	-68.32110	47.28280	-68.30440
KFVX	03/21	37.35170	-78.44070	37.36320	-78.43570
KFWA	05/23	40.96270	-85.21270	40.98630	-85.18240
KFWA	09/27	40.97590	-85.19880	40.97590	-85.18430
KFWA	14/32	40.99350	-85.20370	40.97810	-85.18310
KFWC	09/27	38.37800	-88.42220	38.37790	-88.40820
KFWC	18/36	38.38270	-88.40750	38.37730	-88.40760
KFWN	03/21	41.19560	-74.62480	41.20480	-74.62130
KFWQ	08/26	40.20760	-79.83810	40.21180	-79.82480
KFWS	18L/36R	32.57250	-97.30640	32.56150	-97.30640
KFWS	18R/36L	32.57250	-97.30970	32.55600	-97.30970
KFXE	09/27	26.19760	-80.18090	26.19940	-80.16270
KFXE	13/31	26.19890	-80.17390	26.19200	-80.16440
KFXY	09/27	43.23790	-93.63300	43.23730	-93.62290
KFXY	15/33	43.24060	-93.62690	43.22620	-93.61770
KFYE	01/19	35.20090	-89.39560	35.21450	-89.39330
KFYJ	10/28	37.52090	-76.77130	37.52180	-76.75410
KFYM	02/20	35.05180	-86.56640	35.06760	-86.56170
KFYV	16/34	36.01320	-94.17200	35.99700	-94.16810
KFZG	02/20	31.67650	-83.27460	31.69000	-83.27130
KFZG	15/33	31.68820	-83.27040	31.68100	-83.26350
KFZI	09/27	41.19080	-83.40220	41.19080	-83.38690
KFZY	06/24	43.34650	-76.39360	43.35400	-76.38260
KFZY	15/33	43.35640	-76.39470	43.34600	-76.38140
KGAD	06/24	33.96580	-86.10110	33.97500	-86.08150
KGAF	08/26	48.40580	-97.38360	48.40580	-97.36580
KGAF	17/35	48.41080	-97.36560	48.40000	-97.36560
KGAG	17/35	36.30300	-99.77640	36.28810	-99.77650
KGAI	14/32	39.17180	-77.17190	39.16480	-77.16010
KGAO	18/36	29.45000	-90.26110	29.43960	-90.26120
KGAS	05/23	38.83040	-82.16860	38.83780	-82.15820
KGBD	11/29	38.34270	-98.86950	38.33630	-98.85530
KGBD	17/35	38.35790	-98.85740	38.33630	-98.85720
KGBG	03/21	40.93090	-90.43650	40.94490	-90.42660
KGBG	10/28	40.93910	-90.43690	40.93720	-90.42410
KGBN	17/35	32.89920	-112.72000	32.87580	-112.72000
KGBR	11/29	42.18450	-73.40840	42.18370	-73.39900
KGCC	03/21	44.34520	-105.54400	44.35770	-105.53000
KGCC	16/34	44.35700	-105.54400	44.33680	-105.53900
KGCD	09/27	44.40400	-118.98100	44.39980	-118.96400
KGCD	17/35	44.41090	-118.96400	44.39660	-118.96400
KGCK	12/30	37.93090	-100.73300	37.91970	-100.71900
KGCK	17/35	37.93920	-100.72300	37.91920	-100.72300
KGCM	18/36	36.29990	-95.47960	36.28560	-95.47960
KGCN	03/21	35.94300	-112.15700	35.96170	-112.13700
KGCT	18/36	41.69170	-94.43510	41.68230	-94.43510
KGCY	05/23	36.18710	-82.82290	36.19880	-82.80720
KGDB	15/33	44.75800	-95.55880	44.74860	-95.55320
KGDJ	01/19	32.43530	-97.82691	32.44897	-97.82198
KGDM	18/36	42.55380	-72.01750	42.54590	-72.01460
KGDV	02/20	47.13730	-104.81400	47.14390	-104.80700
KGDV	12/30	47.14340	-104.81400	47.13210	-104.79800
KGDW	09/27	43.97170	-84.48290	43.97230	-84.46500
KGDW	15/33	43.97140	-84.47860	43.96490	-84.47560
KGED	04/22	38.68410	-75.36490	38.69560	-75.35530
KGED	10/28	38.68480	-75.36250	38.68480	-75.35160
KGEG	03/21	47.61390	-117.54400	47.63120	-117.51800
KGEG	08/26	47.61700	-117.55300	47.61680	-117.52000
KGEO	18/36	38.88670	-83.88380	38.87720	-83.88170
KGEU	01/19	33.51810	-112.30000	33.53560	-112.29000
KGEV	10/28	36.43230	-81.42700	36.43260	-81.41240
KGEY	16/34	44.52680	-108.08200	44.50980	-108.07800
KGEY	8/26	44.51400	-108.09500	44.51450	-108.08100
KGEZ	01/19	39.57110	-85.80440	39.58480	-85.80240
KGEZ	09/27	39.57710	-85.81110	39.57690	-85.80170
KGFD	18/36	39.79440	-85.73530	39.78890	-85.73530
KGFK	09L/27R	47.95240	-97.18490	47.95240	-97.16780
KGFK	09R/27L	47.93800	-97.16960	47.93799	-97.15614
KGFK	17L/35R	47.95140	-97.16620	47.94070	-97.16620
KGFK	17R/35L	47.95930	-97.18120	47.93910	-97.18120
KGFL	01/19	43.33570	-73.60870	43.34940	-73.60920
KGFL	12/30	43.34150	-73.61910	43.33760	-73.60500
KGFZ	07/25	41.32670	-94.46610	41.32920	-94.45440
KGFZ	14/32	41.32970	-94.45060	41.32420	-94.44500
KGGE	05/23	33.30960	-79.32620	33.31990	-79.31540
KGGE	11/29	33.30960	-79.32550	33.30710	-79.31090
KGGF	15/33	40.87520	-101.73700	40.86380	-101.72900
KGGG	13/31	32.39250	-94.72010	32.37350	-94.69670
KGGG	18/36	32.39400	-94.71670	32.37720	-94.71630
KGGI	13/31	41.71500	-92.74250	41.70490	-92.72900
KGGP	09/27	40.71120	-86.38300	40.71130	-86.36680
KGGW	08/26	48.21280	-106.60000	48.21280	-106.57900
KGGW	12/30	48.21640	-106.62200	48.20690	-106.60700
KGHG	06/24	42.09540	-70.67610	42.10110	-70.66810
KGHM	02/20	35.83220	-87.44750	35.84260	-87.44330
KGHW	05/23	45.64440	-95.32530	45.64860	-95.31610
KGHW	15/33	45.64810	-95.32290	45.63640	-95.31760
KGIC	07/25	45.94260	-116.13300	45.94250	-116.11300
KGIF	05/23	28.05850	-81.75790	28.06830	-81.74690
KGIF	11/29	28.06360	-81.76050	28.06110	-81.74840
KGJT	04/22	39.10990	-108.53000	39.11870	-108.51400
KGJT	11/29	39.13500	-108.54400	39.11840	-108.51400
KGKJ	07/25	41.62320	-80.22270	41.62980	-80.20670
KGKT	10/28	35.85890	-83.53790	35.85660	-83.51950
KGKY	16/34	32.67200	-97.09630	32.65570	-97.09220
KGLD	05/23	39.36850	-101.70500	39.37290	-101.69400
KGLD	12/30	39.37470	-101.70500	39.36420	-101.69100
KGLD	17/35	39.37650	-101.70000	39.37160	-101.70000
KGLE	13/31	33.65510	-97.19910	33.64710	-97.18870
KGLE	18/36	33.66120	-97.19950	33.64480	-97.19990
KGLH	18L/36R	33.49690	-90.98210	33.47490	-90.98210
KGLH	18R/36L	33.49420	-90.98720	33.47490	-90.98720
KGLR	09/27	45.01450	-84.71700	45.01450	-84.69160
KGLR	18/36	45.01560	-84.70200	45.00740	-84.70200
KGLS	14/32	29.27170	-94.86760	29.25910	-94.85560
KGLS	18/36	29.27350	-94.85910	29.25700	-94.85940
KGLW	07/25	37.02950	-85.96240	37.03410	-85.94510
KGLY	04/22	38.35270	-93.68910	38.36050	-93.67930
KGMJ	18/36	36.61390	-94.73860	36.59950	-94.73860
KGMU	01/19	34.84050	-82.34860	34.85530	-82.34820
KGMU	10/28	34.84810	-82.35880	34.84780	-82.34550
KGNB	09/27	40.09100	-105.92600	40.08840	-105.90800
KGNC	08/26	32.67850	-102.66500	32.67860	-102.64800
KGNC	17/35	32.67870	-102.64900	32.66500	-102.64800
KGNF	04/22	33.82460	-89.80220	33.83310	-89.78920
KGNF	13/31	33.84140	-89.80850	33.82860	-89.79140
KGNG	07/25	42.91650	-114.77400	42.91780	-114.75600
KGNT	13/31	35.17740	-107.91000	35.16120	-107.89600
KGNV	07/25	29.69030	-82.28240	29.69580	-82.27090
KGNV	11/29	29.69060	-82.28060	29.68620	-82.25750
KGOK	16/34	35.85520	-97.41740	35.84440	-97.41380
KGON	05/23	41.32500	-72.04800	41.33640	-72.03780
KGON	15/33	41.33310	-72.05300	41.32530	-72.04270
KGOO	07/25	39.22376	-121.01076	39.22436	-120.99434
KGOV	05/23	44.67920	-84.73480	44.68870	-84.72100
KGOV	14/32	44.68170	-84.73640	44.67180	-84.72300
KGPH	18/36	39.34000	-94.30840	39.32500	-94.31090
KGPI	02/20	48.29880	-114.26800	48.31910	-114.24700
KGPI	12/30	48.31790	-114.25800	48.31100	-114.24800
KGPM	18/36	32.70430	-97.04690	32.69330	-97.04700
KGPT	14/32	30.41500	-89.08230	30.39750	-89.06210
KGPT	18/36	30.41600	-89.06630	30.40240	-89.06620
KGPZ	05/23	47.21100	-93.51370	47.21640	-93.50480
KGPZ	16/34	47.21470	-93.51320	47.19940	-93.50740
KGQQ	05/23	40.75010	-82.72840	40.75660	-82.71910
KGRB	06/24	44.48240	-88.13800	44.49300	-88.11250
KGRB	18/36	44.49380	-88.13370	44.47130	-88.13360
KGRD	09/27	34.24820	-82.16730	34.24930	-82.15080
KGRE	09/27	38.83670	-89.38650	38.83670	-89.37540
KGRE	18/36	38.84120	-89.37650	38.83020	-89.37640
KGRF	15/33	47.08740	-122.58400	47.07100	-122.57800
KGRI	13/31	40.97840	-98.31170	40.96550	-98.29490
KGRI	17/35	40.97720	-98.31480	40.95800	-98.31490
KGRK	15/33	31.07990	-97.83510	31.05460	-97.82280
KGRN	04/22	42.80200	-102.18100	42.81140	-102.16700
KGRN	11/29	42.80600	-102.18200	42.80260	-102.17500
KGRR	08L/26R	42.88880	-85.54020	42.89090	-85.52180
KGRR	08R/26L	42.87660	-85.54220	42.88080	-85.50530
KGRR	17/35	42.88950	-85.51930	42.86650	-85.51450
KGSB	08/26	35.33470	-77.97950	35.34410	-77.94170
KGSH	05/23	41.52590	-85.79680	41.53100	-85.79020
KGSH	09/27	41.52530	-85.80170	41.52540	-85.78340
KGSO	05L/23R	36.09930	-79.95910	36.11640	-79.93710
KGSO	05R/23L	36.09110	-79.94470	36.11010	-79.92030
KGSO	14/32	36.09950	-79.95240	36.08710	-79.93720
KGSP	04/22	34.88290	-82.22860	34.90850	-82.20910
KGTB	03/21	44.04550	-75.72580	44.07180	-75.71530
KGTB	08/26	44.04520	-75.72870	44.04930	-75.71260
KGTB	15/33	44.06180	-75.72470	44.05230	-75.71100
KGTE	03/21	40.92350	-100.15100	40.92910	-100.14500
KGTE	14/32	40.92880	-100.14800	40.92100	-100.14200
KGTF	03/21	47.46930	-111.38400	47.48970	-111.35400
KGTF	07/25	47.48380	-111.38100	47.48380	-111.36300
KGTF	17/35	47.49360	-111.37300	47.47620	-111.37300
KGTG	05/23	45.79680	-92.66830	45.80180	-92.65750
KGTG	12/30	45.80020	-92.66940	45.79600	-92.65930
KGTR	18/36	33.45930	-88.59130	33.44140	-88.59150
KGTU	11/29	30.68140	-97.68620	30.67570	-97.67500
KGTU	18/36	30.68590	-97.67790	30.67220	-97.67890
KGUC	17/35	38.53250	-106.93900	38.52430	-106.93900
KGUC	6/24	38.53240	-106.94500	38.53970	-106.91400
KGUP	06/24	35.50830	-108.80100	35.51380	-108.77700
KGUS	05/23	40.63580	-86.16790	40.66030	-86.13640
KGUY	06/24	36.68060	-101.50800	36.68240	-101.50200
KGUY	18/36	36.69310	-101.50700	36.67700	-101.50900
KGVE	05/23	38.15350	-78.16820	38.15850	-78.16330
KGVL	05/23	34.26710	-83.83790	34.27850	-83.82600
KGVL	11/29	34.27410	-83.83420	34.27080	-83.82150
KGVQ	10/28	43.03190	-78.17990	43.03170	-78.15940
KGVT	17/35	33.07890	-96.06520	33.05680	-96.06550
KGWB	09/27	41.30710	-85.07340	41.30720	-85.05530
KGWO	05/23	33.49320	-90.09110	33.50150	-90.07810
KGWO	09/27	33.49880	-90.08070	33.49910	-90.07190
KGWO	18/36	33.49910	-90.08800	33.48130	-90.08850
KGWR	06/24	46.21890	-97.65010	46.22280	-97.63950
KGWR	16/34	46.22440	-97.64540	46.21110	-97.63980
KGWS	14/32	39.51220	-107.31400	39.50390	-107.30900
KGWW	05/23	35.45510	-77.97130	35.46600	-77.95860
KGXY	10/28	40.43070	-104.64600	40.42650	-104.62600
KGXY	17/35	40.45620	-104.63200	40.42880	-104.63100
KGYB	17/35	30.17470	-96.98070	30.16380	-96.97940
KGYH	05/23	34.74990	-82.38500	34.76670	-82.36790
KGYI	18L/36R	33.72630	-96.67260	33.70160	-96.67350
KGYL	13/31	44.75900	-94.08600	44.75310	-94.07640
KGYR	03/21	33.41360	-112.38500	33.43190	-112.36800
KGYY	02/20	41.61230	-87.41840	41.62150	-87.41370
KGYY	12/30	41.62130	-87.42170	41.61060	-87.40050
KGZH	01/19	31.40930	-87.04750	31.42020	-87.04630
KGZH	10/28	31.41780	-87.04760	31.41590	-87.03500
KGZS	16/34	35.15980	-87.06060	35.14760	-87.05300
KH-0002	05/23	11.34780	104.90780	11.37230	104.93470
KH04	17/35	36.63700	-95.15140	36.62800	-95.15140
KH05	17/35	34.92420	-95.39400	34.91590	-95.39400
KH17	03/21	37.65030	-93.09030	37.65780	-93.08500
KH19	13/31	39.37300	-91.22330	39.36680	-91.21520
KH21	15/33	37.97900	-92.69410	37.96900	-92.68820
KH34	03/21	36.07750	-93.75500	36.08030	-93.75250
KH34	12/30	36.08060	-93.75880	36.07480	-93.74880
KH35	09/27	35.47120	-93.43470	35.47020	-93.41960
KH37	06/24	40.13780	-120.18400	40.13970	-120.17300
KH58	01/19	37.17720	-92.73560	37.18470	-92.73350
KH58	15/33	37.18440	-92.73420	37.18020	-92.73150
KH68	18/36	35.96730	-95.34160	35.95790	-95.34140
KH70	04/22	36.34320	-102.05300	36.34810	-102.04500
KH71	18/36	36.23230	-95.33010	36.21850	-95.33010
KH76	17/35	36.67610	-96.40580	36.66720	-96.40530
KH79	18/36	38.36290	-92.57530	38.35380	-92.57500
KH88	01/19	37.60050	-90.28900	37.61110	-90.28560
KH92	17/35	36.44720	-96.38720	36.43830	-96.38720
KH96	18/36	38.01400	-88.93450	38.00300	-88.93440
KHAB	18/36	34.12450	-87.99790	34.10940	-87.99850
KHAE	17/35	39.73110	-91.44520	39.71920	-91.44250
KHAF	12/30	37.51850	-122.50700	37.50840	-122.49500
KHAI	05/23	41.95600	-85.59540	41.96130	-85.58840
KHAI	09/27	41.96040	-85.60120	41.96050	-85.58650
KHAO	12/30	39.36640	-84.53110	39.36110	-84.51280
KHBC	13/31	48.77160	-101.54100	48.76510	-101.53300
KHBG	13/31	31.27050	-89.26030	31.25950	-89.24550
KHBI	03/21	35.64750	-79.89810	35.66160	-79.89130
KHBR	03/21	34.98280	-99.05610	34.99310	-99.04360
KHBR	17/35	34.99890	-99.05440	34.98370	-99.05450
KHBV	13/31	27.35440	-98.74250	27.34480	-98.73140
KHBZ	06/24	35.50890	-92.01880	35.51450	-92.00720
KHCD	15/33	44.86470	-94.38610	44.85500	-94.37890
KHCO	13/31	48.75690	-96.94840	48.74850	-96.93770
KHCR	04/22	40.47570	-111.43800	40.48790	-111.41900
KHDC	13/31	30.52800	-90.42560	30.51520	-90.41120
KHDC	18/36	30.52860	-90.41920	30.51480	-90.41910
KHDE	11/29	40.45190	-99.33680	40.44910	-99.33160
KHDE	18/36	40.45900	-99.33590	40.44630	-99.33870
KHDN	10/28	40.48670	-107.23400	40.47570	-107.20100
KHDO	04/22	29.35550	-99.18340	29.36600	-99.17140
KHDO	08/26	29.36400	-99.18510	29.36400	-99.16610
KHDO	13/31	29.36170	-99.18500	29.35000	-99.17150
KHDO	17L/35R	29.36640	-99.17200	29.34980	-99.17200
KHDO	17R/35L	29.36300	-99.18330	29.35410	-99.18330
KHEE	09/27	34.57230	-90.67790	34.57230	-90.66790
KHEE	18/36	34.58590	-90.67760	34.57210	-90.67770
KHEF	16L/34R	38.72770	-77.51880	38.71410	-77.50900
KHEF	16R/34L	38.72670	-77.52110	38.71780	-77.51470
KHEG	07/25	30.27640	-81.81490	30.28110	-81.80340
KHEG	11/29	30.27840	-81.80750	30.27510	-81.79700
KHEI	12/30	46.02000	-102.66100	46.01110	-102.64900
KHEQ	14/32	40.57530	-102.27700	40.56360	-102.26800
KHEZ	14/32	31.62060	-91.30590	31.60770	-91.29150
KHEZ	18/36	31.61990	-91.29550	31.60620	-91.29570
KHFD	02/20	41.73160	-72.64980	41.74360	-72.64730
KHFD	11/29	41.73420	-72.65760	41.73320	-72.64920
KHFD	NE/SW	41.73480	-72.64780	41.74110	-72.64650
KHFF	04/22	35.03430	-79.50630	35.04550	-79.49670
KHFF	11/29	35.03360	-79.50550	35.02930	-79.49060
KHFF	16/34	35.04470	-79.49500	35.03190	-79.49030
KHFJ	18/36	36.91310	-94.01290	36.89930	-94.01260
KHFY	01/19	39.62260	-86.08890	39.63430	-86.08690
KHGR	02/20	39.70420	-77.72880	39.71260	-77.72590
KHGR	09/27	39.70670	-77.74030	39.70920	-77.72120
KHHF	04/22	35.89010	-100.41000	35.90000	-100.39800
KHHF	18/36	35.89930	-100.40300	35.89110	-100.40300
KHHG	09/27	40.85320	-85.46610	40.85270	-85.44800
KHHR	07/25	33.92250	-118.34300	33.92320	-118.32700
KHHW	17/35	34.04060	-95.54190	34.03130	-95.54190
KHIB	04/22	47.38630	-92.84660	47.39180	-92.83720
KHIB	13/31	47.39170	-92.84780	47.37920	-92.82760
KHIE	10/28	44.36730	-71.55350	44.36780	-71.53820
KHIF	14/32	41.14040	-111.98400	41.10750	-111.96200
KHIG	16/34	39.07830	-93.67930	39.06660	-93.67540
KHII	14/32	34.58060	-114.36500	34.56160	-114.35200
KHIO	02/20	45.53360	-122.95300	45.54210	-122.94200
KHIO	13R/31L	45.54960	-122.96000	45.53500	-122.94400
KHJH	03/21	40.14890	-97.58400	40.15410	-97.57800
KHJH	12/30	40.15530	-97.59200	40.14920	-97.58190
KHJO	14/32	36.32300	-119.63200	36.31050	-119.62300
KHKA	18/36	35.94730	-89.83100	35.93350	-89.83060
KHKS	11/29	32.33550	-90.22770	32.33000	-90.21350
KHKS	16/34	32.34290	-90.22670	32.32910	-90.22040
KHKY	06/24	35.73500	-81.39730	35.74500	-81.37960
KHLB	18/36	39.35130	-85.25840	39.33770	-85.25840
KHLC	18/36	39.38710	-99.83130	39.37330	-99.83160
KHLG	03/21	40.16860	-80.65130	40.18090	-80.64350
KHLG	16/34	40.18070	-80.64890	40.16990	-80.64110
KHLN	05/23	46.60560	-111.99700	46.61070	-111.98100
KHLN	09/27	46.60840	-111.99800	46.60300	-111.96300
KHLN	16/34	46.61220	-111.98100	46.60400	-111.98100
KHLX	01/19	36.76040	-80.82480	36.77180	-80.82230
KHMN	04/22	32.84680	-106.13300	32.86630	-106.10700
KHMN	07/25	32.84620	-106.12500	32.85270	-106.08300
KHMN	16/34	32.86660	-106.10800	32.83400	-106.09900
KHMT	04/22	33.73398	-117.02415	33.73650	-117.01824
KHMT	05/23	33.73075	-117.02915	33.73615	-117.01653
KHMZ	14/32	40.09030	-78.52060	40.08190	-78.50640
KHNB	09/27	38.24910	-86.96240	38.24900	-86.94500
KHND	17L/35R	35.98080	-115.13300	35.96720	-115.13300
KHND	17R/35L	35.98080	-115.13500	35.96310	-115.13600
KHNR	03/21	41.58180	-95.34040	41.58550	-95.33670
KHNR	15/33	41.59000	-95.34280	41.57970	-95.33680
KHNZ	06/24	36.35730	-78.53580	36.36590	-78.52260
KHOB	04/22	32.67870	-103.22600	32.69300	-103.20900
KHOB	13/31	32.69390	-103.22100	32.68220	-103.20800
KHOB	17/35	32.69620	-103.22100	32.68240	-103.22100
KHOC	05/23	39.18560	-83.54350	39.19190	-83.53410
KHOE	14/32	31.05980	-82.77860	31.05200	-82.76970
KHON	12/30	44.39240	-98.24140	44.38020	-98.21970
KHON	18/36	44.39040	-98.22570	44.37670	-98.22550
KHOP	05/23	36.66120	-87.50510	36.68450	-87.47700
KHOP	18/36	36.67720	-87.49640	36.66480	-87.49610
KHOT	05/23	34.47300	-93.10630	34.48360	-93.08850
KHOT	13/31	34.48150	-93.09920	34.47370	-93.08950
KHOU	04/22	29.63910	-95.28530	29.65420	-95.26870
KHOU	13L/31R	29.65260	-95.28390	29.64280	-95.27220
KHOU	13R/31L	29.65090	-95.28550	29.63640	-95.26830
KHPN	11/29	41.06710	-73.71580	41.06440	-73.70000
KHPN	16/34	41.07560	-73.71330	41.06000	-73.70140
KHPT	17/35	42.72920	-93.22630	42.71820	-93.22640
KHPY	14/32	29.79080	-94.95680	29.78130	-94.94850
KHQG	02/20	37.15550	-101.37500	37.16800	-101.36700
KHQG	13/31	37.16810	-101.37300	37.16300	-101.36700
KHQM	06/24	46.97000	-123.94600	46.97240	-123.92700
KHQU	10/28	33.53000	-82.52500	33.52940	-82.50790
KHQZ	17/35	32.75520	-96.53030	32.73870	-96.53060
KHRI	05/23	45.82540	-119.26700	45.83110	-119.25100
KHRJ	05/23	35.37490	-78.73760	35.38390	-78.72840
KHRL	13/31	26.23320	-97.66400	26.21890	-97.64850
KHRL	18L/36R	26.23400	-97.64870	26.21760	-97.64890
KHRL	18R/36L	26.24040	-97.65860	26.21760	-97.65890
KHRO	18/36	36.26990	-93.15370	36.25310	-93.15570
KHRT	18/36	30.44210	-86.68990	30.41580	-86.68770
KHRU	17/35	38.68900	-96.80800	38.67750	-96.80800
KHRX	02/20	34.85500	-102.32900	34.87010	-102.31900
KHRX	14/32	34.86200	-102.33100	34.85280	-102.32500
KHSA	18/36	30.37950	-89.45460	30.35610	-89.45470
KHSB	06/24	37.80900	-88.55950	37.81520	-88.54390
KHSB	14/32	37.81270	-88.55060	37.80680	-88.54460
KHSD	17/35	35.60870	-97.70650	35.59500	-97.70590
KHSE	07/25	35.23050	-75.62200	35.23510	-75.61360
KHSI	04/22	40.59890	-98.43380	40.60740	-98.42200
KHSI	14/32	40.61440	-98.43370	40.59900	-98.42210
KHSP	07/25	37.94750	-79.84220	37.95540	-79.82560
KHSR	01/19	43.36340	-103.39200	43.37490	-103.38600
KHSR	06/24	43.36590	-103.39400	43.36850	-103.38000
KHST	05/23	25.47850	-80.39640	25.49860	-80.37070
KHSV	18L/36R	34.65310	-86.76550	34.62560	-86.76600
KHSV	18R/36L	34.65280	-86.78210	34.61820	-86.78280
KHTH	10/28	38.54760	-118.64300	38.54030	-118.62400
KHTH	15/33	38.55150	-118.63200	38.54230	-118.62900
KHTL	09/27	44.36120	-84.67620	44.36140	-84.66100
KHTL	18/36	44.36030	-84.67780	44.35420	-84.67780
KHTO	10/28	40.95890	-72.26030	40.95910	-72.24490
KHTO	16/34	40.96290	-72.25170	40.95760	-72.24760
KHTS	12/30	38.37170	-82.57010	38.36480	-82.54900
KHTW	08/26	38.41840	-82.50090	38.41980	-82.48990
KHUA	17/35	34.68850	-86.68700	34.66880	-86.68260
KHUF	05/23	39.44050	-87.32320	39.45730	-87.29970
KHUF	14/32	39.45970	-87.31040	39.44580	-87.29240
KHUL	01/19	46.11750	-67.79150	46.13110	-67.79420
KHUL	05/23	46.11720	-67.79720	46.12890	-67.78690
KHUM	12/30	29.57090	-90.66690	29.56290	-90.65410
KHUM	18/36	29.57500	-90.66030	29.55710	-90.66040
KHUT	04/22	38.05850	-97.86370	38.07070	-97.84960
KHUT	13/31	38.07420	-97.87110	38.05990	-97.85490
KHUT	17/35	38.07010	-97.86280	38.05840	-97.86210
KHVC	08/26	36.85540	-87.46430	36.85860	-87.44590
KHVE	09/27	38.41860	-110.71600	38.41780	-110.69600
KHVE	17/35	38.43170	-110.70300	38.41810	-110.70400
KHVN	02/20	41.25610	-72.88820	41.27140	-72.88720
KHVR	03/21	48.53790	-109.76800	48.54510	-109.75700
KHVR	08/26	48.54400	-109.77300	48.54400	-109.75100
KHVS	03/21	34.39670	-80.12240	34.40940	-80.11610
KHWD	10L/28R	37.66250	-122.12700	37.65820	-122.11800
KHWD	10R/28L	37.66200	-122.13000	37.65430	-122.11300
KHWO	10L/28R	26.00230	-80.24480	26.00220	-80.23490
KHWO	10R/28L	25.99820	-80.24420	25.99820	-80.23430
KHWO	19L/01R	26.00650	-80.23960	25.99750	-80.23970
KHWO	19R/01L	26.00700	-80.24400	25.99780	-80.24410
KHWQ	09/27	46.45470	-109.86300	46.45360	-109.84700
KHWV	06/24	40.82160	-72.87290	40.82980	-72.86220
KHWV	15/33	40.82230	-72.87170	40.81420	-72.86090
KHWY	15/33	38.59140	-77.71640	38.58110	-77.70490
KHXD	03/21	32.21910	-80.70050	32.22970	-80.69440
KHXF	09/27	43.35067	-88.39603	43.35049	-88.38325
KHXF	18/36	43.35250	-88.39040	43.34640	-88.39120
KHYA	06/24	41.66460	-70.28280	41.67420	-70.26760
KHYA	15/33	41.67480	-70.29190	41.66380	-70.27950
KHYI	08/26	29.89180	-97.87710	29.89250	-97.85710
KHYI	13/31	29.89700	-97.87000	29.88660	-97.85710
KHYI	17/35	29.90170	-97.85770	29.88740	-97.85710
KHYR	03/21	46.01960	-91.44840	46.03210	-91.44010
KHYR	16/34	46.02540	-91.44520	46.02220	-91.44360
KHYS	04/22	38.83530	-99.27810	38.84360	-99.26640
KHYS	16/34	38.85280	-99.27630	38.83540	-99.27130
KHYW	04/22	33.82330	-79.12600	33.83360	-79.11840
KHYX	05/23	43.42960	-83.86590	43.43530	-83.85830
KHYX	10/28	43.43390	-83.87190	43.43390	-83.85310
KHZD	01/19	36.08320	-88.46490	36.09800	-88.46100
KHZE	15/33	47.29580	-101.58500	47.28360	-101.57600
KHZL	10/28	40.98730	-76.00370	40.98630	-75.98600
KHZR	18/36	30.72520	-91.47810	30.71150	-91.47930
KHZX	14/32	46.62240	-93.31420	46.61520	-93.30550
KHZY	09/27	41.77660	-80.70480	41.77940	-80.68620
KI06	18/36	34.57330	-101.78000	34.56030	-101.78300
KI10	05/23	39.79700	-81.54070	39.80490	-81.53190
KI12	05/23	40.23660	-84.15520	40.24290	-84.14830
KI12	10/28	40.24290	-84.15890	40.24200	-84.14180
KI16	08/26	37.59870	-81.56520	37.60220	-81.55330
KI17	08/26	40.16330	-84.31540	40.16610	-84.30150
KI18	04/22	38.92500	-81.82300	38.93450	-81.81600
KI22	07/25	40.16720	-84.93370	40.17050	-84.92020
KI22	09/27	40.16920	-84.92670	40.16910	-84.91960
KI23	05/23	39.56460	-83.42560	39.57620	-83.41550
KI34	18/36	39.33160	-85.52260	39.32220	-85.52250
KI35	08/26	36.85820	-83.36420	36.86050	-83.35270
KI39	18/36	37.63700	-84.33310	37.62470	-84.33160
KI40	04/22	40.30470	-81.85780	40.31360	-81.84890
KI43	01/19	38.97420	-82.57870	38.98850	-82.57700
KI50	06/24	37.84800	-83.85020	37.85220	-83.84130
KI53	01/19	37.30540	-85.05940	37.31360	-85.05830
KI54	09/27	40.02000	-83.83530	40.02000	-83.82250
KI58	01/19	34.92300	-104.64500	34.93900	-104.63800
KI58	08/26	34.93920	-104.65300	34.93940	-104.63800
KI63	18/36	39.99350	-90.80400	39.97730	-90.80430
KI64	03/21	41.28830	-82.37340	41.29790	-82.36800
KI66	03/21	39.49890	-83.86580	39.50760	-83.85980
KI67	01/19	39.25480	-84.77430	39.26310	-84.77430
KI68	01/19	39.45600	-84.25240	39.46830	-84.25130
KI69	04/22	39.07530	-84.21310	39.08230	-84.20650
KI71	12/30	39.65660	-81.80860	39.65180	-81.79780
KI73	08/26	39.68260	-84.24920	39.68250	-84.23680
KI74	02/20	40.12690	-83.75580	40.13840	-83.75100
KI75	18/36	41.05780	-93.68970	41.04690	-93.68940
KI76	01/19	40.78090	-86.14690	40.79180	-86.14580
KI86	08/26	39.69010	-82.20370	39.69310	-82.19190
KI93	09/27	37.78520	-86.44800	37.78500	-86.43590
KI95	04/22	40.60630	-83.64840	40.61520	-83.63870
KIAB	01L/19R	37.60730	-97.27350	37.63950	-97.26450
KIAB	01R/19L	37.60680	-97.27070	37.63900	-97.26180
KIAD	01C/19C	38.93910	-77.45980	38.97060	-77.45930
KIAD	01L/19R	38.94500	-77.47482	38.97078	-77.47445
KIAD	01R/19L	38.92380	-77.43640	38.95530	-77.43600
KIAD	12/30	38.94380	-77.49040	38.93360	-77.45590
KIAG	06/24	43.10100	-78.94690	43.11010	-78.93200
KIAG	10/28	43.10950	-78.96880	43.10950	-78.93200
KIAH	08L/26R	30.00720	-95.35880	30.00720	-95.33040
KIAH	08R/26L	29.99340	-95.35500	29.99340	-95.32530
KIAH	09/27	29.97760	-95.33410	29.97760	-95.30250
KIAH	15L/33R	29.98790	-95.35790	29.95880	-95.34000
KIAH	15R/33L	29.98780	-95.36140	29.96350	-95.34650
KIBM	10/28	41.19020	-103.68800	41.18590	-103.66600
KICL	02/20	40.71510	-95.03060	40.72760	-95.02320
KICL	13/31	40.72520	-95.02820	40.72000	-95.02280
KICR	03/21	43.38790	-99.84670	43.39410	-99.83990
KICR	13/31	43.39410	-99.84730	43.38540	-99.83530
KICT	01L/19R	37.63500	-97.44600	37.66160	-97.43380
KICT	01R/19L	37.64280	-97.42630	37.66160	-97.41770
KICT	14/32	37.65750	-97.44010	37.64260	-97.42920
KIDA	02/20	43.50250	-112.08500	43.52200	-112.06400
KIDA	17/35	43.52260	-112.06200	43.51150	-112.06200
KIDG	12/30	42.33490	-95.44990	42.33030	-95.43990
KIDI	11/29	40.63280	-79.11270	40.63160	-79.09840
KIDL	18/36	33.49540	-90.67890	33.47610	-90.67880
KIDP	04/22	37.15700	-95.78540	37.16360	-95.77710
KIDP	17/35	37.16470	-95.77660	37.14960	-95.77660
KIEN	12/30	43.02560	-102.51400	43.01700	-102.49900
KIER	07/25	31.73780	-93.10740	31.74040	-93.09490
KIER	17/35	31.73970	-93.09950	31.72630	-93.09570
KIFA	13/31	42.47470	-93.27520	42.46690	-93.26470
KIFP	16/34	35.16770	-114.56000	35.14710	-114.55900
KIGM	03/21	35.25150	-113.94800	35.26470	-113.93200
KIGM	17/35	35.27010	-113.93600	35.25160	-113.93600
KIGQ	09/27	41.53990	-87.53790	41.53990	-87.52550
KIGQ	18/36	41.53620	-87.52770	41.52520	-87.52770
KIIB	18/36	42.45910	-91.94770	42.44810	-91.94750
KIIY	13/31	33.78260	-82.82120	33.77610	-82.81050
KIJD	09/27	41.74340	-72.18520	41.74660	-72.17010
KIJD	18/36	41.74630	-72.18570	41.73890	-72.18270
KIJX	04/22	39.77090	-90.24310	39.77870	-90.23300
KIJX	13/31	39.77930	-90.24470	39.76960	-90.23220
KIKG	13/31	27.55720	-98.03690	27.54450	-98.02500
KIKK	04/22	41.06580	-87.85480	41.07870	-87.84140
KIKK	16/34	41.07600	-87.84630	41.06460	-87.84110
KIKV	04/22	41.68890	-93.57250	41.69700	-93.56160
KIKV	18/36	41.69770	-93.56580	41.68260	-93.56580
KILE	01/19	31.07860	-97.68900	31.09310	-97.68400
KILG	01/19	39.66930	-75.60380	39.68840	-75.60160
KILG	09/27	39.67810	-75.62010	39.68230	-75.59530
KILG	14/32	39.68020	-75.61670	39.67200	-75.60430
KILM	06/24	34.26190	-77.91030	34.27650	-77.89050
KILM	17/35	34.28120	-77.90910	34.26320	-77.90090
KILN	04L/22R	39.41940	-83.80930	39.44270	-83.78630
KILN	04R/22L	39.41440	-83.79500	39.43400	-83.77570
KIML	03/21	40.50930	-101.62300	40.51520	-101.61500
KIML	13/31	40.51480	-101.62600	40.50370	-101.61500
KIMM	09/27	26.43700	-81.40540	26.43750	-81.39020
KIMM	18/36	26.43720	-81.40520	26.42350	-81.40470
KIMS	03/21	38.75470	-85.46880	38.76500	-85.46070
KIMT	01/19	45.81050	-88.11510	45.82820	-88.11170
KIMT	13/31	45.82020	-88.12200	45.81320	-88.11090
KIND	05L/23R	39.70640	-86.32080	39.72830	-86.29290
KIND	05R/23L	39.70020	-86.30440	39.71980	-86.27950
KIND	14/32	39.73420	-86.28880	39.71960	-86.26960
KINF	01/19	28.79680	-82.31910	28.81040	-82.31750
KINJ	16/34	32.08880	-97.09890	32.07820	-97.09550
KINK	04/22	31.77970	-103.20500	31.78580	-103.19600
KINK	13/31	31.78300	-103.20800	31.77240	-103.19800
KINL	04/22	48.56260	-93.40670	48.56870	-93.39840
KINL	13/31	48.57280	-93.41270	48.56000	-93.39400
KINS	08/26	36.58450	-115.69600	36.58350	-115.66500
KINS	13/31	36.59490	-115.67800	36.58390	-115.66800
KINT	04/22	36.13310	-80.22910	36.14240	-80.22230
KINT	15/33	36.13880	-80.22630	36.12390	-80.21320
KINW	04/22	35.01430	-110.73800	35.02500	-110.71700
KINW	11/29	35.02910	-110.72800	35.01950	-110.70700
KIOB	03/21	38.05200	-83.98350	38.06420	-83.97560
KIOW	07/25	41.63890	-91.55500	41.64290	-91.54000
KIOW	12/30	41.64190	-91.55270	41.63580	-91.54100
KIPJ	05/23	35.47820	-81.16800	35.48850	-81.15440
KIPL	08/26	32.83210	-115.59000	32.83210	-115.57500
KIPL	14/32	32.84250	-115.57900	32.82960	-115.57100
KIPT	09/27	41.23870	-76.93440	41.24270	-76.91150
KIPT	12/30	41.24500	-76.92650	41.24180	-76.91150
KIRK	09/27	40.09780	-92.55010	40.09780	-92.54510
KIRK	18/36	40.10070	-92.54420	40.08430	-92.54440
KIRS	01/19	41.80600	-85.44080	41.82020	-85.44090
KIRS	06/24	41.81120	-85.44140	41.81610	-85.43070
KISB	17/35	43.37360	-95.75980	43.36540	-95.75980
KISM	06/24	28.28680	-81.44410	28.29410	-81.43090
KISM	15/33	28.29620	-81.44170	28.28220	-81.43180
KISO	05/23	35.31950	-77.62150	35.34330	-77.59620
KISP	06/24	40.78860	-73.11240	40.80220	-73.09460
KISP	15L/33R	40.79900	-73.09840	40.79290	-73.09030
KISP	15R/33L	40.80220	-73.10730	40.79220	-73.09410
KISQ	01/19	45.97060	-86.17060	45.97740	-86.17070
KISQ	10/28	45.97500	-86.18230	45.97490	-86.16260
KISW	02/20	44.35340	-89.84180	44.36750	-89.83470
KISW	11/29	44.36310	-89.84420	44.35880	-89.83170
KISW	18/36	44.36140	-89.84250	44.35560	-89.84190
KITH	14/32	42.49730	-76.46730	42.48470	-76.44960
KITR	15/33	39.24920	-102.28900	39.23580	-102.28200
KIWA	12C/30C	33.31760	-111.66600	33.29760	-111.64300
KIWA	12L/30R	33.31760	-111.66100	33.29930	-111.64000
KIWA	12R/30L	33.31770	-111.67300	33.29730	-111.64900
KIWD	09/27	46.52760	-90.14430	46.52750	-90.11840
KIWH	09/27	40.76100	-85.80790	40.76120	-85.79200
KIWH	18/36	40.76660	-85.79600	40.76130	-85.79580
KIWI	07/25	43.95850	-69.71760	43.96430	-69.70750
KIWS	15/33	29.82310	-95.67530	29.81330	-95.66990
KIXA	02/20	36.32230	-77.63670	36.33730	-77.63380
KIXD	04/22	38.82820	-94.89510	38.83780	-94.88190
KIXD	18/36	38.83950	-94.89160	38.81940	-94.89160
KIYK	02/20	35.64830	-117.83300	35.66240	-117.82300
KIYK	10/28	35.66790	-117.83500	35.66310	-117.82200
KIYK	15/33	35.66690	-117.83400	35.64770	-117.82800
KIZA	08/26	34.60740	-120.08000	34.60630	-120.07100
KIZG	14/32	43.99440	-70.95490	43.98770	-70.94190
KJAC	01/19	43.59920	-110.74200	43.61550	-110.73400
KJAN	16L/34R	32.32820	-90.07770	32.30650	-90.06740
KJAN	16R/34L	32.31580	-90.08440	32.29420	-90.07410
KJAS	18/36	30.89330	-94.03480	30.87810	-94.03510
KJAU	05/23	36.33020	-84.16780	36.33790	-84.15810
KJAX	08/26	30.49620	-81.70000	30.50540	-81.67000
KJAX	14/32	30.49220	-81.70080	30.47840	-81.68230
KJBR	05/23	35.82880	-90.65120	35.83970	-90.63520
KJBR	13/31	35.83180	-90.65620	35.82390	-90.64640
KJCT	08/26	30.51200	-99.76370	30.51170	-99.75660
KJCT	17/35	30.51720	-99.76440	30.50340	-99.76450
KJDD	18/36	32.74770	-95.49620	32.73670	-95.49670
KJDN	10/28	47.33580	-106.94200	47.33080	-106.92600
KJEF	09/27	38.59100	-92.16410	38.59090	-92.15220
KJEF	12/30	38.59570	-92.16380	38.58690	-92.14610
KJER	09/27	42.72790	-114.46600	42.72550	-114.44700
KJES	11/29	31.55520	-81.89120	31.55270	-81.87380
KJFK	04L/22R	40.62200	-73.78560	40.64880	-73.76470
KJFK	04R/22L	40.62540	-73.77030	40.64520	-73.75490
KJFK	13L/31R	40.65780	-73.79020	40.64370	-73.75930
KJFK	13R/31L	40.64840	-73.81670	40.62790	-73.77160
KJFX	09/27	33.90230	-87.32200	33.90180	-87.30560
KJFZ	07/25	37.06130	-81.80500	37.06620	-81.79160
KJGG	13/31	37.24140	-76.72080	37.23690	-76.71130
KJHW	07/25	42.14820	-79.26810	42.15570	-79.25140
KJHW	13/31	42.15810	-79.26330	42.15220	-79.24870
KJKA	09/27	30.29030	-87.68020	30.29030	-87.65820
KJKA	17/35	30.29330	-87.67720	30.28340	-87.67630
KJKJ	12/30	46.84190	-96.67140	46.83670	-96.65610
KJKL	01/19	37.58790	-83.31830	37.59980	-83.31620
KJLN	13/31	37.15780	-94.50730	37.14450	-94.49240
KJLN	18/36	37.16410	-94.49740	37.14620	-94.49820
KJMR	11/29	45.88430	-93.27740	45.88130	-93.26880
KJMR	17/35	45.89350	-93.27210	45.88270	-93.26980
KJMS	04/22	46.92450	-98.68670	46.93570	-98.67050
KJMS	13/31	46.93570	-98.68710	46.92310	-98.66860
KJNX	03/21	35.53430	-78.39490	35.54740	-78.38570
KJOT	04/22	41.51490	-88.17980	41.52120	-88.17150
KJOT	13/31	41.51990	-88.17970	41.51510	-88.17110
KJQF	02/20	35.37780	-80.71140	35.39780	-80.70690
KJSO	14/32	31.87460	-95.22260	31.86400	-95.21220
KJST	05/23	40.31040	-78.83930	40.31970	-78.82940
KJST	15/33	40.32370	-78.84220	40.30810	-78.82750
KJSV	17/35	35.44370	-94.80280	35.43270	-94.80290
KJVL	04/22	42.61180	-89.04980	42.62560	-89.03330
KJVL	14/32	42.62810	-89.05520	42.61430	-89.03550
KJVL	18/36	42.62780	-89.03620	42.61410	-89.03600
KJVY	14/32	38.37080	-85.74320	38.36280	-85.73410
KJVY	18/36	38.37200	-85.73790	38.35690	-85.73790
KJWG	17/35	35.87020	-98.42080	35.85920	-98.42080
KJWN	02/20	36.17500	-86.88910	36.18970	-86.88430
KJWY	18/36	32.46300	-96.91180	32.44920	-96.91300
KJXI	18/36	32.70350	-94.94880	32.69250	-94.94890
KJXN	07/25	42.25610	-84.46670	42.26530	-84.45130
KJXN	14/32	42.26160	-84.46460	42.25510	-84.45520
KJYG	15/33	43.99100	-94.56180	43.98160	-94.55400
KJYL	05/23	32.64000	-81.60060	32.64930	-81.58870
KJYL	15/33	32.65050	-81.60380	32.64190	-81.59680
KJYM	10/28	41.92160	-84.59310	41.92090	-84.57840
KJYO	17/35	39.08510	-77.56060	39.07080	-77.55440
KJYR	05/23	40.89220	-97.63260	40.89980	-97.61890
KJYR	17/35	40.90480	-97.62380	40.88870	-97.62180
KJZI	04/22	32.69110	-80.00580	32.70110	-79.99840
KJZI	09/27	32.70490	-80.01180	32.70500	-79.99550
KJZP	16/34	34.45980	-84.46030	34.44690	-84.45440
KK02	02/20	37.85950	-89.86570	37.87780	-89.85850
KK06	18/36	39.97830	-90.40400	39.96740	-90.40330
KK09	04/22	43.44980	-74.52080	43.45690	-74.51460
KK15	14/32	38.11390	-92.68400	38.10700	-92.67720
KK16	06/24	43.25590	-75.60740	43.26150	-75.59920
KK19	01/19	40.25750	-94.34110	40.26640	-94.33860
KK20	06/24	37.38950	-83.26980	37.39400	-83.26020
KK20	14/32	37.39050	-83.26580	37.38010	-83.25450
KK22	03/21	37.74510	-82.64120	37.75690	-82.63220
KK24	17/35	37.01650	-85.10340	37.00290	-85.10200
KK32	16/34	37.75160	-97.40790	37.74310	-97.40510
KK33	17/35	37.61930	-91.60560	37.61120	-91.60330
KK38	17/35	39.73820	-97.04770	39.72880	-97.04770
KK44	04/22	36.79500	-100.53600	36.80080	-100.52800
KK44	17/35	36.80300	-100.52600	36.79470	-100.52600
KK49	03/21	36.50150	-101.81600	36.50830	-101.80700
KK49	17/35	36.51280	-101.81300	36.50640	-101.81400
KK51	01/19	37.26060	-98.54890	37.26640	-98.54580
KK51	13/31	37.26190	-98.54810	37.25830	-98.54420
KK51	16/34	37.26690	-98.54720	37.25830	-98.54530
KK52	09/27	39.63460	-91.73320	39.63430	-91.72080
KK57	18/36	40.45140	-95.36720	40.44100	-95.36740
KK58	02/20	37.16280	-99.77780	37.17060	-99.77250
KK58	14/32	37.17030	-99.77760	37.16300	-99.77270
KK59	16/34	39.57460	-95.18090	39.56640	-95.17970
KK61	04/22	39.46800	-98.13340	39.47260	-98.12750
KK61	08/26	39.46870	-98.13330	39.46860	-98.12750
KK61	17/35	39.47780	-98.12700	39.46790	-98.12680
KK62	03/21	38.69920	-84.39490	38.70900	-84.38850
KK74	12/30	46.65090	-97.00440	46.64660	-96.99280
KK75	02/20	39.42430	-98.68260	39.43410	-98.67640
KK75	12/30	39.43150	-98.68370	39.42680	-98.67540
KK77	12/30	36.76030	-99.10560	36.75470	-99.09830
KK79	17/35	37.99020	-99.89420	37.97870	-99.89450
KK81	03/21	38.53750	-94.92320	38.54480	-94.91590
KK81	15/33	38.54320	-94.92380	38.53670	-94.91950
KK82	14/32	39.76860	-98.79890	39.75810	-98.79110
KK83	01/19	39.90000	-95.78080	39.90830	-95.77810
KK83	12/30	39.90320	-95.77900	39.90100	-95.77480
KK88	01/19	37.86460	-95.38800	37.87560	-95.38470
KK89	02/20	39.72440	-92.45920	39.73290	-92.45520
KK94	17/35	38.55280	-99.28890	38.54390	-99.28830
KKIC	11/29	36.23220	-121.12800	36.22390	-121.11600
KKLS	12/30	46.12260	-122.90400	46.11340	-122.89300
KKNB	01/19	37.00260	-112.53500	37.01850	-112.52800
KL00	08/26	34.87080	-118.21500	34.87080	-118.20300
KL05	17/35	35.73310	-118.41900	35.72360	-118.42100
KL06	15/33	36.46810	-116.88200	36.45970	-116.88000
KL08	08/26	33.25890	-116.32900	33.25920	-116.31300
KL09	05/23	36.60140	-117.16400	36.60670	-117.15400
KL17	07/25	35.14110	-119.44100	35.14220	-119.42900
KL19	12/30	35.62310	-119.35700	35.61610	-119.35000
KL22	06/24	34.12580	-116.41500	34.12970	-116.40100
KL23	18/36	37.10970	-116.31100	37.09450	-116.31500
KL26	03/21	34.37360	-117.32100	34.38080	-117.31100
KL31	18/36	30.44920	-89.98890	30.44080	-89.98890
KL33	16/34	32.00220	-91.24720	31.99280	-91.24720
KL35	8/26	34.26360	-116.86400	34.26370	-116.84500
KL38	17/35	30.17820	-90.94160	30.16730	-90.93970
KL39	18/36	31.17340	-93.34240	31.16300	-93.34250
KL41	03/21	36.80860	-111.65100	36.81640	-111.64300
KL45	16/34	35.33030	-118.99700	35.31940	-118.99500
KL62	11/29	35.35560	-119.48200	35.34970	-119.47400
KL64	05/23	33.74640	-115.32900	33.75080	-115.31700
KL65	15/33	33.77137	-117.22088	33.75826	-117.21713
KL65	18/36	33.76025	-117.21916	33.75770	-117.21913
KL66	18/36	31.48140	-92.45830	31.46890	-92.45830
KL70	04/22	34.49970	-118.31900	34.50740	-118.30700
KL71	06/24	35.14920	-118.02600	35.15330	-118.00700
KL72	17/35	35.81830	-117.32700	35.80200	-117.32700
KL73	16/34	35.60060	-119.12800	35.59250	-119.12800
KL77	06/24	33.66360	-115.71800	33.66670	-115.70300
KL83	08/26	29.74730	-90.83760	29.74820	-90.82820
KL88	10/28	34.93980	-119.69400	34.93520	-119.68300
KL94	09L/27R	35.10310	-118.43100	35.09920	-118.41500
KL94	09R/27L	35.10280	-118.43100	35.09860	-118.41400
KLAA	08/26	38.07390	-102.69400	38.07400	-102.67600
KLAA	18/36	38.07490	-102.69000	38.05780	-102.69300
KLAF	05/23	40.40820	-86.93900	40.41570	-86.92750
KLAF	10/28	40.41400	-86.95090	40.41110	-86.92750
KLAL	05/23	27.98340	-82.02040	27.99320	-82.00940
KLAL	10/28	27.98920	-82.03390	27.98930	-82.00750
KLAM	09/27	35.88140	-106.27900	35.87820	-106.26000
KLAN	06/24	42.77320	-84.60100	42.78140	-84.58620
KLAN	10L/28R	42.78190	-84.58500	42.78180	-84.57160
KLAN	10R/28L	42.77820	-84.60110	42.77800	-84.57410
KLAR	03/21	41.30270	-105.68700	41.31900	-105.66500
KLAR	12/30	41.31970	-105.68100	41.30760	-105.66500
KLAS	01L/19R	36.07530	-115.17000	36.09770	-115.15800
KLAS	01R/19L	36.07417	-115.16750	36.09850	-115.15350
KLAS	08L/26R	36.07633	-115.17133	36.07633	-115.12100
KLAS	08R/26L	36.07360	-115.16100	36.07370	-115.12600
KLAW	17/35	34.57860	-98.41720	34.55500	-98.41560
KLAX	6L/24R	33.94912	-118.43119	33.95211	-118.40195
KLAX	6R/24L	33.94682	-118.43469	33.95047	-118.39906
KLAX	7L/25R	33.93556	-118.42209	33.93988	-118.37979
KLAX	7R/25L	33.93366	-118.41907	33.93737	-118.38270
KLBB	08/26	33.66220	-101.82900	33.66230	-101.80300
KLBB	17L/35R	33.65980	-101.81700	33.65190	-101.81700
KLBB	17R/35L	33.68240	-101.82900	33.65080	-101.82900
KLBE	06/24	40.26810	-79.41700	40.28160	-79.39900
KLBF	12/30	41.13220	-100.69000	41.11940	-100.66700
KLBF	17/35	41.13300	-100.69300	41.12090	-100.69300
KLBL	04/22	37.03870	-100.97100	37.04980	-100.95700
KLBL	17/35	37.05390	-100.95600	37.03440	-100.95600
KLBO	18/36	37.65520	-92.65220	37.64150	-92.65270
KLBR	17/35	33.59730	-95.06410	33.58910	-95.06300
KLBT	05/23	34.60430	-79.06730	34.61490	-79.05440
KLBT	13/31	34.61400	-79.06490	34.60610	-79.05130
KLBX	17/35	29.11830	-95.46210	29.09900	-95.46210
KLCG	05/23	42.23750	-96.98790	42.24300	-96.97770
KLCG	13/31	42.24190	-96.98720	42.23790	-96.98200
KLCG	18/36	42.24900	-96.98010	42.23750	-96.98050
KLCH	05/23	30.12850	-93.22970	30.13730	-93.21680
KLCH	15/33	30.12870	-93.22790	30.11260	-93.21910
KLCI	08/26	43.57000	-71.42810	43.57550	-71.40970
KLCK	05L/23R	39.80330	-82.94410	39.82640	-82.91390
KLCK	05R/23L	39.80110	-82.94200	39.82440	-82.91140
KLCQ	05/23	30.17730	-82.58050	30.18410	-82.57050
KLCQ	10/28	30.18410	-82.59010	30.18140	-82.56500
KLDJ	9/27	40.61605	-74.25184	40.61886	-74.23737
KLDM	01/19	43.95920	-86.41300	43.96880	-86.41260
KLDM	08/26	43.95930	-86.41350	43.96370	-86.39550
KLEB	07/25	43.62580	-72.31210	43.63350	-72.29420
KLEB	18/36	43.62930	-72.30740	43.61540	-72.30330
KLEE	04/22	28.81620	-81.81180	28.82730	-81.80290
KLEE	13/31	28.82880	-81.81610	28.82000	-81.80410
KLEM	11/29	45.92270	-102.11200	45.91550	-102.09800
KLEM	17/35	45.91960	-102.10800	45.91440	-102.10900
KLEW	04/22	44.04220	-70.28810	44.05470	-70.28020
KLEW	17/35	44.05160	-70.28510	44.04520	-70.27960
KLEX	04/22	38.02770	-84.61510	38.04210	-84.59900
KLEX	09/27	38.03933	-84.61828	38.04067	-84.60451
KLFI	08/26	37.07760	-76.37640	37.08810	-76.34470
KLFK	07/25	31.23430	-94.75740	31.23810	-94.74070
KLFK	16/34	31.23690	-94.75350	31.22580	-94.74880
KLFT	04L/22R	30.20140	-91.99240	30.21020	-91.98430
KLFT	04R/22L	30.19650	-91.99280	30.21290	-91.97770
KLFT	11/29	30.20760	-91.99810	30.20260	-91.98210
KLGA	04/22	40.76920	-73.88410	40.78540	-73.87070
KLGA	13/31	40.78230	-73.87850	40.77210	-73.85710
KLGB	08L/26R	33.82277	-118.16353	33.82270	-118.14316
KLGB	08R/26L	33.81390	-118.16131	33.81391	-118.14844
KLGB	12/30	33.82621	-118.16155	33.80687	-118.13816
KLGC	03/21	33.00430	-85.07680	33.01680	-85.07010
KLGC	13/31	33.01190	-85.07920	33.00270	-85.06450
KLGD	12/30	45.29550	-118.01200	45.28470	-117.99700
KLGD	17/35	45.29570	-118.01100	45.28500	-118.01100
KLGF	06/24	32.85980	-114.40100	32.86380	-114.38200
KLGF	18/36	32.87540	-114.39300	32.85900	-114.39700
KLGU	10/28	41.79100	-111.86500	41.78360	-111.85000
KLGU	17/35	41.80580	-111.84800	41.78090	-111.84900
KLHB	18/36	30.87730	-96.62220	30.86630	-96.62220
KLHM	15/33	38.91710	-121.35400	38.90120	-121.34900
KLHQ	10/28	39.75610	-82.66600	39.75520	-82.64820
KLHV	09L/27R	41.13530	-77.42920	41.13670	-77.41550
KLHV	09R/27L	41.13510	-77.42620	41.13590	-77.41830
KLHW	06L/24R	31.88420	-81.57120	31.89300	-81.55870
KLHW	06R/24L	31.88500	-81.56770	31.88980	-81.56120
KLHW	15L/33R	31.89440	-81.56360	31.88380	-81.55340
KLHW	15R/33L	31.88960	-81.56070	31.88420	-81.55560
KLHX	08/26	38.04810	-103.52300	38.04820	-103.50000
KLHX	12/30	38.05720	-103.51400	38.04590	-103.50000
KLHZ	05/23	36.01760	-78.33640	36.02900	-78.32420
KLIC	16/34	39.28110	-103.66700	39.26840	-103.66400
KLIT	04L/22R	34.72250	-92.23800	34.73820	-92.21800
KLIT	04R/22L	34.71940	-92.22120	34.73500	-92.20130
KLIT	18/36	34.73978	-92.23811	34.72269	-92.23864
KLIU	01/19	33.92000	-102.38800	33.93050	-102.38500
KLIU	13/31	33.92430	-102.39000	33.91940	-102.38400
KLJF	13/31	45.10120	-94.51240	45.09300	-94.50210
KLKP	14/32	44.27010	-73.96830	44.26320	-73.95550
KLKR	06/24	34.71860	-80.86310	34.72720	-80.84610
KLKU	09/27	38.00900	-77.97750	38.01060	-77.96270
KLKV	17/35	42.16840	-120.39900	42.15380	-120.39900
KLLJ	17/35	44.52920	-114.21700	44.51670	-114.21800
KLLN	08/26	33.56060	-102.37500	33.56040	-102.36800
KLLN	17/35	33.55820	-102.37200	33.54140	-102.37300
KLLQ	03/21	33.63270	-91.75530	33.64440	-91.74670
KLLR	11/29	39.26640	-123.76100	39.25750	-123.74600
KLLU	03/21	37.48610	-94.31420	37.49290	-94.30880
KLMO	11/29	40.16780	-105.17100	40.16070	-105.15700
KLMS	17/35	33.15230	-89.06380	33.14010	-89.06120
KLMT	07/25	42.15630	-121.74300	42.15620	-121.72300
KLMT	14/32	42.16920	-121.74000	42.14300	-121.72600
KLNA	04/22	26.59010	-80.08930	26.59770	-80.08400
KLNA	10/28	26.59120	-80.09100	26.59090	-80.08030
KLNA	16/34	26.59830	-80.08540	26.59000	-80.08050
KLNC	13/31	32.58450	-96.72420	32.57390	-96.71390
KLND	04/22	42.81020	-108.73600	42.82030	-108.72400
KLNK	14/32	40.86730	-96.76970	40.84790	-96.75180
KLNK	17/35	40.86130	-96.75080	40.84650	-96.75080
KLNK	18/36	40.86300	-96.76170	40.82760	-96.76190
KLNL	05/23	46.15130	-89.21610	46.15620	-89.20870
KLNL	14/32	46.15870	-89.21640	46.14990	-89.20690
KLNN	05/23	41.68040	-81.39740	41.69030	-81.38450
KLNN	10/28	41.68250	-81.39610	41.68240	-81.38050
KLNP	06/24	36.98350	-82.53750	36.99160	-82.52250
KLNR	09/27	43.21260	-90.18720	43.21270	-90.16840
KLNR	18/36	43.21260	-90.18550	43.20750	-90.18540
KLNS	08/26	40.11990	-76.30410	40.12710	-76.28110
KLNS	13/31	40.12320	-76.30380	40.11770	-76.29100
KLOL	02/20	40.06190	-118.57300	40.07500	-118.56300
KLOL	08/26	40.06430	-118.57100	40.06420	-118.55400
KLOM	06/24	40.13450	-75.27040	40.14060	-75.25980
KLOT	02/20	41.59920	-88.10090	41.61280	-88.09650
KLOT	09/27	41.60870	-88.10450	41.60870	-88.08360
KLOU	06/24	38.22540	-85.66940	38.23150	-85.65640
KLOU	15/33	38.23140	-85.66850	38.22350	-85.66110
KLOZ	06/24	37.08210	-84.08520	37.09170	-84.06960
KLPC	07/25	34.66570	-120.47500	34.66550	-120.46000
KLPR	07/25	41.34140	-82.18590	41.34720	-82.16940
KLQK	05/23	34.80500	-82.70870	34.81490	-82.69710
KLQR	04/22	38.20410	-99.09020	38.21030	-99.08240
KLQR	12/30	38.21020	-99.09070	38.20420	-99.08310
KLQR	17/35	38.21640	-99.08510	38.20490	-99.08510
KLRD	14/32	27.54950	-99.46670	27.53570	-99.45680
KLRD	18L/36R	27.55640	-99.45930	27.53370	-99.46050
KLRD	18R/36L	27.55400	-99.46250	27.53250	-99.46360
KLRF	07/25	34.91140	-92.16550	34.92210	-92.12760
KLRG	17/35	45.36540	-68.53770	45.35890	-68.53180
KLRJ	18/36	42.78340	-96.19270	42.77270	-96.19470
KLRO	17/35	32.90310	-79.78420	32.89290	-79.78150
KLRU	04/22	32.28460	-106.93200	32.29650	-106.91200
KLRU	08/26	32.28500	-106.93200	32.28500	-106.91300
KLRU	12/30	32.29920	-106.93000	32.28460	-106.91300
KLRY	17/35	38.61570	-94.34390	38.60470	-94.34320
KLSB	01/19	32.33080	-108.69300	32.33910	-108.69000
KLSB	12/30	32.33720	-108.69700	32.32830	-108.68500
KLSE	04/22	43.87000	-91.25980	43.88170	-91.24790
KLSE	13/31	43.88480	-91.26490	43.87320	-91.24850
KLSE	18/36	43.89320	-91.25890	43.86980	-91.25860
KLSF	15/33	32.34300	-84.99650	32.32060	-84.97780
KLSK	10/28	42.75680	-104.41300	42.75080	-104.39600
KLSN	14/32	37.06660	-120.87200	37.05920	-120.86700
KLSV	03L/21R	36.22670	-115.04700	36.24760	-115.02400
KLSV	03R/21L	36.22490	-115.04400	36.24560	-115.02200
KLTS	18L/36R	34.68250	-99.25960	34.65780	-99.25950
KLTS	18R/36L	34.68250	-99.27380	34.64550	-99.27380
KLTY	07/25	48.52030	-110.99400	48.52140	-110.97500
KLTY	16/34	48.52060	-110.98700	48.51590	-110.98700
KLUD	17/35	33.26000	-97.58140	33.24930	-97.57970
KLUF	03L/21R	33.52300	-112.39900	33.54320	-112.37600
KLUF	03R/21L	33.52680	-112.39000	33.54690	-112.36800
KLUG	02/20	35.50030	-86.80650	35.51350	-86.80130
KLUK	03L/21R	39.09960	-84.42420	39.10920	-84.41900
KLUK	03R/21L	39.09270	-84.41950	39.10840	-84.41180
KLUK	07/25	39.10260	-84.42790	39.10920	-84.41200
KLUL	13/31	31.67840	-89.17900	31.66770	-89.16650
KLUM	09/27	44.89080	-91.87710	44.89070	-91.85750
KLUM	18/36	44.89970	-91.87000	44.89020	-91.87070
KLUX	08/26	34.50540	-81.95340	34.50870	-81.94100
KLVJ	14/32	29.52610	-95.24610	29.51650	-95.23820
KLVK	07L/25R	37.69390	-121.82900	37.69380	-121.81100
KLVK	07R/25L	37.69250	-121.82500	37.69250	-121.81600
KLVL	18/36	36.77870	-77.79450	36.77050	-77.79310
KLVM	04/22	45.69330	-110.45500	45.70240	-110.43700
KLVM	08/26	45.70160	-110.45700	45.70080	-110.44200
KLVM	13/31	45.70330	-110.45400	45.69690	-110.44900
KLVN	12/30	44.63040	-93.23510	44.62530	-93.22110
KLVS	02/20	35.64830	-105.14700	35.65950	-105.13800
KLVS	14/32	35.66430	-105.14900	35.64450	-105.13600
KLWA	05/23	42.34790	-86.26000	42.35740	-86.24780
KLWA	14/32	42.35220	-86.26270	42.34610	-86.25370
KLWB	04/22	37.85050	-80.40650	37.86620	-80.39250
KLWC	01/19	39.00530	-95.22000	39.01540	-95.21550
KLWC	15/33	39.01870	-95.22010	39.00470	-95.21110
KLWL	01/19	41.11640	-114.92400	41.12300	-114.91900
KLWL	09/27	41.11730	-114.93200	41.11450	-114.91300
KLWM	05/23	42.71090	-71.12890	42.72170	-71.11740
KLWM	14/32	42.72120	-71.13000	42.71560	-71.11760
KLWS	08/26	46.37380	-117.02800	46.37100	-117.00200
KLWS	12/30	46.38180	-117.02400	46.37270	-117.00900
KLWT	03/21	47.04040	-109.48100	47.05250	-109.46700
KLWT	08/26	47.05300	-109.47000	47.05300	-109.44500
KLWT	13/31	47.05180	-109.47600	47.04320	-109.46500
KLWV	09/27	38.76760	-87.61910	38.76780	-87.60090
KLWV	18/36	38.76800	-87.60110	38.75370	-87.60100
KLXL	13/31	45.95260	-94.35110	45.94550	-94.33910
KLXL	18/36	45.95360	-94.34690	45.94530	-94.34720
KLXN	01/19	40.78530	-99.77540	40.79360	-99.77180
KLXN	14/32	40.79700	-99.78320	40.78500	-99.77130
KLXV	16/34	39.22810	-106.31800	39.21080	-106.31500
KLXY	18/36	31.64530	-96.51370	31.63440	-96.51580
KLYH	04/22	37.31790	-79.20590	37.33200	-79.19660
KLYH	17/35	37.33410	-79.20090	37.32530	-79.19720
KLYO	17/35	38.34550	-98.22860	38.33730	-98.22850
KLYV	18/36	43.62260	-96.21790	43.61110	-96.21750
KLZD	13/31	41.82160	-71.90530	41.81790	-71.89670
KLZU	07/25	33.97440	-83.97120	33.98170	-83.95350
KLZZ	16/34	31.11190	-98.19700	31.10050	-98.19480
KM01	17/35	35.20580	-90.05550	35.19560	-90.05250
KM02	17/35	36.13480	-87.43100	36.12110	-87.42870
KM04	01/19	35.57660	-89.58850	35.59020	-89.58590
KM05	18/36	36.17460	-89.67660	36.16360	-89.67640
KM08	01/19	35.20900	-89.04420	35.21990	-89.04260
KM11	17/35	31.90710	-90.36880	31.89880	-90.36860
KM12	18/36	36.09970	-89.85860	36.08890	-89.85860
KM13	16/34	30.79120	-89.50670	30.78090	-89.50230
KM15	18/36	35.60080	-87.87670	35.59100	-87.87670
KM16	12/30	32.30640	-90.41390	32.30030	-90.40310
KM17	18/36	37.60160	-93.34740	37.59060	-93.34800
KM18	04/22	33.71480	-93.66950	33.72510	-93.65600
KM18	16/34	33.72770	-93.65690	33.71290	-93.65290
KM19	04/22	35.63000	-91.18320	35.63980	-91.17150
KM19	18/36	35.64740	-91.17530	35.63370	-91.17560
KM20	02/20	37.39320	-86.26360	37.40330	-86.25820
KM21	05/23	37.22240	-87.16350	37.23010	-87.14930
KM22	02/20	34.43780	-87.71420	34.45230	-87.70910
KM23	13/31	32.31470	-89.13950	32.30920	-89.13220
KM24	17/35	30.84740	-89.16050	30.83920	-89.15900
KM25	18/36	36.77550	-88.58410	36.76280	-88.58530
KM27	09/27	34.87620	-94.11600	34.87590	-94.10260
KM29	02/20	35.37920	-87.97000	35.39110	-87.96500
KM30	18/36	37.18840	-88.75060	37.17740	-88.75070
KM31	18/36	35.90970	-89.39780	35.89690	-89.39670
KM32	01/19	33.34070	-91.31730	33.35130	-91.31410
KM33	17/35	36.38360	-86.41010	36.37010	-86.40740
KM34	10/28	37.00940	-88.30270	37.00960	-88.28900
KM36	02/20	34.87530	-91.17930	34.88520	-91.17350
KM37	18/36	33.78050	-90.52500	33.77230	-90.52500
KM40	18/36	33.88060	-88.48880	33.86690	-88.49060
KM41	18/36	34.80880	-89.52120	34.80000	-89.52100
KM43	12/30	31.59770	-89.91080	31.59290	-89.90210
KM44	03/21	33.88270	-89.02560	33.89170	-89.01940
KM45	17/35	38.74080	-119.76700	38.72870	-119.76800
KM46	06/24	45.85100	-106.71900	45.85470	-106.70000
KM48	16/34	37.33390	-91.97620	37.32450	-91.97410
KM50	04/22	45.81210	-119.82800	45.81750	-119.81300
KM51	13/31	33.50050	-88.68450	33.49500	-88.67850
KM51	18/36	33.50030	-88.68090	33.49430	-88.68140
KM53	04/22	35.79840	-88.87980	35.80600	-88.87010
KM54	01/19	36.18370	-86.31740	36.19730	-86.31550
KM54	04/22	36.18850	-86.31580	36.19200	-86.31140
KM55	17/35	33.85150	-88.11690	33.84190	-88.11400
KM56	8W/26W	48.09226	-90.75235	48.09522	-90.72820
KM59	18/36	31.32150	-88.93500	31.31330	-88.93500
KM60	09/27	35.27200	-91.27670	35.27180	-91.26400
KM66	17/35	38.34750	-97.21370	38.33860	-97.21280
KM70	18/36	36.25100	-90.95510	36.24000	-90.95530
KM71	09/27	38.90190	-90.96600	38.90160	-90.95470
KM72	18/36	34.55440	-89.02480	34.54370	-89.02400
KM73	10/28	34.41540	-91.46760	34.41320	-91.45800
KM73	18/36	34.41570	-91.46750	34.40610	-91.46760
KM75	08/26	48.36590	-107.92900	48.36700	-107.91000
KM77	01/19	33.99180	-93.83940	34.00170	-93.83690
KM78	04/22	34.33020	-92.76440	34.33600	-92.75900
KM79	09/27	32.48560	-91.77230	32.48540	-91.76510
KM79	18/36	32.49080	-91.77210	32.47980	-91.77260
KM83	18/36	33.58930	-88.66660	33.57870	-88.66670
KM85	15/33	36.44910	-89.90770	36.43840	-89.90000
KM89	04/22	34.09480	-93.07170	34.10490	-93.06060
KM90	15/33	36.76320	-120.37300	36.75420	-120.37000
KM91	04/22	36.53140	-86.92530	36.54290	-86.91600
KM93	08/26	36.31540	-87.92150	36.31800	-87.91180
KM94	10/28	46.68940	-119.92600	46.68510	-119.91300
KM95	18/36	33.71890	-87.81470	33.70540	-87.81530
KMAC	10/28	32.82300	-83.57100	32.82160	-83.55580
KMAE	07/25	36.98340	-120.11900	36.98340	-120.10700
KMAE	12/30	36.99400	-120.11900	36.98320	-120.10600
KMAF	04/22	31.93170	-102.20400	31.93920	-102.19200
KMAF	10/28	31.94760	-102.21600	31.93850	-102.19200
KMAF	16L/34R	31.94650	-102.19700	31.93460	-102.19700
KMAF	16R/34L	31.95940	-102.20600	31.93340	-102.20300
KMAI	08/26	30.84060	-85.18580	30.84250	-85.17040
KMAI	18/36	30.84080	-85.18570	30.82730	-85.18570
KMAL	05/23	44.84750	-74.33530	44.85610	-74.32580
KMAL	14/32	44.85390	-74.32890	44.84830	-74.31890
KMAO	04/22	34.17610	-79.33890	34.18630	-79.33050
KMAW	14/32	36.60080	-89.99760	36.59090	-89.98570
KMAW	18/36	36.60740	-89.99340	36.59370	-89.99360
KMBG	12/30	45.55010	-100.41500	45.54290	-100.40100
KMBG	17/35	45.54940	-100.40300	45.54280	-100.40300
KMBL	10/28	44.27280	-86.25480	44.27240	-86.23380
KMBO	17/35	32.44480	-90.10370	32.43260	-90.10250
KMBS	05/23	43.52680	-84.08920	43.54220	-84.06760
KMBS	14/32	43.53720	-84.08950	43.52470	-84.07260
KMBT	18/36	35.88280	-86.37730	35.87210	-86.37780
KMBY	05/23	39.46200	-92.43250	39.46750	-92.42300
KMBY	13/31	39.46690	-92.43230	39.45940	-92.42060
KMCB	16/34	31.18470	-90.47520	31.17220	-90.46860
KMCC	16/34	38.68220	-121.40100	38.65310	-121.40100
KMCD	08/26	45.86370	-84.64400	45.86620	-84.63070
KMCE	12/30	37.29080	-120.52100	37.27870	-120.50700
KMCF	04/22	27.83740	-82.53270	27.86130	-82.50970
KMCI	01L/19R	39.29330	-94.72930	39.32220	-94.72080
KMCI	01R/19L	39.28150	-94.70900	39.30690	-94.70150
KMCI	09/27	39.29090	-94.72660	39.28810	-94.69320
KMCK	04/22	40.20280	-100.60000	40.21040	-100.58900
KMCK	12/30	40.21250	-100.59900	40.20080	-100.58200
KMCK	17/35	40.20550	-100.59200	40.20180	-100.59200
KMCN	05/23	32.68600	-83.66060	32.69800	-83.64490
KMCN	14/32	32.69840	-83.65080	32.68950	-83.63830
KMCO	17L/35R	28.44370	-81.28260	28.41890	-81.28230
KMCO	17R/35L	28.43560	-81.29590	28.40810	-81.29560
KMCO	18L/36R	28.44830	-81.32230	28.41530	-81.32200
KMCO	18R/36L	28.44830	-81.32700	28.41530	-81.32660
KMCW	12/30	43.15980	-93.34390	43.15120	-93.32700
KMCW	18/36	43.16860	-93.32770	43.15080	-93.32770
KMCX	18/36	40.71430	-86.76690	40.70330	-86.76660
KMCZ	03/21	35.85590	-77.18160	35.86850	-77.17480
KMDD	07/25	32.03730	-102.10900	32.04090	-102.09300
KMDD	16/34	32.03850	-102.10300	32.02800	-102.09900
KMDF	17/35	36.48960	-99.19420	36.48000	-99.19420
KMDH	06/24	37.77550	-89.25880	37.78110	-89.24620
KMDH	18L/36R	37.79050	-89.24790	37.77270	-89.24840
KMDH	18R/36L	37.77970	-89.25850	37.77010	-89.25870
KMDQ	18/36	34.86830	-86.55730	34.85450	-86.55760
KMDS	03/21	44.01150	-97.08730	44.01750	-97.08170
KMDS	15/33	44.02290	-97.09090	44.01060	-97.08250
KMDT	13/31	40.19940	-76.77860	40.18700	-76.74660
KMDW	04L/22R	41.78140	-87.76120	41.79230	-87.74730
KMDW	04R/22L	41.77920	-87.75930	41.79200	-87.74310
KMDW	13L/31R	41.79160	-87.76110	41.77920	-87.74370
KMDW	13R/31L	41.78810	-87.75880	41.78080	-87.74860
KMDZ	09/27	45.10310	-90.31020	45.10330	-90.29080
KMDZ	16/34	45.10340	-90.31010	45.09310	-90.30360
KMEB	05/23	34.79040	-79.37200	34.80280	-79.35650
KMEB	13/31	34.78760	-79.37310	34.78030	-79.36430
KMEI	01/19	32.31770	-88.75640	32.34480	-88.75120
KMEI	04/22	32.33100	-88.75290	32.34010	-88.74250
KMEJ	08/26	37.28180	-100.36200	37.28180	-100.35400
KMEJ	17/35	37.28390	-100.35600	37.27070	-100.35500
KMEM	09/27	35.05860	-89.98570	35.05780	-89.95590
KMEM	18C/36C	35.05460	-89.97620	35.02410	-89.97550
KMEM	18L/36R	35.04880	-89.97300	35.02410	-89.97240
KMEM	18R/36L	35.04950	-89.98740	35.02390	-89.98690
KMER	13/31	37.39310	-120.58100	37.36790	-120.55500
KMEV	12/30	39.00550	-119.75900	38.99520	-119.74500
KMEV	16/34	39.01150	-119.75200	38.99120	-119.75200
KMEY	02/20	42.17480	-95.79580	42.18180	-95.79150
KMEZ	09/27	34.54300	-94.20810	34.54240	-94.18820
KMEZ	17/35	34.55550	-94.20900	34.54180	-94.20710
KMFD	05/23	40.81150	-82.52480	40.82430	-82.50690
KMFD	14/32	40.83310	-82.52830	40.81500	-82.50610
KMFE	13/31	26.18290	-98.24630	26.16780	-98.23250
KMFE	18/36	26.18070	-98.23570	26.17350	-98.23700
KMFI	04/22	44.63200	-90.19250	44.63880	-90.18240
KMFI	16/34	44.64430	-90.19410	44.63160	-90.18710
KMFR	14/32	42.38622	-122.87920	42.36372	-122.86741
KMFV	03/21	37.64060	-75.76440	37.65320	-75.75770
KMGC	02/20	41.69800	-86.82390	41.70860	-86.81860
KMGE	11/29	33.91910	-84.53220	33.91140	-84.50050
KMGG	10/28	45.23680	-93.99090	45.23520	-93.98030
KMGJ	04/22	41.50800	-74.26820	41.52080	-74.26130
KMGJ	08/26	41.50630	-74.26810	41.51030	-74.25580
KMGM	03/21	32.29500	-86.39410	32.30420	-86.38710
KMGM	10/28	32.30240	-86.41000	32.29980	-86.38100
KMGN	10/28	45.42610	-84.92170	45.42490	-84.90560
KMGR	04/22	31.08050	-83.80950	31.09150	-83.79920
KMGR	16/34	31.08850	-83.80400	31.07850	-83.79960
KMGW	18/36	39.65070	-79.91880	39.63650	-79.91630
KMGY	02/20	39.58260	-84.22820	39.59530	-84.22150
KMHE	13/31	43.78090	-98.05150	43.76810	-98.03340
KMHE	18/36	43.78280	-98.03400	43.76760	-98.03390
KMHK	03/21	39.13240	-96.67930	39.14710	-96.66350
KMHK	13/31	39.14730	-96.67390	39.13900	-96.66570
KMHL	09/27	39.09660	-93.21290	39.09570	-93.20050
KMHL	18/36	39.10190	-93.20030	39.08900	-93.20060
KMHP	10/28	32.37410	-82.08500	32.37370	-82.07330
KMHR	04L/22R	38.55300	-121.30500	38.56270	-121.28800
KMHR	04R/22L	38.54470	-121.31400	38.56310	-121.28200
KMHT	06/24	42.92890	-71.44830	42.94280	-71.43100
KMHT	17/35	42.94180	-71.43960	42.91850	-71.42580
KMHV	04/22	35.05960	-118.16400	35.06770	-118.15200
KMHV	08/26	35.05920	-118.16600	35.05920	-118.14300
KMHV	12/30	35.06720	-118.15800	35.04870	-118.13600
KMIA	08L/26R	25.80290	-80.30150	25.80400	-80.27540
KMIA	08R/26L	25.80070	-80.30140	25.80200	-80.26950
KMIA	09/27	25.78610	-80.31480	25.78770	-80.27540
KMIA	12/30	25.79930	-80.30230	25.78660	-80.27750
KMIB	11/29	48.42620	-101.38000	48.40540	-101.33600
KMIC	06L/24R	45.06130	-93.35880	45.06540	-93.35100
KMIC	14/32	45.06500	-93.35690	45.05800	-93.34900
KMIE	03/21	40.23570	-85.39830	40.24900	-85.39340
KMIE	14/32	40.24870	-85.40590	40.23580	-85.38980
KMIO	17/35	36.91610	-94.88740	36.90230	-94.88760
KMIT	12/30	35.51070	-119.20100	35.50220	-119.19000
KMIT	17/35	35.50930	-119.18600	35.50110	-119.18600
KMIV	10/28	39.36700	-75.08240	39.36700	-75.06120
KMIV	14/32	39.37360	-75.07900	39.36380	-75.06640
KMIW	13/31	42.11700	-92.92400	42.10870	-92.90930
KMIW	18/36	42.11630	-92.91950	42.10860	-92.92010
KMJD	18/36	30.49440	-89.65120	30.48060	-89.65120
KMJQ	04/22	43.64720	-94.98880	43.65130	-94.98250
KMJQ	13/31	43.65420	-94.99160	43.64690	-94.98260
KMJX	06/24	39.92220	-74.30050	39.93280	-74.28430
KMJX	14/32	39.92670	-74.30580	39.92057	-74.29571
KMKA	15/33	44.52980	-98.96070	44.52070	-98.95550
KMKC	01/19	39.11500	-94.59530	39.13370	-94.58990
KMKC	04/22	39.11630	-94.59850	39.12720	-94.58740
KMKE	01L/19R	42.93130	-87.89750	42.95770	-87.89300
KMKE	01R/19L	42.93940	-87.89240	42.95080	-87.89040
KMKE	07L/25R	42.95270	-87.90530	42.95690	-87.88830
KMKE	07R/25L	42.93950	-87.91580	42.94650	-87.88740
KMKE	13/31	42.95810	-87.90340	42.94730	-87.88720
KMKG	06/24	43.16160	-86.25090	43.17150	-86.23060
KMKG	14/32	43.17690	-86.23990	43.16680	-86.22720
KMKJ	08/26	36.89280	-81.35850	36.89690	-81.34130
KMKL	02/20	35.59050	-88.91970	35.60570	-88.91210
KMKL	11/29	35.60480	-88.92060	35.60110	-88.90960
KMKN	17/35	31.92420	-98.60030	31.91170	-98.60030
KMKO	04/22	35.65700	-95.37110	35.66550	-95.36010
KMKO	13/31	35.66070	-95.36670	35.64640	-95.35000
KMKO	18/36	35.66590	-95.36250	35.66070	-95.36250
KMKS	05/23	33.18110	-80.04110	33.18990	-80.03140
KMKT	04/22	44.21540	-93.92500	44.22280	-93.91380
KMKT	15/33	44.23020	-93.92270	44.21690	-93.91390
KMKV	04/22	31.09060	-92.07280	31.09890	-92.06560
KMKY	17/35	26.00180	-81.67410	25.98830	-81.67090
KMLB	05/23	28.09590	-80.63740	28.10200	-80.63110
KMLB	09L/27R	28.10540	-80.65990	28.10630	-80.64130
KMLB	09R/27L	28.10130	-80.66110	28.10280	-80.62960
KMLC	02/20	34.87520	-95.78670	34.88960	-95.78020
KMLD	17/35	42.17330	-112.29700	42.15970	-112.29700
KMLE	12/30	41.19930	-96.11760	41.19270	-96.10690
KMLF	16/34	38.43340	-113.01300	38.41970	-113.01300
KMLI	05/23	41.44320	-90.51320	41.45150	-90.50090
KMLI	09/27	41.44910	-90.52700	41.44860	-90.49060
KMLI	13/31	41.45500	-90.51540	41.44300	-90.49520
KMLJ	10/28	33.15430	-83.25030	33.15400	-83.23240
KMLS	04/22	46.42170	-105.89700	46.43130	-105.87900
KMLS	13/31	46.43490	-105.89300	46.42400	-105.87700
KMLT	11/29	45.64940	-68.69280	45.64930	-68.67440
KMLT	16/34	45.65020	-68.69300	45.64190	-68.68270
KMLU	04/22	32.50370	-92.04550	32.51830	-92.02830
KMLU	14/32	32.51640	-92.04150	32.50580	-92.03110
KMM	13/31	-7.97690	138.85100	-7.98050	138.85500
KMMH	09/27	37.62720	-118.85000	37.62090	-118.82700
KMMI	02/20	35.39080	-84.56530	35.40380	-84.55990
KMMK	18/36	41.51280	-72.83130	41.50470	-72.82770
KMML	02/20	44.44600	-95.82250	44.45570	-95.81530
KMML	12/30	44.45470	-95.83160	44.44590	-95.81690
KMMS	02/20	34.22710	-90.29120	34.23590	-90.28790
KMMT	05/23	33.92720	-80.80610	33.93110	-80.80150
KMMT	14/32	33.92740	-80.81130	33.91020	-80.78990
KMMU	05/23	40.79310	-74.41920	40.80640	-74.40650
KMMU	13/31	40.80090	-74.42450	40.79650	-74.41130
KMMV	04/22	45.19180	-123.14800	45.19980	-123.13100
KMMV	17/35	45.19930	-123.13100	45.18650	-123.13300
KMNF	10/28	36.99390	-91.72290	36.99170	-91.70600
KMNI	02/20	33.58230	-80.20990	33.59190	-80.20740
KMNM	03/21	45.12320	-87.64440	45.13730	-87.63250
KMNM	14/32	45.12780	-87.64500	45.11710	-87.63230
KMNN	07/25	40.61140	-83.07130	40.61830	-83.05570
KMNN	13/31	40.62070	-83.06880	40.61590	-83.05790
KMNV	05/23	35.54180	-84.38440	35.54880	-84.37620
KMNZ	18/36	31.67270	-98.14740	31.65910	-98.14990
KMO1	14/32	37.87830	-92.41140	37.87140	-92.40560
KMO3	01/19	37.65620	-93.81830	37.66430	-93.81530
KMO6	15/33	38.59380	-90.99760	38.58140	-90.99000
KMO8	18/36	39.77550	-93.01260	39.76450	-93.01290
KMOB	15/33	30.70230	-88.25400	30.68330	-88.23810
KMOB	18/36	30.69460	-88.23650	30.68260	-88.23650
KMOD	10L/28R	37.62970	-120.96000	37.62060	-120.94300
KMOD	10R/28L	37.62950	-120.96400	37.62420	-120.95400
KMOP	05/23	43.62030	-84.74670	43.62400	-84.73870
KMOP	09/27	43.62150	-84.74430	43.62130	-84.72540
KMOR	05/23	36.17420	-83.38290	36.18440	-83.36820
KMOT	08/26	48.25800	-101.29100	48.25800	-101.26500
KMOT	13/31	48.26530	-101.28900	48.24950	-101.26800
KMOX	04/22	45.56570	-95.97280	45.57050	-95.96510
KMOX	14/32	45.56900	-95.97060	45.56010	-95.96150
KMPE	18/36	32.80630	-89.12520	32.79260	-89.12670
KMPG	06/24	39.87800	-80.74040	39.88360	-80.73120
KMPI	08/26	37.51160	-120.04500	37.51010	-120.03400
KMPJ	03/21	35.13180	-92.91390	35.14590	-92.90440
KMPO	05/23	41.13400	-75.38150	41.14280	-75.37290
KMPO	13/31	41.13880	-75.38710	41.13420	-75.37410
KMPR	08/26	38.35490	-97.69880	38.35500	-97.69000
KMPR	18/36	38.35880	-97.68900	38.34380	-97.69090
KMPV	05/23	44.20250	-72.56530	44.21180	-72.55710
KMPV	17/35	44.20660	-72.56780	44.19450	-72.55870
KMPZ	03/21	40.94520	-91.51350	40.94990	-91.50980
KMPZ	15/33	40.95100	-91.51410	40.94130	-91.50740
KMQB	09/27	40.51970	-90.66100	40.51970	-90.64270
KMQI	05/23	35.91400	-75.70080	35.92330	-75.69180
KMQI	17/35	35.92370	-75.69670	35.91530	-75.69250
KMQJ	07/25	39.83710	-85.90950	39.84220	-85.89110
KMQJ	16/34	39.85390	-85.89490	39.84390	-85.89010
KMQS	11/29	39.98050	-75.87490	39.97750	-75.85600
KMQW	03/21	32.09070	-82.88250	32.10090	-82.87750
KMQY	01/19	36.00060	-86.52110	36.01580	-86.51980
KMQY	14/32	36.01780	-86.52870	36.00110	-86.51090
KMRB	08/26	39.39836	-77.99771	39.40546	-77.97165
KMRC	06/24	35.55030	-87.18710	35.56010	-87.17090
KMRC	17/35	35.55520	-87.17860	35.54980	-87.17740
KMRF	04/22	30.36570	-104.02000	30.37600	-104.00800
KMRF	09/27	30.36960	-104.02600	30.36960	-104.01700
KMRF	13/31	30.37810	-104.02500	30.36590	-104.01200
KMRH	03/21	34.72750	-76.66190	34.73790	-76.65600
KMRH	08/26	34.73320	-76.66880	34.73760	-76.65560
KMRH	14/32	34.73620	-76.66550	34.72880	-76.65570
KMRJ	04/22	42.88160	-90.23610	42.88910	-90.22740
KMRJ	11/29	42.89030	-90.24820	42.88550	-90.23070
KMRN	03/21	35.81330	-81.61510	35.82720	-81.60770
KMRT	09/27	40.22400	-83.35910	40.22540	-83.34410
KMRY	10L/28R	36.58860	-121.84500	36.58490	-121.83400
KMRY	10R/28L	36.59120	-121.85700	36.58310	-121.83300
KMSL	11/29	34.74900	-87.61700	34.74150	-87.59670
KMSL	18/36	34.75090	-87.61570	34.73990	-87.61610
KMSN	03/21	43.13320	-89.34180	43.15050	-89.32870
KMSN	14/32	43.14790	-89.34160	43.13630	-89.32650
KMSN	18/36	43.14910	-89.34100	43.12440	-89.34220
KMSO	12/30	46.92480	-114.10700	46.90790	-114.07800
KMSP	04/22	44.87230	-93.23830	44.89360	-93.20830
KMSP	12L/30R	44.89290	-93.22100	44.88130	-93.19400
KMSP	12R/30L	44.88780	-93.23410	44.87350	-93.20120
KMSP	17/35	44.88780	-93.24220	44.86620	-93.23660
KMSS	05/23	44.93000	-74.84940	44.94180	-74.83940
KMSS	09/27	44.93440	-74.85450	44.93700	-74.83950
KMSV	15/33	41.70850	-74.80200	41.69480	-74.78810
KMSY	02/20	29.98450	-90.25140	30.00310	-90.24550
KMSY	11/29	29.99660	-90.28170	29.98920	-90.25100
KMTC	01/19	42.60150	-82.83730	42.62620	-82.83650
KMTH	07/25	24.72350	-81.05830	24.72880	-81.04440
KMTJ	13/31	38.50920	-107.90500	38.49360	-107.88800
KMTJ	17/35	38.52980	-107.89300	38.50240	-107.89300
KMTN	15/33	39.33250	-76.42250	39.31880	-76.40510
KMTO	06/24	39.47410	-88.28830	39.48210	-88.27050
KMTO	11/29	39.48130	-88.28970	39.47430	-88.26850
KMTO	18/36	39.48010	-88.28850	39.47600	-88.28810
KMTP	06/24	41.07320	-71.92540	41.07970	-71.91620
KMTV	13/31	36.63400	-80.02580	36.62750	-80.01080
KMTW	07/25	44.12920	-87.68430	44.13230	-87.67230
KMTW	17/35	44.13420	-87.68380	44.12070	-87.68050
KMUI	07/25	40.43250	-76.57510	40.43800	-76.56280
KMUL	14/32	31.14210	-83.70910	31.13330	-83.69900
KMUO	12/30	43.05660	-115.89000	43.03040	-115.85500
KMUT	06/24	41.36230	-91.15440	41.37020	-91.13740
KMUT	12/30	41.37330	-91.15740	41.36700	-91.14550
KMVC	03/21	31.45080	-87.35580	31.46520	-87.34630
KMVE	03/21	44.96780	-95.71400	44.97290	-95.70810
KMVE	14/32	44.97260	-95.71440	44.96390	-95.70510
KMVI	02/20	37.52020	-106.05300	37.53440	-106.04300
KMVI	10/28	37.53040	-106.04700	37.52810	-106.04200
KMVI	16/34	37.53470	-106.04300	37.52810	-106.04200
KMVL	01/19	44.52950	-72.61380	44.53970	-72.61420
KMVM	18/36	44.70680	-67.48080	44.69940	-67.47640
KMVN	05/23	38.31780	-88.86680	38.32930	-88.84940
KMVN	15/33	38.32670	-88.86210	38.31920	-88.85660
KMVY	06/24	41.38600	-70.62010	41.39750	-70.60700
KMVY	15/33	41.39810	-70.62020	41.39220	-70.61110
KMWA	02/20	37.74840	-89.01800	37.76870	-89.00740
KMWA	11/29	37.75130	-89.01680	37.74710	-89.00030
KMWC	04L/22R	43.10710	-88.03810	43.11420	-88.03100
KMWC	04R/22L	43.10640	-88.03610	43.11270	-88.02970
KMWC	15L/33R	43.11580	-88.03860	43.10650	-88.02990
KMWC	15R/33L	43.11350	-88.03920	43.10620	-88.03230
KMWH	04/22	47.19670	-119.33300	47.21280	-119.30000
KMWH	09/27	47.21770	-119.31700	47.21470	-119.30400
KMWH	14L/32R	47.22570	-119.32600	47.19040	-119.30900
KMWH	14R/32L	47.22400	-119.33000	47.21630	-119.32600
KMWH	18/36	47.20830	-119.33000	47.19960	-119.33400
KMWK	18/36	36.46560	-80.55380	36.45390	-80.55210
KMWL	13/31	32.78740	-98.06430	32.77560	-98.05060
KMWL	17/35	32.78750	-98.06400	32.77590	-98.06410
KMWM	17/35	43.91830	-95.10940	43.90850	-95.10940
KMWO	05/23	39.52560	-84.40350	39.53650	-84.38710
KMWO	08/26	39.53300	-84.40420	39.53370	-84.39370
KMXA	18/36	35.90020	-90.15450	35.88870	-90.15460
KMXF	009/189	32.38140	-86.36390	32.38970	-86.36480
KMXF	15/33	32.39140	-86.37310	32.37260	-86.35950
KMXO	09/27	42.21890	-91.16590	42.21890	-91.15750
KMXO	15/33	42.22650	-91.16770	42.21570	-91.16060
KMYF	05/23	32.81486	-117.14603	32.81881	-117.13599
KMYF	10L/28R	32.81817	-117.14470	32.81283	-117.13113
KMYF	10R/28L	32.81692	-117.14539	32.81298	-117.13536
KMYJ	06/24	39.15430	-91.82550	39.16050	-91.80790
KMYJ	18/36	39.16210	-91.82080	39.15330	-91.82110
KMYL	16/34	44.89810	-116.10200	44.88130	-116.10100
KMYR	18/36	33.69250	-78.93150	33.66700	-78.92510
KMYV	05/23	39.09680	-121.57400	39.10040	-121.56300
KMYV	14/32	39.10490	-121.57500	39.08980	-121.56600
KMYZ	16/34	39.86190	-96.63320	39.85100	-96.62820
KMZH	04/22	46.41530	-92.80890	46.42190	-92.80070
KMZJ	12/30	32.51650	-111.33300	32.50330	-111.31700
KMZZ	04/22	40.48350	-85.68690	40.49650	-85.67380
KMZZ	15/33	40.49390	-85.68190	40.48540	-85.67550
KN03	06/24	42.58940	-76.21940	42.59590	-76.21030
KN06	15/33	38.54550	-75.59790	38.53920	-75.59030
KN12	06/24	40.06410	-74.18150	40.06950	-74.17390
KN13	09/27	40.99660	-76.44090	40.99890	-76.43120
KN14	01/19	39.92860	-74.80750	39.93810	-74.80580
KN19	04/22	36.83080	-108.03400	36.83560	-108.02700
KN19	08/26	36.83500	-108.03600	36.83420	-108.02100
KN23	07/25	42.29950	-75.42260	42.30560	-75.40930
KN24	17/35	36.80970	-105.59700	36.79090	-105.59800
KN27	05/23	41.73520	-76.45170	41.74480	-76.44260
KN35	01/19	40.96360	-78.92610	40.96920	-78.92640
KN35	06/24	40.96450	-78.93750	40.96900	-78.92840
KN37	01/19	41.61790	-74.70230	41.62500	-74.70230
KN37	15/33	41.62580	-74.70260	41.62160	-74.69750
KN38	10/28	41.72800	-77.40120	41.72780	-77.38800
KN40	07/25	40.56430	-74.98220	40.56820	-74.97510
KN47	08/26	40.25890	-75.67570	40.26180	-75.66680
KN51	04/22	40.57540	-74.73950	40.58430	-74.73290
KN51	13/31	40.58860	-74.74220	40.58400	-74.73140
KN52	04/22	34.86020	-80.75140	34.86740	-80.74460
KN57	06/24	39.82700	-75.77450	39.83410	-75.76500
KN58	05/23	39.56030	-119.25100	39.56350	-119.24200
KN58	15/33	39.56360	-119.24200	39.55310	-119.23800
KN59	07/25	38.83940	-119.35400	38.83940	-119.33700
KN59	17/35	38.84950	-119.33700	38.83940	-119.33800
KN66	06/24	42.52060	-75.06990	42.52890	-75.05900
KN68	06/24	39.96990	-77.64760	39.97600	-77.63890
KN71	10/28	40.09180	-76.58020	40.09260	-76.56860
KN73	05/23	39.90110	-74.75270	39.90720	-74.74640
KN79	08/26	40.83560	-76.55810	40.83830	-76.54680
KN81	03/21	39.66270	-74.75950	39.67220	-74.75600
KN82	05/23	41.59300	-74.46310	41.60070	-74.45510
KN82	09/27	41.59830	-74.45890	41.59890	-74.45500
KN82	14/32	41.59810	-74.45930	41.59460	-74.45330
KN82	18/36	41.59740	-74.45880	41.59400	-74.45840
KN87	11/29	40.21450	-74.60940	40.21340	-74.59420
KN89	04/22	41.72350	-74.38140	41.73220	-74.37330
KN94	10/28	40.18810	-77.18140	40.18780	-77.16710
KN96	07/25	40.88270	-77.82170	40.88820	-77.81090
KN98	09/27	45.20900	-84.99760	45.20850	-84.98280
KNBC	05/23	32.47060	-80.73050	32.49550	-80.70410
KNBC	14/32	32.48460	-80.73140	32.46900	-80.71310
KNBG	04/22	29.82350	-90.03730	29.84320	-90.01530
KNBG	14/32	29.82310	-90.03310	29.81040	-90.02110
KNBJ	09/27	30.38870	-87.63800	30.38860	-87.62530
KNBJ	15/33	30.39650	-87.63270	30.38690	-87.62680
KNCA	01/19	34.70060	-77.43670	34.71380	-77.43670
KNCA	05/23	34.70460	-77.44850	34.71460	-77.43640
KNDY	16/34	38.33640	-77.03970	38.32560	-77.03440
KNDZ	05/23	30.69460	-87.01930	30.70580	-87.00540
KNDZ	14/32	30.70300	-87.02300	30.69090	-87.01000
KNEL	06/24	40.03150	-74.35660	40.04020	-74.34280
KNEL	15/33	40.03960	-74.36030	40.02900	-74.34890
KNEN	12/30	30.35720	-81.88390	30.35060	-81.86000
KNEW	09/27	30.03710	-90.03060	30.03720	-90.02080
KNEW	18L/36R	30.05020	-90.02770	30.04000	-90.02750
KNEW	18R/36L	30.05280	-90.02990	30.03390	-90.02960
KNFD	05/23	30.50620	-87.65120	30.51150	-87.64470
KNFD	11/29	30.50650	-87.65130	30.50380	-87.64230
KNFE	05/23	36.68750	-76.14580	36.70250	-76.12580
KNFG	03/21	33.29550	-117.36200	33.30720	-117.34800
KNFJ	18/36	30.52080	-86.95780	30.49860	-86.95780
KNFL	07/25	39.41310	-118.71600	39.41380	-118.69100
KNFL	13L/31R	39.43060	-118.70500	39.40560	-118.68300
KNFL	13R/31L	39.43560	-118.71400	39.40400	-118.68600
KNFW	18/36	32.78570	-97.44140	32.75270	-97.44170
KNGP	04/22	27.69010	-97.29740	27.69980	-97.28650
KNGP	13L/31R	27.69530	-97.29220	27.68560	-97.28130
KNGP	13R/31L	27.70070	-97.30160	27.68520	-97.28410
KNGP	17/35	27.69920	-97.28850	27.68550	-97.28850
KNGS	05/23	30.60690	-86.94530	30.61560	-86.93500
KNGS	09/27	30.61530	-86.94670	30.61500	-86.93250
KNGS	14/32	30.61560	-86.94610	30.60670	-86.93610
KNGS	18/36	30.61690	-86.94360	30.60470	-86.94360
KNGU	10/28	36.93750	-76.30360	36.93750	-76.27500
KNGW	13/31	27.70610	-97.44310	27.69670	-97.43170
KNGW	17/35	27.71060	-97.44030	27.69720	-97.44000
KNHK	02/20	38.27660	-76.42100	38.29020	-76.41860
KNHK	06/24	38.27690	-76.42160	38.29810	-76.39050
KNHK	14/32	38.29430	-76.42330	38.27860	-76.39590
KNID	03/21	35.67560	-117.70800	35.69600	-117.68600
KNID	08/26	35.68330	-117.70400	35.68300	-117.67800
KNID	14/32	35.69880	-117.69300	35.67650	-117.68000
KNIP	10/28	30.23160	-81.69300	30.23170	-81.66440
KNIP	14/32	30.24260	-81.67890	30.23100	-81.66540
KNJK	08/26	32.82910	-115.68700	32.82920	-115.65600
KNJK	12/30	32.82980	-115.67200	32.81650	-115.65600
KNJM	05/23	34.68600	-77.03340	34.69430	-77.02470
KNJW	13/31	32.80380	-88.84100	32.78850	-88.82240
KNKT	05L/23R	34.90390	-76.88050	34.91850	-76.86250
KNKT	05R/23L	34.88800	-76.89770	34.90380	-76.87820
KNKT	14L/32R	34.91970	-76.90000	34.90210	-76.87900
KNKT	14R/32L	34.90300	-76.88250	34.88660	-76.86290
KNKX	06H/24H	32.86333	-117.13008	32.86401	-117.12693
KNKX	06L/24R	32.86457	-117.16485	32.87288	-117.12703
KNKX	06R/24L	32.86547	-117.15167	32.87101	-117.12646
KNLC	14L/32R	36.36420	-119.96100	36.33030	-119.94200
KNLC	14R/32L	36.33600	-119.96200	36.30210	-119.94400
KNMM	01L/19R	32.53040	-88.57110	32.55220	-88.56700
KNMM	01R/19L	32.55970	-88.55240	32.58150	-88.54830
KNMM	10/28	32.54890	-88.55450	32.54610	-88.53390
KNOG	01/19	27.88480	-98.04870	27.90610	-98.04250
KNOG	13/31	27.90590	-98.05030	27.89040	-98.03270
KNOW	07/25	48.14170	-123.42300	48.14090	-123.40500
KNPA	01/19	30.34200	-87.32160	30.36150	-87.31910
KNPA	07L/25R	30.35080	-87.32910	30.35890	-87.30550
KNPA	07R/25L	30.34900	-87.32830	30.35710	-87.30470
KNQA	04/22	35.34810	-89.87890	35.36520	-89.86200
KNQB	05/23	30.56000	-87.81070	30.56570	-87.80450
KNQB	09/27	30.56480	-87.81380	30.56470	-87.80380
KNQB	16/34	30.56450	-87.81350	30.55750	-87.81000
KNQI	13L/31R	27.51390	-97.81530	27.49860	-97.79760
KNQI	13R/31L	27.51260	-97.81680	27.49720	-97.79910
KNQI	17L/35R	27.51440	-97.80850	27.49240	-97.80820
KNQI	17R/35L	27.51440	-97.81060	27.49240	-97.81040
KNQX	04/22	24.56570	-81.69590	24.58220	-81.68490
KNQX	08/26	24.57250	-81.70010	24.58050	-81.67130
KNQX	14/32	24.57900	-81.69230	24.56640	-81.67630
KNRA	14/32	48.19500	-122.63600	48.18170	-122.62800
KNRB	05/23	30.38330	-81.43320	30.39940	-81.41590
KNRN	08/26	39.84580	-99.89790	39.84570	-99.89040
KNRN	16/34	39.85870	-99.89710	39.84630	-99.89270
KNRQ	04L/22R	30.62500	-87.14360	30.62890	-87.14000
KNRQ	04R/22L	30.62170	-87.14000	30.62560	-87.13640
KNRQ	09L/27R	30.62750	-87.14280	30.62750	-87.13720
KNRQ	09R/27L	30.62310	-87.14280	30.62310	-87.13720
KNRQ	13L/31R	30.62860	-87.14030	30.62500	-87.13610
KNRQ	13R/31L	30.62560	-87.14390	30.62190	-87.13970
KNRQ	18L/36R	30.62780	-87.13750	30.62280	-87.13750
KNRQ	18R/36L	30.62780	-87.14250	30.62280	-87.14250
KNRS	08/26	32.56700	-117.11400	32.56540	-117.10700
KNRS	09/27	32.56790	-117.12300	32.56440	-117.10700
KNSE	05/23	30.71530	-87.03300	30.72650	-87.01900
KNSE	14/32	30.73020	-87.02840	30.71820	-87.01540
KNSI	12/30	33.24910	-119.47000	33.23050	-119.44600
KNTD	03/21	34.10845	-119.13452	34.13046	-119.10911
KNTD	09/27	34.12088	-119.12390	34.11696	-119.10634
KNTU	05L/23R	36.81490	-76.04250	36.83120	-76.02420
KNTU	05R/23L	36.80550	-76.04990	36.82990	-76.02250
KNTU	14L/32R	36.83460	-76.03730	36.81930	-76.01730
KNTU	14R/32L	36.83320	-76.03860	36.81800	-76.01890
KNUC	06/24	33.01780	-118.60200	33.02770	-118.57400
KNUI	08/26	38.14240	-76.43450	38.14800	-76.41860
KNUI	15/33	38.15250	-76.43580	38.14170	-76.42500
KNUQ	14L/32R	37.42890	-122.05500	37.40550	-122.04300
KNUQ	14R/32L	37.42520	-122.05500	37.40613	-122.04524
KNUW	07/25	48.35130	-122.67300	48.35240	-122.64000
KNUW	14/32	48.36170	-122.66300	48.34190	-122.64800
KNVD	02/20	37.84450	-94.30970	37.85900	-94.30060
KNVD	13/31	37.85540	-94.30730	37.85030	-94.30100
KNWL	13/31	27.64170	-97.31670	27.63170	-97.30560
KNWL	17/35	27.64170	-97.30670	27.62780	-97.30670
KNXP	10/28	34.30030	-116.17400	34.29190	-116.15000
KNY0	10/28	42.99810	-74.33710	42.99830	-74.32210
KNY2	10/28	43.08410	-76.29040	43.08270	-76.27560
KNYG	02/20	38.49790	-77.30690	38.50930	-77.30310
KNYL	03L/21R	32.63680	-114.62900	32.66300	-114.59900
KNYL	03R/21L	32.64870	-114.61300	32.66700	-114.59200
KNYL	08/26	32.66590	-114.60600	32.66620	-114.58600
KNZY	11/29	32.70230	-117.22100	32.69140	-117.20100
KNZY	18/36	32.71000	-117.21200	32.68880	-117.21900
KO02	07/25	39.81850	-120.36100	39.81850	-120.34500
KO05	05/23	40.28540	-121.24700	40.29040	-121.23000
KO05	16/34	40.28920	-121.24200	40.27530	-121.24000
KO08	13/31	39.18260	-121.99600	39.17540	-121.99100
KO09	10/28	39.79190	-123.27200	39.78780	-123.26000
KO11	17/35	35.76280	-94.65030	35.75110	-94.64970
KO15	12/30	37.49030	-120.70000	37.48450	-120.69300
KO16	18/36	40.08970	-123.81200	40.08170	-123.81500
KO20	12/30	38.09530	-121.36400	38.08780	-121.35400
KO22	11/29	38.03282	-120.42016	38.02823	-120.41453
KO22	17/35	38.03668	-120.41163	38.02420	-120.41431
KO24	16/34	37.96360	-119.10800	37.95310	-119.10400
KO26	13/31	36.59210	-118.05696	36.58685	-118.05214
KO26	16/34	36.59390	-118.05200	36.58280	-118.05200
KO27	10/28	37.75790	-120.80500	37.75480	-120.79500
KO28	16/34	39.45530	-123.37000	39.44690	-123.37000
KO32	15/33	36.67080	-119.45100	36.66190	-119.44900
KO35	17/35	34.70940	-99.90850	34.70110	-99.90850
KO37	15/33	39.72630	-122.14800	39.71440	-122.14400
KO41	18/36	38.67870	-121.87000	38.66900	-121.87400
KO42	07/25	36.39890	-119.11300	36.39890	-119.10200
KO43	01/19	38.99740	-119.16200	39.01180	-119.15300
KO46	14/32	41.48140	-122.45700	41.46860	-122.44900
KO47	17/35	35.48610	-96.71870	35.47860	-96.71870
KO52	17/35	39.12780	-121.60500	39.11950	-121.60600
KO53	17/35	36.79470	-97.74900	36.78650	-97.74900
KO54	18/36	40.74960	-122.92000	40.74180	-122.92400
KO57	16/34	38.26820	-119.22600	38.25650	-119.22600
KO59	01/19	41.54750	-120.17100	41.55810	-120.16200
KO60	14/32	38.77990	-122.99500	38.77210	-122.99000
KO61	13/31	38.68850	-120.99200	38.67950	-120.98300
KO65	17/35	36.11450	-98.30870	36.10620	-98.30870
KO69	11/29	38.26070	-122.61000	38.25490	-122.60000
KO70	01/19	38.37250	-120.79600	38.38110	-120.79200
KO79	03/21	39.57810	-120.35900	39.58390	-120.35000
KO81	11/29	41.89030	-121.36500	41.88420	-121.35400
KO86	14/32	40.98690	-122.69600	40.97890	-122.69200
KO88	07/25	38.19340	-121.71000	38.19430	-121.69500
KO88	15/33	38.19530	-121.70800	38.18960	-121.70500
KO89	02/20	41.01470	-121.43700	41.02310	-121.43000
KOAJ	05/23	34.82220	-77.62040	34.83610	-77.60390
KOAK	10L/28R	37.73050	-122.22200	37.72480	-122.20500
KOAK	10R/28L	37.72870	-122.22600	37.72230	-122.20600
KOAK	12/30	37.71910	-122.24100	37.70150	-122.21400
KOAK	15/33	37.74030	-122.22300	37.73140	-122.22000
KOAR	11/29	36.68410	-121.76700	36.67970	-121.75800
KOBE	05/23	27.25890	-80.85420	27.26890	-80.84330
KOBE	14/32	27.26670	-80.85420	27.25890	-80.84560
KOBI	01/19	39.21400	-74.79720	39.22300	-74.79720
KOBI	13/31	39.22190	-74.79720	39.21760	-74.78780
KOCF	08/26	29.17940	-82.23140	29.18080	-82.22210
KOCF	18/36	29.17880	-82.22310	29.15980	-82.22300
KOCH	18/36	31.58460	-94.70950	31.57090	-94.71080
KOCQ	04/22	44.87330	-87.91290	44.87720	-87.90830
KOCQ	11/29	44.87500	-87.91490	44.87210	-87.90320
KOCW	05/23	35.56670	-77.05640	35.57770	-77.04630
KOCW	17/35	35.57790	-77.05170	35.56540	-77.04460
KODO	02/20	31.91410	-102.39300	31.92770	-102.38400
KODO	11/29	31.92120	-102.38800	31.91660	-102.37800
KODO	16/34	31.92800	-102.39100	31.91470	-102.38700
KODX	13/31	41.62870	-98.95810	41.61980	-98.94660
KODX	17/35	41.62470	-98.95010	41.61890	-98.95000
KOEA	03/21	38.68750	-87.55480	38.69330	-87.55120
KOEA	09/27	38.68780	-87.55910	38.68780	-87.54690
KOEA	14/32	38.69400	-87.55240	38.68830	-87.54670
KOEB	04/22	41.93100	-85.05170	41.93900	-85.04460
KOEB	07/25	41.92950	-85.06410	41.93600	-85.04650
KOEB	16/34	41.93640	-85.05300	41.93010	-85.05030
KOEL	08/26	39.11580	-100.82100	39.11580	-100.81300
KOEL	16/34	39.11670	-100.81800	39.10320	-100.81500
KOEO	04/22	45.31020	-92.69780	45.31460	-92.69160
KOEO	10/28	45.30980	-92.69740	45.30740	-92.68300
KOFK	02/20	41.97760	-97.43750	41.99260	-97.43040
KOFK	14/32	41.99210	-97.44280	41.97950	-97.42970
KOFP	16/34	37.71530	-77.44140	37.70250	-77.43190
KOGA	08/26	41.11780	-101.78100	41.11780	-101.76300
KOGA	13/31	41.12590	-101.77100	41.11770	-101.76300
KOGB	05/23	33.45640	-80.86390	33.46550	-80.85400
KOGB	17/35	33.46060	-80.86190	33.44610	-80.85800
KOGD	03/21	41.18800	-112.02100	41.20380	-112.00000
KOGD	17/35	41.20090	-112.01500	41.18660	-112.01500
KOGM	17/35	46.85010	-89.36910	46.84090	-89.36510
KOGS	09/27	44.68010	-75.47520	44.68360	-75.45580
KOIC	01/19	42.56010	-75.52450	42.57300	-75.52370
KOIN	12/30	39.83610	-100.54300	39.83050	-100.53600
KOIN	17/35	39.84010	-100.54000	39.82970	-100.54000
KOJA	17/35	35.55090	-98.66850	35.53880	-98.66850
KOJC	18/36	38.85320	-94.73760	38.84200	-94.73760
KOKB	07/25	33.21733	-117.35590	33.21864	-117.34716
KOKC	13/31	35.40460	-97.61590	35.38940	-97.59740
KOKC	17L/35R	35.40520	-97.58890	35.37820	-97.58890
KOKC	17R/35L	35.40590	-97.60570	35.37900	-97.60570
KOKC	18/36	35.39350	-97.60770	35.38540	-97.60770
KOKH	07/25	48.25150	-122.68000	48.25150	-122.66700
KOKK	05/23	40.52260	-86.06730	40.53270	-86.05410
KOKK	14/32	40.53270	-86.06190	40.52490	-86.05170
KOKM	18/36	35.67520	-95.94870	35.66110	-95.94850
KOKS	12/30	41.40640	-102.36300	41.39750	-102.35000
KOKV	14/32	39.14880	-78.15140	39.13830	-78.13740
KOKZ	13/31	32.97020	-82.84520	32.96320	-82.83110
KOLD	04/22	44.94780	-68.67570	44.95590	-68.67100
KOLD	12/30	44.95370	-68.68280	44.95240	-68.66740
KOLE	04/22	42.23470	-78.37630	42.24590	-78.36690
KOLE	16/34	42.24570	-78.37290	42.24080	-78.36870
KOLF	11/29	48.09800	-105.58400	48.09100	-105.56600
KOLG	01/19	46.31050	-91.81720	46.31900	-91.81560
KOLM	08/26	46.96860	-122.89200	46.96590	-122.87600
KOLM	17/35	46.97640	-122.90200	46.96160	-122.90700
KOLS	04/22	31.41090	-110.85600	31.42450	-110.84000
KOLU	02/20	41.44280	-97.34030	41.45270	-97.33270
KOLU	14/32	41.45740	-97.34990	41.44130	-97.33740
KOLV	18/36	34.98700	-89.78690	34.97050	-89.78680
KOLY	04/22	38.71660	-88.17880	38.72460	-88.17140
KOLY	11/29	38.72460	-88.18450	38.72130	-88.17070
KOLZ	13/31	42.68410	-91.98000	42.67640	-91.96940
KOLZ	18/36	42.68440	-91.97380	42.67970	-91.97410
KOMA	14L/32R	41.31350	-95.90040	41.29460	-95.88240
KOMA	14R/32L	41.31380	-95.90610	41.29260	-95.88590
KOMA	18/36	41.31340	-95.89450	41.29100	-95.89460
KOMH	08/26	38.24540	-78.05070	38.24900	-78.04050
KOMK	17/35	48.47070	-119.51700	48.45810	-119.52000
KOMN	09/27	29.30080	-81.12020	29.30290	-81.10790
KOMN	17/35	29.30530	-81.11470	29.29540	-81.11230
KONA	12/30	44.08280	-91.71940	44.07580	-91.70220
KONL	04/22	42.46580	-98.69010	42.47190	-98.68240
KONL	13/31	42.47450	-98.69340	42.46530	-98.68270
KONM	06/24	34.02160	-106.91400	34.02520	-106.90000
KONM	15/33	34.02940	-106.90300	34.01400	-106.89700
KONO	15/33	44.02570	-117.01600	44.01470	-117.01100
KONP	02/20	44.57870	-124.06000	44.58530	-124.05300
KONP	16/34	44.58680	-124.05900	44.57210	-124.05800
KONT	08L/26R	34.05690	-117.62300	34.05690	-117.58300
KONT	08R/26L	34.05500	-117.61600	34.05500	-117.58300
KONX	05/23	36.39440	-76.02020	36.40340	-76.01240
KONY	04/22	33.34830	-98.82450	33.35810	-98.81270
KONY	13/31	33.35350	-98.82450	33.34360	-98.81280
KONY	17/35	33.35790	-98.82020	33.34390	-98.82030
KONZ	04/22	42.09340	-83.16240	42.10480	-83.15340
KONZ	17/35	42.10500	-83.16730	42.09320	-83.16360
KOOA	04/22	41.22680	-92.49640	41.23060	-92.49150
KOOA	13/31	41.22870	-92.49900	41.22100	-92.48860
KOPF	09L/27R	25.91260	-80.28870	25.91380	-80.26440
KOPF	09R/27L	25.89900	-80.28520	25.89970	-80.27210
KOPF	12/30	25.91060	-80.28880	25.90070	-80.27120
KOPL	06/24	30.55310	-92.10570	30.55860	-92.09450
KOPL	18/36	30.56800	-92.09890	30.55190	-92.09890
KOPN	12/30	32.95820	-84.27140	32.95090	-84.25490
KOQN	09/27	39.98910	-75.58770	39.99120	-75.57610
KOQU	05/23	41.58860	-71.41320	41.59760	-71.40490
KOQU	16/34	41.60770	-71.42170	41.59090	-71.40590
KOQW	15/33	42.05420	-90.74140	42.04600	-90.73620
KORB	13/31	48.02000	-92.86150	48.01180	-92.85060
KORD	04L/22R	41.98170	-87.91390	41.99750	-87.89640
KORD	04R/22L	41.95330	-87.89940	41.96990	-87.87980
KORD	09C/27C	41.98831	-87.93158	41.98833	-87.89021
KORD	09L/27R	42.00283	-87.92667	42.00283	-87.89909
KORD	09R/27L	41.98390	-87.91835	41.98390	-87.88905
KORD	10C/28C	41.96570	-87.93150	41.96570	-87.89180
KORD	10L/28R	41.96900	-87.93150	41.96910	-87.88370
KORD	10R/28L	41.95720	-87.92790	41.95724	-87.90029
KORE	01/19	42.56120	-72.29030	42.57500	-72.29010
KORE	14/32	42.57600	-72.29380	42.56800	-72.27960
KORF	05/23	36.88590	-76.20830	36.90540	-76.18940
KORF	14/32	36.89680	-76.21220	36.88860	-76.19900
KORG	04/22	30.06470	-93.80560	30.07370	-93.79620
KORH	11/29	42.26730	-71.89080	42.26600	-71.86500
KORH	15/33	42.27280	-71.87870	42.26270	-71.86620
KORK	05/23	34.82860	-92.25900	34.83640	-92.24530
KORK	17/35	34.83830	-92.25740	34.83010	-92.25740
KORL	07/25	28.54280	-81.33930	28.54940	-81.32210
KORL	13/31	28.54880	-81.34130	28.54050	-81.33040
KORS	16/34	48.71230	-122.91100	48.70440	-122.91100
KOSA	17/35	33.10230	-94.96270	33.08870	-94.96040
KOSC	7/25	44.44300	-83.41330	44.46010	-83.37480
KOSH	05/23	43.98670	-88.55830	43.99330	-88.54910
KOSH	09/27	43.99160	-88.57210	43.99150	-88.54870
KOSH	13/31	43.99120	-88.55970	43.98590	-88.55070
KOSH	18/36	43.98580	-88.55640	43.96380	-88.55670
KOSU	05/23	40.07630	-83.07840	40.08270	-83.06890
KOSU	09L/27R	40.08270	-83.07890	40.08310	-83.06820
KOSU	09R/27L	40.07710	-83.08160	40.07790	-83.06370
KOSX	14/32	33.09530	-89.54750	33.08520	-89.53650
KOTG	11/29	43.65760	-95.58540	43.65130	-95.56650
KOTG	17/35	43.66160	-95.58350	43.65010	-95.58350
KOTH	05/23	43.41470	-124.26100	43.42190	-124.24300
KOTH	13/31	43.41980	-124.24600	43.40930	-124.23800
KOTM	04/22	41.10310	-92.45420	41.11320	-92.44090
KOTM	13/31	41.11100	-92.45580	41.09950	-92.44070
KOUN	03/21	35.23620	-97.47580	35.24670	-97.46640
KOUN	17/35	35.25640	-97.47310	35.24220	-97.47300
KOVE	02/20	39.47880	-121.63200	39.49270	-121.62000
KOVE	13/31	39.49520	-121.61900	39.48740	-121.61100
KOVL	11/29	44.78080	-95.03870	44.77630	-95.02680
KOVO	05/23	39.04030	-85.61050	39.04950	-85.59750
KOVO	15/33	39.04940	-85.61080	39.04280	-85.60640
KOVS	02/20	43.15290	-90.68090	43.16250	-90.67690
KOVS	07/25	43.16040	-90.67900	43.16570	-90.66180
KOWA	12/30	44.12760	-93.26930	44.11920	-93.25190
KOWB	06/24	37.73600	-87.17300	37.74450	-87.15940
KOWB	18/36	37.74890	-87.16780	37.73110	-87.16690
KOWD	10/28	42.19210	-71.17850	42.19230	-71.16380
KOWD	17/35	42.19380	-71.17790	42.18380	-71.17160
KOWI	13/31	38.53970	-95.25690	38.53630	-95.25190
KOWI	17/35	38.54560	-95.25210	38.53330	-95.25210
KOWK	03/21	44.70890	-69.86880	44.71970	-69.86620
KOWK	15/33	44.72020	-69.87140	44.71320	-69.85950
KOWP	17/35	36.18320	-96.15260	36.16730	-96.15100
KOWX	09/27	41.03550	-83.99010	41.03560	-83.97400
KOXB	02/20	38.30650	-75.12770	38.31510	-75.12580
KOXB	14/32	38.31400	-75.12700	38.30640	-75.11660
KOXC	18/36	41.48610	-73.13690	41.47040	-73.13350
KOXD	05/23	39.49840	-84.78950	39.50610	-84.77930
KOXI	09/27	41.32990	-86.67390	41.32990	-86.66270
KOXI	18/36	41.33640	-86.66220	41.32440	-86.66220
KOXR	07/25	34.20089	-119.21710	34.20074	-119.19741
KOXV	15/33	41.30410	-93.11670	41.29410	-93.11080
KOYM	10/28	41.41250	-78.51050	41.41250	-78.49480
KOZA	16/34	30.74330	-101.20400	30.72710	-101.20000
KOZR	06/24	31.27060	-85.72040	31.27670	-85.70770
KOZR	18/36	31.28460	-85.71260	31.27080	-85.71290
KOZW	13/31	42.63360	-83.98960	42.62530	-83.97480
KP-0059	09/27	38.12926	125.84312	38.13104	125.85452
KP01	12/30	32.45390	-112.87200	32.44610	-112.86300
KP03	05/23	31.36780	-109.69700	31.37440	-109.68200
KP04	02/20	31.36140	-109.88300	31.36810	-109.87800
KP04	17/35	31.37190	-109.88200	31.35560	-109.88300
KP08	05/23	32.93360	-111.43500	32.94120	-111.42000
KP08	17/35	32.93930	-111.42500	32.92870	-111.42500
KP10	04/22	35.78890	-110.43000	35.79560	-110.41800
KP13	09/27	33.35500	-110.67800	33.35130	-110.65700
KP14	03/21	34.93470	-110.14500	34.94880	-110.13100
KP14	11/29	34.94110	-110.14400	34.93670	-110.13500
KP19	17/35	33.30430	-111.91500	33.29360	-111.91500
KP20	01/19	34.14470	-114.27500	34.15650	-114.26800
KP23	04/22	35.33110	-112.89400	35.33890	-112.88100
KP29	06/24	31.66830	-110.03000	31.67330	-110.01600
KP33	3/21	32.23950	-109.90200	32.25130	-109.88800
KP52	14/32	34.73530	-112.03800	34.72470	-112.03300
KPAE	16L/34R	47.90643	-122.27171	47.89820	-122.27162
KPAE	16R/34L	47.92134	-122.28587	47.89664	-122.28532
KPAH	04/22	37.05350	-88.78150	37.06640	-88.76610
KPAH	14/32	37.06640	-88.77810	37.05500	-88.76590
KPAM	14L/32R	30.08000	-85.58440	30.06080	-85.56180
KPAM	14R/32L	30.07740	-85.58820	30.05980	-85.56760
KPAN	06/24	34.25040	-111.36500	34.25500	-111.34800
KPAO	13/31	37.46380	-122.11800	37.45850	-122.11200
KPBF	18/36	34.18280	-91.93560	34.16630	-91.93560
KPBG	17/35	44.66580	-73.47680	44.63600	-73.45950
KPBH	01/19	45.70490	-90.40340	45.71850	-90.40100
KPBH	06/24	45.70270	-90.40950	45.70830	-90.39630
KPBI	10L/28R	26.68320	-80.10840	26.68190	-80.07780
KPBI	10R/28L	26.68120	-80.10630	26.68080	-80.09650
KPBI	14/32	26.69180	-80.10400	26.67830	-80.08910
KPBX	02/20	37.55860	-82.56260	37.56810	-82.55920
KPBX	09/27	37.56030	-82.57930	37.56190	-82.56090
KPCM	10/28	28.00060	-82.16940	27.99980	-82.15720
KPCW	09/27	41.51630	-82.87940	41.51800	-82.86120
KPCW	18/36	41.52070	-82.86700	41.50970	-82.86640
KPCZ	10/28	44.33340	-89.03290	44.33250	-89.01310
KPCZ	13/31	44.33670	-89.02170	44.33070	-89.00930
KPDC	11/29	43.02370	-91.13160	43.01990	-91.11760
KPDC	14/32	43.02250	-91.12900	43.01200	-91.11700
KPDK	16/34	33.88270	-84.30550	33.87260	-84.30050
KPDK	3L/21R	33.86890	-84.30560	33.87860	-84.30130
KPDK	3R/21L	33.86860	-84.30400	33.88400	-84.29710
KPDT	08/26	45.69530	-118.85300	45.69540	-118.82900
KPDT	11/29	45.69880	-118.85400	45.68940	-118.83700
KPDX	10L/28R	45.59654	-122.60006	45.58343	-122.56644
KPDX	10R/28L	45.59515	-122.62151	45.58051	-122.58390
KPDX	3/21	45.58241	-122.61686	45.59406	-122.60026
KPEA	16/34	41.40850	-92.94800	41.39400	-92.94370
KPEO	01/19	42.62590	-77.05160	42.64090	-77.05270
KPEO	10/28	42.64270	-77.06060	42.64290	-77.04740
KPEQ	09/27	31.38180	-103.51900	31.37870	-103.50100
KPEQ	14/32	31.39150	-103.51700	31.37730	-103.50600
KPEZ	16/34	28.95950	-98.52180	28.94890	-98.51820
KPGA	07/25	36.92920	-111.45400	36.93000	-111.44600
KPGA	15/33	36.93280	-111.45000	36.91670	-111.44600
KPGD	04/22	26.91140	-81.99140	26.92750	-81.98140
KPGD	09/27	26.92350	-81.99910	26.92370	-81.98360
KPGD	15/33	26.92360	-81.99910	26.91240	-81.99170
KPGR	04/22	36.05860	-90.51330	36.06720	-90.50230
KPGR	08/26	36.06550	-90.51620	36.06530	-90.50680
KPGV	02/20	35.62590	-77.38580	35.64360	-77.38290
KPGV	08/26	35.63310	-77.39160	35.63850	-77.37620
KPHD	12/30	40.46950	-81.42400	40.46780	-81.41680
KPHD	15/33	40.47500	-81.42440	40.46680	-81.41510
KPHF	02/20	37.12440	-76.49940	37.14190	-76.49450
KPHF	07/25	37.12500	-76.50140	37.13670	-76.47820
KPHG	03/21	39.73450	-99.32160	39.74050	-99.31580
KPHG	13/31	39.73970	-99.32100	39.72990	-99.31130
KPHH	18/36	33.45580	-79.52680	33.44760	-79.52550
KPHK	17/35	26.79070	-80.69410	26.77940	-80.69260
KPHL	08/26	39.87830	-75.23000	39.88180	-75.21280
KPHL	09L/27R	39.86870	-75.25570	39.87520	-75.22290
KPHL	09R/27L	39.86080	-75.27520	39.86800	-75.23900
KPHL	17/35	39.88600	-75.23530	39.87200	-75.22830
KPHN	04/22	42.90460	-82.53530	42.91590	-82.52410
KPHN	10/28	42.91230	-82.53520	42.91140	-82.52030
KPHP	05/23	44.04720	-101.60400	44.05170	-101.59200
KPHP	12/30	44.05130	-101.60600	44.04450	-101.59400
KPHT	2/20	36.32940	-88.38680	36.34250	-88.38200
KPHX	07L/25R	33.43110	-112.02700	33.43100	-111.99300
KPHX	07R/25L	33.42890	-112.02700	33.42880	-112.00200
KPHX	08/26	33.44090	-112.03000	33.44080	-111.99200
KPIA	04/22	40.65400	-89.69470	40.67120	-89.67670
KPIA	13/31	40.67370	-89.71390	40.65720	-89.68460
KPIB	18/36	31.47610	-89.33710	31.45820	-89.33700
KPIE	04/22	27.90080	-82.68830	27.91250	-82.67750
KPIH	03/21	42.90170	-112.60100	42.91930	-112.57700
KPIH	17/35	42.91870	-112.60500	42.89910	-112.60500
KPIL	03/21	26.16200	-97.35500	26.17330	-97.34630
KPIL	08/26	26.16360	-97.35410	26.16360	-97.33790
KPIL	13/31	26.17300	-97.34990	26.15750	-97.33260
KPIL	17/35	26.17540	-97.34900	26.16390	-97.34890
KPIM	09/27	32.84050	-84.89060	32.84090	-84.87430
KPIR	07/25	44.38570	-100.29900	44.38990	-100.27400
KPIR	13/31	44.38490	-100.29400	44.37030	-100.27700
KPIT	10C/28C	40.48990	-80.24630	40.48900	-80.21140
KPIT	10L/28R	40.50230	-80.27120	40.50140	-80.23340
KPIT	10R/28L	40.48670	-80.25190	40.48560	-80.21060
KPIT	14/32	40.49600	-80.22490	40.47990	-80.20480
KPJC	17/35	40.80710	-80.16260	40.79620	-80.15890
KPJY	18/36	37.98340	-89.36030	37.97240	-89.36060
KPKB	03/21	39.33780	-81.44340	39.35510	-81.43440
KPKB	10/28	39.34330	-81.44670	39.34230	-81.43260
KPKD	13/31	46.90670	-95.08110	46.89600	-95.06560
KPKD	18/36	46.90340	-95.07270	46.89510	-95.07270
KPKF	18/36	45.95940	-90.42440	45.95060	-90.42420
KPKV	05/23	28.64900	-96.68950	28.65320	-96.68260
KPKV	14/32	28.65960	-96.68590	28.64840	-96.67680
KPLD	09/27	40.45140	-84.99620	40.45170	-84.98180
KPLK	12/30	36.62840	-93.23440	36.62340	-93.22330
KPLN	05/23	45.56740	-84.80280	45.57790	-84.78790
KPLN	14/32	45.57580	-84.80690	45.56320	-84.78880
KPLR	03/21	33.55250	-86.25210	33.56520	-86.24590
KPLU	17/35	47.10890	-122.28700	47.09890	-122.28700
KPMB	15/33	48.94750	-97.24330	48.93760	-97.23820
KPMD	04/22	34.61690	-118.09200	34.63730	-118.06000
KPMD	07/25	34.63060	-118.11300	34.63280	-118.07300
KPMH	18/36	38.84730	-82.84760	38.83360	-82.84700
KPMP	06/24	26.24400	-80.11650	26.25060	-80.10680
KPMP	10/28	26.24590	-80.11660	26.24470	-80.10600
KPMP	15/33	26.25330	-80.11440	26.24360	-80.10620
KPMU	01/19	34.35680	-89.89430	34.37020	-89.89090
KPMV	16/34	40.95570	-95.91950	40.94480	-95.91630
KPMZ	03/21	35.80360	-76.76110	35.81330	-76.75740
KPNA	11/29	42.80130	-109.81900	42.79070	-109.79700
KPNC	17/35	36.74180	-97.09990	36.72210	-97.09970
KPNE	06/24	40.07750	-75.02030	40.09030	-75.00150
KPNE	15/33	40.08450	-75.01580	40.07390	-75.00450
KPNM	16/34	45.56480	-93.61110	45.55490	-93.60530
KPNN	06/24	45.19670	-67.56590	45.20520	-67.55630
KPNN	15/33	45.20410	-67.57340	45.19670	-67.56200
KPNS	08/26	30.47130	-87.19590	30.47530	-87.17420
KPNS	17/35	30.48290	-87.19070	30.46410	-87.18570
KPNT	06/24	40.92090	-88.63170	40.92790	-88.61610
KPOB	05/23	35.16320	-79.02280	35.17860	-79.00620
KPOC	08L/26R	34.09240	-117.78700	34.09180	-117.77500
KPOC	08R/26L	34.09170	-117.79000	34.09100	-117.77500
KPOE	15/33	31.05010	-93.19380	31.03950	-93.18940
KPOF	18/36	36.78080	-90.32460	36.76710	-90.32510
KPOH	12/30	42.74570	-94.65460	42.73980	-94.64150
KPOH	18/36	42.74500	-94.64580	42.73970	-94.64640
KPOU	06/24	41.62190	-73.89200	41.63060	-73.87780
KPOU	07/25	41.62500	-73.88820	41.62730	-73.88430
KPOU	15/33	41.63020	-73.88520	41.62460	-73.87850
KPOV	09/27	41.20980	-81.25800	41.21060	-81.24530
KPOY	03/21	44.86180	-108.79900	44.86610	-108.79300
KPOY	13/31	44.87600	-108.79900	44.86210	-108.78500
KPOY	16/34	44.86840	-108.79400	44.86190	-108.79400
KPPA	05/23	35.61320	-101.00600	35.61940	-100.99300
KPPA	17/35	35.61850	-100.99400	35.60240	-100.99400
KPPF	17/35	37.33770	-95.50620	37.32210	-95.50610
KPPO	02/20	41.56550	-86.73760	41.57840	-86.73140
KPPO	14/32	41.57600	-86.73820	41.57070	-86.73090
KPPQ	13/31	39.64280	-90.78360	39.63500	-90.77350
KPQI	01/19	46.68120	-68.04560	46.70100	-68.05290
KPQI	10/28	46.68430	-68.05080	46.68840	-68.02770
KPQL	17/35	30.47150	-88.53170	30.45410	-88.52670
KPQN	09/27	43.98460	-96.30570	43.98370	-96.29610
KPQN	18/36	43.98690	-96.29960	43.97510	-96.30060
KPRB	01/19	35.66610	-120.63600	35.68060	-120.62600
KPRB	13/31	35.67750	-120.62700	35.66710	-120.61800
KPRC	03L/21R	34.65650	-112.42000	34.66650	-112.41000
KPRC	03R/21L	34.64580	-112.42900	34.66130	-112.41200
KPRC	12/30	34.65270	-112.42800	34.64400	-112.41800
KPRG	09/27	39.70000	-87.67760	39.70010	-87.66160
KPRN	14/32	31.85150	-86.61650	31.83990	-86.60500
KPRO	04/22	41.82580	-94.16160	41.82940	-94.15550
KPRO	14/32	41.83250	-94.16530	41.82400	-94.15600
KPRS	17/35	29.64110	-104.36200	29.62690	-104.36100
KPRX	03/21	33.63030	-95.45300	33.64040	-95.44380
KPRX	14/32	33.64290	-95.45320	33.63300	-95.44370
KPRX	17/35	33.64480	-95.45440	33.62830	-95.45410
KPRZ	01/19	34.13810	-103.41500	34.15250	-103.40800
KPRZ	08/26	34.14570	-103.41600	34.14570	-103.40100
KPSB	06/24	40.87780	-78.09430	40.88670	-78.08050
KPSB	16/34	40.89340	-78.09150	40.87910	-78.08310
KPSC	03L/21R	46.25600	-119.13300	46.27070	-119.11200
KPSC	03R/21L	46.26070	-119.12200	46.26910	-119.10900
KPSC	12/30	46.27350	-119.12800	46.25830	-119.10700
KPSF	08/26	42.42380	-73.30240	42.42970	-73.28570
KPSF	14/32	42.42960	-73.29670	42.42440	-73.28580
KPSK	06/24	37.13210	-80.68690	37.14260	-80.67010
KPSM	16/34	43.09130	-70.83410	43.06460	-70.81240
KPSN	09/27	31.77710	-95.71270	31.77700	-95.69980
KPSN	18/36	31.78870	-95.70630	31.77500	-95.70640
KPSO	01/19	37.27610	-107.06200	37.29640	-107.05000
KPSP	13L/31R	33.83517	-116.50968	33.82425	-116.49996
KPSP	13R/31L	33.84069	-116.51746	33.81863	-116.49783
KPSX	08/26	28.73040	-96.26210	28.73030	-96.24650
KPSX	13/31	28.73070	-96.25730	28.72100	-96.24640
KPSX	18/36	28.73320	-96.24670	28.71940	-96.24680
KPTB	05/23	37.17930	-77.51200	37.18930	-77.50030
KPTB	14/32	37.18570	-77.51320	37.18000	-77.50550
KPTD	06/24	44.67300	-74.95340	44.68030	-74.94350
KPTK	09L/27R	42.66620	-83.43190	42.66680	-83.41330
KPTK	09R/27L	42.66470	-83.43310	42.66530	-83.41010
KPTK	18/36	42.66710	-83.40840	42.66200	-83.40820
KPTN	04W/22W	29.70440	-91.34390	29.71160	-91.33230
KPTN	06/24	29.70700	-91.34700	29.71460	-91.33240
KPTS	04/22	37.44310	-94.73630	37.45150	-94.72750
KPTS	16/34	37.45840	-94.73220	37.44360	-94.72890
KPTT	17/35	37.70920	-98.74680	37.69410	-98.74690
KPTV	12/30	36.03540	-119.07000	36.02380	-119.05600
KPTW	10/28	40.23910	-75.56270	40.24000	-75.55070
KPUB	08L/26R	38.28710	-104.51000	38.28800	-104.47400
KPUB	08R/26L	38.28530	-104.50200	38.28570	-104.48700
KPUB	17/35	38.30420	-104.50400	38.28140	-104.50300
KPUC	07/25	39.61510	-110.75700	39.61500	-110.74400
KPUC	14/32	39.61540	-110.75700	39.60380	-110.75100
KPUC	18/36	39.62660	-110.74600	39.60490	-110.75500
KPUJ	13/31	33.91660	-84.94780	33.90740	-84.93340
KPUW	05/23	46.74070	-117.12200	46.74700	-117.09700
KPVB	07/25	42.68580	-90.45120	42.68950	-90.43870
KPVB	15/33	42.69540	-90.44820	42.68640	-90.43960
KPVC	07/25	42.06980	-70.22630	42.07470	-70.21520
KPVD	05/23	41.71380	-71.43500	41.73050	-71.42100
KPVD	16/34	41.73170	-71.43220	41.71860	-71.41830
KPVE	01/19	35.64830	-88.19740	35.66440	-88.19330
KPVF	05/23	38.72160	-120.76000	38.72680	-120.74700
KPVG	02/20	36.77770	-76.44940	36.78580	-76.44800
KPVG	10/28	36.78050	-76.46250	36.77800	-76.44440
KPVJ	17/35	34.71440	-97.22420	34.70070	-97.22420
KPVU	13/31	40.23020	-111.73200	40.21070	-111.71500
KPVU	18/36	40.22640	-111.72000	40.20870	-111.72500
KPVW	04/22	34.16240	-101.72600	34.17280	-101.71100
KPVW	13/31	34.17300	-101.72000	34.16490	-101.71200
KPWA	13/31	35.53510	-97.65220	35.52690	-97.64220
KPWA	17L/35R	35.54430	-97.64550	35.52460	-97.64550
KPWA	17R/35L	35.54330	-97.64920	35.52960	-97.64920
KPWC	16/34	46.72870	-94.38350	46.72090	-94.37990
KPWD	08/26	48.79270	-104.52900	48.79320	-104.51700
KPWD	12/30	48.79220	-104.52900	48.78500	-104.51700
KPWD	16/34	48.78950	-104.53200	48.78400	-104.53200
KPWG	04/22	31.47940	-97.31770	31.48630	-97.31000
KPWG	17/35	31.49380	-97.31830	31.47870	-97.31800
KPWK	12/30	42.11540	-87.90710	42.10970	-87.89280
KPWK	16/34	42.12330	-87.90710	42.11060	-87.90040
KPWM	11/29	43.64590	-70.32610	43.64400	-70.29900
KPWM	18/36	43.65450	-70.30730	43.64130	-70.30190
KPWT	02/20	47.48330	-122.77100	47.49720	-122.75800
KPXE	18/36	32.51740	-83.76740	32.50370	-83.76730
KPYG	06/24	34.73920	-80.34950	34.74510	-80.34080
KPYM	06/24	41.90420	-70.73650	41.91340	-70.72630
KPYM	15/33	41.91220	-70.73010	41.90630	-70.72060
KPYN	03/21	37.12250	-90.71560	37.13060	-90.70970
KPYP	07/25	34.08650	-85.61820	34.09340	-85.60200
KPYX	04/22	36.40660	-100.75900	36.41230	-100.75000
KPYX	17/35	36.42270	-100.75000	36.40710	-100.75000
KPZQ	09/27	45.40690	-83.82090	45.40730	-83.80490
KR47	09/27	41.10250	-84.05990	41.10370	-84.04380
KR49	17/35	48.72300	-118.65600	48.71340	-118.65700
KRAC	04/22	42.75440	-87.82030	42.76880	-87.80570
KRAC	14/32	42.76480	-87.82120	42.75670	-87.80890
KRAL	09/27	33.95390	-117.45199	33.95054	-117.43462
KRAL	16/34	33.95516	-117.44866	33.94734	-117.44842
KRAP	05/23	44.04790	-103.06400	44.05250	-103.05200
KRAP	14/32	44.05380	-103.06500	44.03280	-103.04900
KRAS	12/30	27.81460	-97.09310	27.80900	-97.08440
KRAW	18/36	38.35160	-93.34580	38.34250	-93.34640
KRBD	13/31	32.68730	-96.87640	32.67480	-96.86160
KRBD	17/35	32.68580	-96.86680	32.67540	-96.86680
KRBE	02/20	42.57170	-99.57440	42.57670	-99.56960
KRBE	13/31	42.57470	-99.57390	42.56470	-99.56290
KRBG	16/34	43.24510	-123.35600	43.23250	-123.35600
KRBL	15/33	40.15830	-122.25400	40.14300	-122.25000
KRBM	04/22	34.84480	-92.30540	34.85550	-92.29480
KRBO	13/31	27.78210	-97.69460	27.77500	-97.68650
KRBW	05/23	32.91570	-80.64530	32.92760	-80.63170
KRBW	17/35	32.92800	-80.64510	32.91280	-80.64040
KRCA	13/31	44.15920	-103.12100	44.13160	-103.08700
KRCK	17/35	30.63580	-96.98970	30.62750	-96.98970
KRCM	14/32	38.78400	-93.80680	38.77840	-93.80010
KRCP	18/36	39.35453	-99.30447	39.33973	-99.30483
KRCR	11/29	41.06730	-86.19050	41.06380	-86.17300
KRCT	17/35	43.90620	-85.51670	43.89380	-85.51670
KRCX	01/19	45.49160	-91.00070	45.50030	-90.99930
KRCX	14/32	45.48580	-91.00690	45.47740	-90.99680
KRCZ	04/22	34.88790	-79.76780	34.89420	-79.76130
KRCZ	14/32	34.89560	-79.76330	34.88760	-79.75180
KRDD	12/30	40.51190	-122.29700	40.50120	-122.28500
KRDD	16/34	40.52030	-122.29500	40.50110	-122.29500
KRDG	13/31	40.38360	-75.97810	40.37450	-75.95860
KRDG	18/36	40.38480	-75.96270	40.37080	-75.96010
KRDK	05/23	41.00700	-95.26670	41.01300	-95.25410
KRDK	14/32	41.01390	-95.25940	41.00950	-95.25470
KRDK	17/35	41.01430	-95.26060	41.00640	-95.25950
KRDM	05/23	44.24950	-121.16200	44.25910	-121.13800
KRDM	11/29	44.25890	-121.16100	44.24880	-121.13800
KRDR	17/35	47.97820	-97.40080	47.94440	-97.40080
KRDU	05L/23R	35.87450	-78.80200	35.89380	-78.77800
KRDU	05R/23L	35.86460	-78.79730	35.87920	-78.77940
KRDU	14/32	35.87500	-78.78270	35.86810	-78.77420
KRED	16/34	45.19280	-109.26800	45.18190	-109.26700
KREI	08/26	34.08520	-117.15400	34.08530	-117.13900
KREO	03/21	42.57190	-117.89300	42.58330	-117.87800
KRFD	01/19	42.18350	-89.09140	42.20590	-89.08860
KRFD	07/25	42.19020	-89.11990	42.20160	-89.08640
KRFG	14/32	28.30080	-97.32720	28.29010	-97.32110
KRFI	12/30	32.14340	-94.85550	32.13850	-94.84770
KRFI	16/34	32.14770	-94.85290	32.13690	-94.85070
KRGK	09/27	44.58970	-92.49460	44.58900	-92.47540
KRHI	09/27	45.63030	-89.48660	45.63090	-89.46000
KRHI	15/33	45.63730	-89.46330	45.62690	-89.45390
KRHP	08/26	35.19280	-83.87180	35.19770	-83.85430
KRHV	13L/31R	37.33650	-121.82300	37.32970	-121.81600
KRHV	13R/31L	37.33600	-121.82300	37.32920	-121.81700
KRIC	02/20	37.49890	-77.32970	37.51650	-77.32440
KRIC	16/34	37.51660	-77.32360	37.49570	-77.30690
KRID	06/24	39.75170	-84.85010	39.76030	-84.83410
KRID	15/33	39.76190	-84.84850	39.75060	-84.83830
KRIF	01/19	38.72820	-112.10400	38.74470	-112.09400
KRIL	08/26	39.52680	-107.73900	39.52580	-107.71500
KRIR	06/24	33.98778	-117.41502	33.98978	-117.40478
KRIU	04/22	38.48360	-121.10800	38.48990	-121.09700
KRIV	14/32	33.89643	-117.27064	33.86499	-117.24828
KRIW	01/19	43.05710	-108.46600	43.06910	-108.45800
KRIW	10/28	43.06960	-108.47300	43.06030	-108.44500
KRJD	12/30	38.97210	-75.87380	38.96920	-75.86320
KRK1	8/26	69.67836	-146.92119	69.67519	-146.87891
KRKD	03/21	44.05630	-69.10070	44.06670	-69.09720
KRKD	13/31	44.06150	-69.10840	44.05660	-69.09060
KRKP	14/32	28.09270	-97.05160	28.08000	-97.04170
KRKP	18/36	28.09220	-97.03880	28.08000	-97.04130
KRKR	18/36	35.02700	-94.62010	35.01620	-94.62240
KRKS	03/21	41.58860	-109.07300	41.59870	-109.06000
KRKS	09/27	41.59770	-109.08200	41.59140	-109.04700
KRKW	04/22	35.91700	-84.69510	35.92760	-84.68440
KRLD	01/19	46.30000	-119.30800	46.30990	-119.30200
KRLD	08/26	46.30690	-119.31100	46.30580	-119.29500
KRME	15/33	43.24510	-75.42300	43.22250	-75.39110
KRMG	01/19	34.34280	-85.15950	34.35920	-85.15770
KRMG	07/25	34.34840	-85.16580	34.35260	-85.15180
KRMN	15/33	38.40330	-77.46120	38.39290	-77.44980
KRMY	10/28	42.25170	-84.96190	42.25060	-84.94900
KRNC	05/23	35.69430	-85.85030	35.70310	-85.83730
KRND	15L/33R	29.54270	-98.27590	29.52290	-98.26290
KRND	15R/33L	29.52311	-98.28541	29.51510	-98.28010
KRNH	04/22	45.14000	-92.54020	45.14410	-92.53440
KRNH	14/32	45.15270	-92.54270	45.14390	-92.53340
KRNM	09/27	33.04030	-116.92300	33.03800	-116.90700
KRNO	08/26	39.49630	-119.77900	39.49620	-119.75700
KRNO	17L/35R	39.51380	-119.76700	39.48910	-119.76700
KRNO	17R/35L	39.51380	-119.76900	39.48360	-119.76900
KRNP	06/24	42.99200	-84.14370	42.99560	-84.13580
KRNP	11/29	42.99430	-84.14680	42.99170	-84.13110
KRNP	18/36	42.99570	-84.13690	42.98860	-84.13620
KRNT	16/34	47.50048	-122.21688	47.48580	-122.21465
KRNV	18/36	33.76660	-90.75810	33.75560	-90.75760
KROA	06/24	37.32220	-79.98400	37.33430	-79.96620
KROA	16/34	37.32900	-79.98110	37.31540	-79.97050
KROC	04/22	43.10690	-77.68770	43.12560	-77.67200
KROC	07/25	43.11570	-77.67260	43.12100	-77.65910
KROC	10/28	43.12280	-77.67650	43.12340	-77.65590
KROG	02/20	36.36460	-94.11030	36.38020	-94.10360
KROS	16/34	45.70410	-92.95620	45.69280	-92.95030
KROW	03/21	33.28610	-104.53700	33.31130	-104.50700
KROW	17/35	33.31510	-104.53900	33.28770	-104.53900
KROX	06/24	48.85190	-95.70000	48.85440	-95.69030
KROX	16/34	48.86350	-95.70000	48.85170	-95.69600
KRPB	14/32	39.81890	-97.66060	39.81470	-97.65620
KRPB	18/36	39.82330	-97.66020	39.81370	-97.66050
KRPD	01/19	45.41400	-91.77570	45.42930	-91.77130
KRPD	13/31	45.41760	-91.77900	45.41140	-91.76860
KRPH	03/21	33.10570	-98.55960	33.11460	-98.55090
KRPH	18/36	33.11490	-98.55510	33.10580	-98.55560
KRPJ	07/25	41.89100	-89.08560	41.89500	-89.07100
KRPX	07/25	46.47360	-108.55100	46.47660	-108.53200
KRPX	16/34	46.47810	-108.54800	46.47150	-108.54600
KRQB	09/27	43.72450	-85.51650	43.72450	-85.50030
KRQB	14/32	43.72260	-85.50020	43.71670	-85.49410
KRQE	03/21	35.64410	-109.07400	35.66000	-109.06100
KRQO	17/35	35.48120	-98.00430	35.46580	-98.00430
KRQO	18/36	35.47800	-98.00760	35.46530	-98.00760
KRRL	07/25	45.19570	-89.72520	45.20090	-89.70680
KRRL	16/34	45.20370	-89.70990	45.19620	-89.70530
KRRQ	16/34	43.45640	-96.18060	43.44800	-96.17890
KRRT	04/22	48.93840	-95.35270	48.94440	-95.34410
KRRT	13/31	48.94600	-95.35420	48.93490	-95.33930
KRSL	03/21	38.87180	-98.81580	38.87560	-98.81300
KRSL	17/35	38.87760	-98.81180	38.86390	-98.80980
KRSN	18/36	32.52150	-92.58830	32.50770	-92.58830
KRST	03/21	43.89490	-92.50690	43.91280	-92.49460
KRST	13/31	43.92020	-92.51210	43.90350	-92.48670
KRSV	09/27	39.01660	-87.66100	39.01620	-87.64300
KRSV	17/35	39.02000	-87.64790	39.01090	-87.64500
KRSW	06/24	26.52650	-81.77000	26.54580	-81.74030
KRTN	02/20	36.73420	-104.51100	36.74850	-104.49900
KRTN	07/25	36.74050	-104.50500	36.74310	-104.49100
KRUE	07/25	35.25730	-93.10150	35.26100	-93.08500
KRUG	12/30	48.39350	-100.03000	48.38730	-100.01800
KRUQ	02/20	35.63860	-80.52280	35.65310	-80.51770
KRUT	01/19	43.52490	-72.94950	43.53860	-72.95000
KRUT	13/31	43.52910	-72.95470	43.52490	-72.94420
KRVJ	11/29	32.06060	-82.15760	32.05740	-82.14590
KRVL	06/24	40.67290	-77.63360	40.68190	-77.62000
KRVN	07/25	36.45550	-82.89040	36.45970	-82.87970
KRVS	01L/19R	36.03300	-95.98790	36.04660	-95.98390
KRVS	01R/19L	36.03400	-95.98510	36.04530	-95.98190
KRVS	13/31	36.04180	-95.98750	36.03650	-95.98060
KRWF	05/23	44.54460	-95.08480	44.54780	-95.07830
KRWF	12/30	44.55110	-95.08870	44.54440	-95.07660
KRWI	04/22	35.84810	-77.89850	35.86440	-77.88540
KRWL	04/22	41.80010	-107.21000	41.81140	-107.18900
KRWL	11/29	41.80780	-107.20700	41.80300	-107.19300
KRWN	09/27	41.09230	-86.62050	41.09220	-86.60520
KRWV	15/33	30.51940	-96.70650	30.51150	-96.70170
KRXE	17/35	43.83960	-111.80400	43.82820	-111.80600
KRYM	13/31	46.09710	-94.36900	46.08530	-94.35210
KRYN	06L/24R	32.14120	-111.18200	32.14580	-111.16800
KRYN	06R/24L	32.14010	-111.17900	32.14520	-111.16300
KRYN	15/33	32.14540	-111.18000	32.13460	-111.17800
KRYV	05/23	43.16520	-88.73080	43.17250	-88.71750
KRYV	11/29	43.17240	-88.72660	43.16930	-88.71690
KRYW	15/33	30.50350	-97.97140	30.49360	-97.96750
KRYY	09/27	34.01300	-84.60740	34.01340	-84.58660
KRZL	09/27	40.94780	-87.18840	40.94780	-87.18140
KRZL	18/36	40.95340	-87.18150	40.94240	-87.18140
KRZN	04/22	45.81990	-92.37810	45.82740	-92.36720
KRZN	13/31	45.82520	-92.37700	45.81820	-92.36760
KRZT	05/23	39.43490	-83.02950	39.44590	-83.01660
KS01	06/24	48.16630	-111.98600	48.17050	-111.96800
KS01	15/33	48.17150	-111.97700	48.16410	-111.97400
KS03	12/30	42.19410	-122.66500	42.18640	-122.65600
KS05	16/34	43.09140	-124.40800	43.08150	-124.40800
KS10	02/20	47.86260	-119.94800	47.86950	-119.93800
KS12	16/34	44.64190	-123.05900	44.63370	-123.05900
KS17	06/24	33.64250	-81.87380	33.64920	-81.86010
KS19	18/36	33.91300	-82.26720	33.90310	-82.26660
KS20	07/25	45.83200	-120.85200	45.83220	-120.83800
KS21	18/36	43.88350	-121.45000	43.86910	-121.45600
KS23	15/33	48.71350	-117.41500	48.70260	-117.41100
KS24	06/24	41.29190	-83.04590	41.29950	-83.02860
KS25	12/30	47.80000	-103.26000	47.79170	-103.24700
KS27	13/31	48.18250	-114.30800	48.17470	-114.29900
KS32	13/31	47.42610	-98.11090	47.41940	-98.10080
KS33	04/22	44.67390	-121.16300	44.67820	-121.15400
KS33	16/34	44.67400	-121.15300	44.66010	-121.15300
KS36	15/33	47.34150	-122.10500	47.33260	-122.10200
KS39	11/29	44.29210	-120.91200	44.28520	-120.89500
KS39	15/33	44.29040	-120.90600	44.27940	-120.90300
KS40	07/25	46.21340	-119.79800	46.21330	-119.78500
KS42	01/19	36.32050	-104.62300	36.33340	-104.61700
KS45	17/35	44.88140	-124.02700	44.87250	-124.03000
KS48	07/25	45.35390	-122.27400	45.35390	-122.26200
KS50	16/34	47.33230	-122.22700	47.32300	-122.22700
KS52	13/31	48.43070	-120.15200	48.41920	-120.14000
KS59	15/33	48.29050	-115.49300	48.27720	-115.48800
KS64	07/25	47.14450	-110.23300	47.14470	-110.22500
KS64	11/29	47.15130	-110.23700	47.14470	-110.22500
KS67	11/29	43.58530	-116.53100	43.57730	-116.51500
KS69	04/22	46.95130	-112.65700	46.95750	-112.64400
KS70	07/25	46.79500	-119.08800	46.79470	-119.07100
KS71	08/26	48.59310	-109.25900	48.59120	-109.24200
KS72	10/28	47.32970	-116.58800	47.32610	-116.57100
KS73	14/32	46.22310	-116.01600	46.21560	-116.01100
KS75	13/31	44.09500	-116.90400	44.08810	-116.89800
KS78	10/28	43.85190	-116.54800	43.84810	-116.53700
KS83	07/25	47.54720	-116.20000	47.54810	-116.17700
KS84	07/25	46.03890	-116.33800	46.03890	-116.32600
KS85	08/26	48.15330	-104.51200	48.15330	-104.49600
KS87	12/30	44.21060	-116.96800	44.20310	-116.95700
KS94	07/25	46.85870	-117.42000	46.85870	-117.40800
KS95	05/23	46.04470	-118.42400	46.04910	-118.41000
KS97	07/25	48.10470	-119.72900	48.10530	-119.71300
KSAA	05/23	41.43860	-106.84200	41.44840	-106.81300
KSAC	02/20	38.50520	-121.50100	38.51790	-121.49000
KSAC	12/30	38.51840	-121.49500	38.51120	-121.48500
KSAC	16/34	38.51640	-121.49400	38.50690	-121.49400
KSAD	08/26	32.85490	-109.64300	32.85470	-109.62700
KSAD	12/30	32.85940	-109.64300	32.84770	-109.62900
KSAF	02/20	35.60840	-106.09600	35.62710	-106.08000
KSAF	10/28	35.62060	-106.10100	35.61420	-106.08200
KSAF	15/33	35.62440	-106.09200	35.60760	-106.08700
KSAN	09/27	32.73713	-117.20437	32.73000	-117.17499
KSAR	09/27	38.14740	-89.70160	38.14740	-89.69320
KSAR	18/36	38.15540	-89.69950	38.14440	-89.69950
KSAT	04/22	29.52320	-98.46990	29.53890	-98.45450
KSAT	13L/31R	29.54030	-98.47770	29.53020	-98.46470
KSAT	13R/31L	29.54270	-98.48550	29.52720	-98.46560
KSAV	01/19	32.11660	-81.20000	32.13580	-81.20010
KSAV	10/28	32.12880	-81.21880	32.12850	-81.18860
KSAW	01/19	46.33690	-87.39920	46.37040	-87.39150
KSAZ	14/32	46.38460	-94.81040	46.37720	-94.80280
KSBA	07/25	34.42751	-119.85466	34.42793	-119.83460
KSBA	15L/33R	34.43079	-119.84039	34.41966	-119.83696
KSBA	15R/33L	34.43055	-119.84156	34.41941	-119.83812
KSBD	06/24	34.09080	-117.25000	34.10000	-117.21900
KSBM	04/22	43.76460	-87.85700	43.77670	-87.84520
KSBM	13/31	43.77280	-87.85920	43.76410	-87.84450
KSBN	09L/27R	41.71390	-86.32880	41.71420	-86.31300
KSBN	09R/27L	41.70430	-86.32940	41.70480	-86.29860
KSBN	18/36	41.71880	-86.31940	41.70230	-86.31890
KSBO	13/31	32.61440	-82.37750	32.60390	-82.36240
KSBP	07/25	35.23690	-120.65000	35.23690	-120.63900
KSBP	11/29	35.24100	-120.64700	35.23270	-120.63300
KSBS	14/32	40.52170	-106.87000	40.51080	-106.86300
KSBU	03/21	43.59280	-94.09530	43.59790	-94.09040
KSBU	16/34	43.59830	-94.09460	43.58950	-94.09040
KSBX	05/23	48.53840	-111.88100	48.54410	-111.86300
KSBX	11/29	48.54310	-111.87600	48.53670	-111.86400
KSBY	05/23	38.33390	-75.51690	38.34490	-75.50650
KSBY	14/32	38.34600	-75.51670	38.33700	-75.50130
KSCB	12/30	41.60920	-96.63930	41.60300	-96.63090
KSCB	17/35	41.61930	-96.62590	41.60780	-96.62580
KSCD	09/27	33.17190	-86.31430	33.17180	-86.29670
KSCH	04/22	42.84690	-73.93380	42.86420	-73.92240
KSCH	10/28	42.84840	-73.94080	42.84890	-73.92270
KSCK	11L/29R	37.90230	-121.25100	37.88450	-121.22200
KSCK	11R/29L	37.89960	-121.24900	37.89220	-121.23700
KSCX	05/23	36.45050	-84.59250	36.46090	-84.57900
KSDA	04/22	40.74540	-95.41840	40.75540	-95.40610
KSDA	12/30	40.75600	-95.42070	40.75080	-95.41090
KSDC	10/28	43.23460	-77.12730	43.23480	-77.11300
KSDF	11/29	38.18020	-85.74740	38.17310	-85.72380
KSDF	17L/35R	38.18730	-85.73130	38.16460	-85.72360
KSDF	17R/35L	38.18700	-85.74880	38.15820	-85.73930
KSDL	03/21	33.61470	-111.92000	33.63100	-111.90100
KSDM	08L/26R	32.57380	-116.99300	32.57170	-116.96800
KSDM	08R/26L	32.57160	-116.98400	32.57070	-116.97400
KSDY	01/19	47.69760	-104.20100	47.71190	-104.19200
KSDY	11/29	47.71230	-104.19400	47.70730	-104.18000
KSEA	16C/34C	47.46380	-122.31100	47.43800	-122.31100
KSEA	16L/34R	47.46380	-122.30800	47.43120	-122.30800
KSEA	16R/34L	47.46380	-122.31800	47.44050	-122.31800
KSEE	09L/27R	32.82947	-116.98127	32.82640	-116.96427
KSEE	09R/27L	32.82739	-116.97626	32.82581	-116.96755
KSEE	17/35	32.82952	-116.97251	32.81815	-116.97242
KSEF	14/32	27.46220	-81.34720	27.45260	-81.33630
KSEF	18/36	27.46260	-81.34310	27.44830	-81.34300
KSEG	17/35	40.82540	-76.86630	40.81570	-76.86130
KSEM	15/33	32.35300	-86.99510	32.33490	-86.98050
KSEP	14/32	32.22030	-98.18120	32.21040	-98.17420
KSEQ	13/31	29.57360	-97.91810	29.55810	-97.89860
KSER	05/23	38.91820	-85.90740	38.92900	-85.89400
KSER	09U/27U	38.93140	-85.91420	38.93140	-85.91060
KSER	14/32	38.92870	-85.92100	38.91820	-85.90710
KSER	18U/36U	38.93140	-85.91400	38.92810	-85.91400
KSET	09/27	38.93240	-90.43170	38.93230	-90.42470
KSET	18/36	38.93350	-90.43080	38.92310	-90.43100
KSEZ	03/21	34.84370	-111.79500	34.85350	-111.78200
KSFB	09C/27C	28.77850	-81.24550	28.77850	-81.23430
KSFB	09L/27R	28.78170	-81.25600	28.78180	-81.22600
KSFB	09R/27L	28.76990	-81.23560	28.77000	-81.22470
KSFB	18/36	28.78330	-81.23480	28.76680	-81.23470
KSFF	4L/22R	47.67920	-117.33100	47.68640	-117.31700
KSFF	4R/22L	47.68040	-117.32600	47.68530	-117.31500
KSFM	07/25	43.38690	-70.71920	43.39550	-70.70000
KSFM	14/32	43.40030	-70.71430	43.39370	-70.69780
KSFO	10L/28R	37.62874	-122.39341	37.61354	-122.35716
KSFO	10R/28L	37.62630	-122.39312	37.61172	-122.35837
KSFO	1L/19R	37.60790	-122.38295	37.62648	-122.37063
KSFO	1R/19L	37.60633	-122.38106	37.62735	-122.36712
KSFQ	04/22	36.67460	-76.60330	36.68660	-76.59490
KSFQ	07/25	36.68050	-76.61020	36.68620	-76.59590
KSFY	13/31	42.04980	-90.11310	42.04190	-90.10280
KSFZ	05/23	41.91660	-71.49580	41.92830	-71.48610
KSFZ	15/33	41.92150	-71.49590	41.91480	-71.48820
KSGF	02/20	37.23560	-93.38920	37.25350	-93.38030
KSGF	14/32	37.25520	-93.40050	37.23800	-93.38350
KSGH	06/24	39.83510	-83.85140	39.84950	-83.82540
KSGH	15/33	39.84310	-83.84880	39.83090	-83.83730
KSGJ	02/20	29.95450	-81.34110	29.96120	-81.33810
KSGJ	06/24	29.95400	-81.34130	29.95750	-81.33380
KSGJ	13/31	29.96740	-81.35070	29.95440	-81.33040
KSGR	17/35	29.63320	-95.65760	29.61130	-95.65550
KSGS	16/34	44.86240	-93.03520	44.85190	-93.03050
KSGT	09/27	34.60400	-91.57870	34.60350	-91.56210
KSGT	18/36	34.60420	-91.57850	34.58770	-91.57910
KSGU	1/19	37.02460	-113.51650	37.04810	-113.50410
KSHD	05/23	38.25740	-78.90290	38.27030	-78.89000
KSHL	15/33	43.21360	-95.83670	43.20320	-95.83020
KSHN	05/23	47.23100	-123.15700	47.23610	-123.13800
KSHR	06/24	44.77090	-106.98800	44.77610	-106.97000
KSHR	15/33	44.77700	-106.98800	44.75620	-106.97500
KSHV	06/24	32.44510	-93.83290	32.45330	-93.81540
KSHV	14/32	32.45380	-93.83490	32.43560	-93.81850
KSIF	13/31	36.44130	-79.85830	36.43320	-79.84370
KSIK	03/21	36.89200	-89.56560	36.90580	-89.55790
KSIV	18/36	39.12070	-87.44820	39.10870	-87.44840
KSIY	17/35	41.79150	-122.46500	41.77140	-122.47100
KSJC	12L/30R	37.37500	-121.94000	37.35230	-121.91500
KSJC	12R/30L	37.37370	-121.94200	37.35100	-121.91700
KSJN	03/21	34.51270	-109.38300	34.52010	-109.37600
KSJN	14/32	34.52620	-109.38300	34.51370	-109.37300
KSJT	03/21	31.34970	-100.50000	31.36160	-100.48700
KSJT	09/27	31.36120	-100.50200	31.35970	-100.48800
KSJT	18/36	31.36880	-100.49800	31.34680	-100.50100
KSJX	05/23	45.69180	-85.56940	45.69600	-85.56390
KSJX	09/27	45.69150	-85.57770	45.69150	-85.56090
KSJX	14/32	45.69530	-85.56800	45.68920	-85.55840
KSKA	05/23	47.60750	-117.68200	47.62260	-117.63000
KSKF	16/34	29.39930	-98.58670	29.36910	-98.57560
KSKI	14/32	42.38350	-94.98220	42.37810	-94.97750
KSKI	18/36	42.38370	-94.97940	42.37240	-94.97940
KSKX	04/22	36.45370	-105.68100	36.46260	-105.66400
KSLB	06/24	42.59840	-95.24390	42.60040	-95.23750
KSLB	13/31	42.60350	-95.24370	42.59770	-95.23560
KSLB	17/35	42.60110	-95.24220	42.58740	-95.24050
KSLC	14/32	40.78572	-111.97125	40.77376	-111.96324
KSLC	16L/34R	40.80746	-111.97695	40.77465	-111.97315
KSLC	16R/34L	40.80778	-111.99930	40.77498	-111.99549
KSLC	17/35	40.79892	-111.96209	40.77259	-111.96209
KSLE	13/31	44.91690	-123.00700	44.90310	-122.99600
KSLE	16/34	44.91610	-123.00300	44.90200	-123.00400
KSLG	18/36	36.19870	-94.48920	36.18500	-94.49080
KSLH	10/28	45.65420	-84.52720	45.65420	-84.51160
KSLH	17/35	45.65460	-84.51980	45.65040	-84.51800
KSLI	04L/22R	33.78531	-118.06209	33.79461	-118.04616
KSLI	04R/22L	33.78377	-118.06027	33.79639	-118.03866
KSLK	05/23	44.38020	-74.21330	44.39500	-74.19890
KSLK	09/27	44.38050	-74.21390	44.38260	-74.19880
KSLN	04/22	38.78620	-97.65610	38.79280	-97.64650
KSLN	12/30	38.79360	-97.66700	38.78150	-97.65010
KSLN	17/35	38.81040	-97.64600	38.77660	-97.64590
KSLN	18/36	38.79380	-97.66150	38.78200	-97.66140
KSLO	18/36	38.64850	-88.96410	38.63720	-88.96420
KSLR	01/19	33.15310	-95.62250	33.16660	-95.61980
KSMD	05/23	41.14090	-85.15710	41.14630	-85.14840
KSMD	13/31	41.14560	-85.15700	41.14060	-85.14870
KSME	05/23	37.04900	-84.62100	37.06060	-84.60750
KSMF	17L/35R	38.70714	-121.58008	38.68352	-121.58047
KSMF	17R/35L	38.70735	-121.60110	38.68372	-121.60149
KSMN	17/35	45.13080	-113.88000	45.11680	-113.88300
KSMO	03/21	34.01237	-118.45541	34.01925	-118.44727
KSMQ	08/26	40.62570	-74.67270	40.62780	-74.66530
KSMQ	12/30	40.62690	-74.67520	40.62450	-74.66590
KSMQ	17/35	40.62800	-74.67200	40.62320	-74.67040
KSMS	05/23	33.99020	-80.36770	34.00120	-80.35530
KSMS	14/32	33.99680	-80.36470	33.99090	-80.35740
KSMX	02/20	34.89339	-120.46795	34.90495	-120.45776
KSMX	12/30	34.90828	-120.46438	34.89263	-120.44564
KSNA	02L/20R	33.66781	-117.87385	33.68165	-117.86508
KSNA	02R/20L	33.67400	-117.86807	33.68101	-117.86363
KSNC	17/35	41.38710	-72.50790	41.38050	-72.50480
KSNH	01/19	35.16340	-88.21780	35.17710	-88.21560
KSNK	08/26	32.69030	-100.95900	32.69030	-100.94600
KSNK	17/35	32.70340	-100.94900	32.68800	-100.94900
KSNL	17/35	35.36550	-96.94280	35.35020	-96.94280
KSNS	08/26	36.66290	-121.61900	36.66090	-121.59800
KSNS	13/31	36.66860	-121.61000	36.65740	-121.60100
KSNY	03/21	41.09250	-102.99000	41.10290	-102.97900
KSNY	13/31	41.10770	-102.99400	41.09490	-102.97700
KSOA	18/36	30.59120	-100.64700	30.58020	-100.65000
KSOP	05/23	35.23240	-79.39540	35.24280	-79.38210
KSOW	04/22	34.26060	-110.00700	34.26780	-109.99800
KSOW	07/25	34.26380	-110.01900	34.26860	-109.99600
KSPA	05/23	34.91040	-81.96220	34.92110	-81.95070
KSPB	15/33	45.77790	-122.86400	45.76420	-122.86000
KSPF	04/22	44.47710	-103.78000	44.48120	-103.77500
KSPF	08/26	44.47670	-103.79400	44.47670	-103.77900
KSPF	13/31	44.49080	-103.79700	44.47830	-103.77900
KSPG	07/25	27.76320	-82.63360	27.76790	-82.62360
KSPG	18/36	27.76850	-82.62490	27.76060	-82.62490
KSPH	18/36	32.98890	-93.40920	32.97800	-93.40920
KSPI	04/22	39.83690	-89.68640	39.85330	-89.66750
KSPI	13/31	39.84950	-89.68760	39.83800	-89.66760
KSPI	18/36	39.85030	-89.67950	39.83580	-89.67990
KSPK	12/30	40.14700	-111.66900	40.13630	-111.65400
KSPS	15C/33C	34.00630	-98.49710	33.98070	-98.48490
KSPS	15L/33R	34.01120	-98.49330	33.99590	-98.48590
KSPS	15R/33L	34.00390	-98.49950	33.97030	-98.48350
KSPS	17/35	33.98240	-98.49580	33.96310	-98.49600
KSPW	12/30	43.17070	-95.21220	43.16100	-95.19400
KSPW	18/36	43.17210	-95.20160	43.15820	-95.20340
KSPZ	06/24	39.40010	-119.26100	39.40600	-119.24100
KSQI	07/25	41.73920	-89.68470	41.74520	-89.66230
KSQI	18/36	41.74930	-89.68090	41.73860	-89.68090
KSQL	12/30	37.51453	-122.25256	37.50920	-122.24653
KSRB	04/22	36.04910	-85.53650	36.06270	-85.52490
KSRC	01/19	35.20260	-91.73970	35.21870	-91.73530
KSRE	05/23	35.27020	-96.67860	35.27460	-96.67460
KSRE	16/34	35.28240	-96.67700	35.26910	-96.67280
KSRQ	04/22	27.39000	-82.55770	27.40080	-82.54810
KSRQ	14/32	27.40460	-82.56560	27.38630	-82.54470
KSRR	06/24	33.45930	-105.54700	33.46640	-105.52200
KSRR	12/30	33.46400	-105.53100	33.45260	-105.51400
KSSC	04L/22R	33.96170	-80.48150	33.98430	-80.46270
KSSC	04R/22L	33.96330	-80.47620	33.98140	-80.46110
KSSF	09/27	29.33850	-98.48090	29.33570	-98.46610
KSSF	14/32	29.34160	-98.47200	29.33220	-98.46470
KSSI	04/22	31.14520	-81.39940	31.15810	-81.38840
KSSI	16/34	31.15620	-81.38890	31.14800	-81.38430
KSSQ	14/32	45.73510	-91.92560	45.72760	-91.91570
KSTC	05/23	45.54330	-94.06500	45.54750	-94.05490
KSTC	13/31	45.55390	-94.06930	45.54010	-94.05040
KSTE	03/21	44.53840	-89.53660	44.55280	-89.52520
KSTE	12/30	44.54680	-89.53530	44.54180	-89.52320
KSTF	18/36	33.44070	-88.84880	33.42550	-88.84840
KSTJ	13/31	39.77400	-94.92040	39.76460	-94.90840
KSTJ	17/35	39.78460	-94.90690	39.76250	-94.90690
KSTK	04/22	40.61030	-103.26800	40.61520	-103.26100
KSTK	15/33	40.62310	-103.26700	40.61060	-103.26300
KSTL	06/24	38.74668	-90.38122	38.75622	-90.35750
KSTL	11/29	38.75995	-90.40987	38.74679	-90.38316
KSTL	12L/30R	38.75179	-90.36632	38.73861	-90.33958
KSTL	12R/30L	38.75390	-90.37916	38.73778	-90.34646
KSTP	09/27	44.93490	-93.06740	44.93470	-93.05330
KSTP	13/31	44.93920	-93.06500	44.93230	-93.05250
KSTP	14/32	44.94120	-93.06780	44.92590	-93.05330
KSTS	02/20	38.50320	-122.82100	38.51570	-122.81200
KSTS	14/32	38.51750	-122.81400	38.50230	-122.80600
KSUA	07/25	27.18170	-80.22900	27.18640	-80.21570
KSUA	12/30	27.18200	-80.23150	27.17640	-80.21460
KSUA	16/34	27.18850	-80.22160	27.17610	-80.21500
KSUD	18/36	35.79420	-96.65620	35.78600	-96.65620
KSUE	02/20	44.83690	-87.42480	44.84920	-87.42080
KSUE	10/28	44.84470	-87.42590	44.84430	-87.41360
KSUN	13/31	43.51220	-114.30400	43.49670	-114.28900
KSUS	08L/26R	38.66410	-90.66830	38.66700	-90.65110
KSUS	08R/26L	38.65770	-90.65970	38.66190	-90.63410
KSUT	05/23	33.92510	-78.07930	33.93340	-78.07070
KSUU	03L/21R	38.24330	-121.95700	38.26360	-121.92900
KSUU	03R/21L	38.26150	-121.92600	38.28180	-121.89800
KSUW	04/22	46.68370	-92.09980	46.69580	-92.08960
KSUW	14/32	46.68740	-92.10030	46.67900	-92.09010
KSUX	13/31	42.40920	-96.39770	42.39150	-96.37440
KSUX	17/35	42.41470	-96.38190	42.39660	-96.38220
KSUZ	02/20	34.58390	-92.48230	34.59690	-92.47660
KSVC	03/21	32.63290	-108.16300	32.64170	-108.15300
KSVC	08/26	32.63240	-108.16500	32.63240	-108.14300
KSVC	12/30	32.64190	-108.16100	32.63290	-108.15000
KSVC	17/35	32.64790	-108.15800	32.63280	-108.15900
KSVE	07/25	40.37450	-120.57800	40.37460	-120.57000
KSVE	11/29	40.37980	-120.57700	40.37280	-120.56600
KSVH	10/28	35.76610	-80.96560	35.76390	-80.94220
KSVN	10/28	32.01060	-81.16430	32.00940	-81.12770
KSWF	09/27	41.50080	-74.13050	41.50740	-74.08830
KSWF	16/34	41.51110	-74.10180	41.49690	-74.09060
KSWI	16/34	33.62950	-96.58770	33.61880	-96.58460
KSWO	04/22	36.15540	-97.09060	36.16520	-97.07870
KSWO	17/35	36.17230	-97.08690	36.15200	-97.08660
KSWT	04/22	40.86300	-97.11390	40.86940	-97.10490
KSWT	16/34	40.86930	-97.10960	40.85780	-97.10810
KSWW	04/22	32.46100	-100.47100	32.47230	-100.45800
KSWW	17/35	32.47600	-100.46900	32.46010	-100.46700
KSXK	17/35	42.99333	-96.16233	42.97830	-96.16040
KSXL	04/22	38.22830	-80.87400	38.23490	-80.86770
KSYF	18/36	39.76490	-101.79200	39.75890	-101.79500
KSYI	18/36	35.56700	-86.44260	35.55320	-86.44240
KSYR	10/28	43.10820	-76.12620	43.10930	-76.09250
KSYR	15/33	43.12120	-76.11280	43.10700	-76.09260
KSYV	01/19	31.55410	-83.89680	31.56290	-83.89460
KSZL	01/19	38.71360	-93.55200	38.74700	-93.54370
KSZP	04/22	34.34505	-119.06533	34.34898	-119.05790
KSZT	02/20	48.29320	-116.56600	48.30590	-116.55400
KSZY	17/35	35.20950	-88.50040	35.19630	-88.49600
KT00	12/30	29.77270	-94.66610	29.76760	-94.65870
KT00	17/35	29.77300	-94.66520	29.76680	-94.66520
KT03	15/33	36.10030	-111.38600	36.08420	-111.37900
KT05	12/30	26.56520	-97.44190	26.56040	-97.43370
KT12	13/31	30.65070	-93.91970	30.64370	-93.91100
KT15	17/35	31.34480	-96.85190	31.33650	-96.85210
KT16	06/24	33.69830	-108.85800	33.70170	-108.84300
KT17	15/33	29.28160	-95.89160	29.27070	-95.88560
KT19	14/32	27.88690	-98.60310	27.88000	-98.59720
KT20	15/33	29.53180	-97.46390	29.52420	-97.45890
KT23	17/35	32.72390	-99.26750	32.71360	-99.26750
KT24	17/35	31.23860	-93.98190	31.22860	-93.98190
KT30	13/31	28.82730	-99.11440	28.81720	-99.10370
KT31	17/35	33.21440	-96.74190	33.20250	-96.74190
KT35	16/34	30.88360	-96.97250	30.87530	-96.96970
KT36	18/36	31.15010	-90.16830	31.14190	-90.16800
KT39	17/35	33.58670	-98.61870	33.57790	-98.61870
KT41	05/23	29.66680	-95.06770	29.67190	-95.06040
KT41	12/30	29.67260	-95.06960	29.66580	-95.05900
KT42	13/31	40.21440	-123.30200	40.20690	-123.29400
KT45	17/35	35.36770	-101.36500	35.35560	-101.36500
KT50	15/33	30.93860	-99.81970	30.92830	-99.81390
KT51	17/35	30.04750	-95.66730	30.03800	-95.66720
KT54	13/31	29.52750	-95.77880	29.52130	-95.77160
KT55	01/19	34.55940	-102.32600	34.57390	-102.32000
KT59	17/35	35.45600	-100.20000	35.44620	-100.20000
KT60	17/35	33.17750	-100.19800	33.16670	-100.19800
KT65	13/31	26.18300	-97.97780	26.17220	-97.96830
KT67	14/32	32.93520	-97.41550	32.92720	-97.40790
KT69	14/32	28.04420	-97.54620	28.03430	-97.53870
KT74	17/35	30.57810	-97.44330	30.56710	-97.44300
KT78	16/34	30.08290	-94.70000	30.07270	-94.69710
KT82	14/32	30.24900	-98.91350	30.23750	-98.90480
KT85	13/31	29.31650	-97.14230	29.30990	-97.13450
KT88	17/35	32.47600	-100.92100	32.46090	-100.92100
KT90	18/36	29.80920	-94.43110	29.79920	-94.43110
KT92	13/31	30.73550	-99.18700	30.72910	-99.18030
KT92	17/35	30.73730	-99.18420	30.72710	-99.18440
KT93	17/35	36.44640	-100.12400	36.43520	-100.12400
KTAD	03/21	37.25570	-104.34200	37.26640	-104.32900
KTAD	09/27	37.26090	-104.35300	37.25670	-104.33500
KTAN	04/22	41.87540	-71.02270	41.88010	-71.01960
KTAN	12/30	41.87410	-71.01980	41.87120	-71.00760
KTAZ	09L/27R	39.53810	-89.33200	39.53810	-89.32520
KTAZ	09R/27L	39.52970	-89.34170	39.52990	-89.32930
KTAZ	18/36	39.53780	-89.32750	39.52690	-89.32730
KTBN	15/33	37.74800	-92.14740	37.73530	-92.13400
KTBR	06/24	32.48290	-81.74280	32.49070	-81.73200
KTBR	14/32	32.48560	-81.74350	32.47390	-81.72970
KTCC	03/21	35.17490	-103.61100	35.18870	-103.59400
KTCC	08/26	35.18430	-103.61200	35.18430	-103.59600
KTCL	04/22	33.21010	-87.61920	33.22360	-87.60520
KTCL	12/30	33.22920	-87.61600	33.22430	-87.60420
KTCM	16/34	47.15150	-122.47700	47.12380	-122.47600
KTCS	01/19	33.23010	-107.27000	33.23850	-107.26600
KTCS	07/25	33.23370	-107.27400	33.23510	-107.26500
KTCS	11/29	33.24390	-107.28300	33.23250	-107.26400
KTCS	13/31	33.24320	-107.27700	33.22710	-107.26300
KTCS	15/33	33.23870	-107.26800	33.23090	-107.26500
KTCY	08/26	37.69050	-121.44900	37.69060	-121.43500
KTCY	12/30	37.69110	-121.44600	37.68390	-121.43600
KTDF	06/24	36.27950	-78.99190	36.28970	-78.97660
KTDO	06/24	46.47540	-122.81500	46.47890	-122.79800
KTDW	05/23	35.16550	-101.82900	35.17010	-101.82100
KTDW	17/35	35.17810	-101.82600	35.16410	-101.82600
KTDZ	04/22	41.56000	-83.48610	41.56780	-83.47780
KTDZ	14/32	41.57100	-83.49010	41.55990	-83.47480
KTEB	1/19	40.83869	-74.06038	40.85787	-74.05896
KTEB	6/24	40.84673	-74.07030	40.85775	-74.05410
KTEL	13/31	38.02300	-86.69790	38.01460	-86.68690
KTEW	10/28	42.56580	-84.43060	42.56580	-84.41580
KTEX	09/27	37.95620	-107.92000	37.95130	-107.89700
KTFP	13/31	27.91830	-97.21650	27.90780	-97.20650
KTGC	01/19	35.92590	-88.85020	35.93900	-88.84770
KTGI	02/20	37.82090	-75.99880	37.82900	-75.99710
KTHA	06/24	35.37850	-86.25430	35.38580	-86.24010
KTHA	09/27	35.37420	-86.25450	35.37430	-86.24550
KTHA	18/36	35.38810	-86.24360	35.37430	-86.24350
KTHM	08/26	47.57480	-115.29300	47.57510	-115.27600
KTHV	17/35	39.92350	-76.87690	39.91050	-76.86920
KTIF	11/29	41.96450	-100.57500	41.95980	-100.56300
KTIK	13/31	35.42490	-97.40430	35.40680	-97.37900
KTIK	18/36	35.42900	-97.38210	35.39850	-97.38210
KTIP	09/27	40.29200	-88.14990	40.29210	-88.13200
KTIP	18/36	40.30180	-88.14390	40.28840	-88.14390
KTIW	17/35	47.27470	-122.57700	47.26110	-122.57900
KTIX	09/27	28.51510	-80.81070	28.51530	-80.79510
KTIX	18/36	28.52460	-80.79690	28.50450	-80.79660
KTKC	11/29	44.25080	-95.61130	44.24670	-95.60090
KTKC	17/35	44.25110	-95.60830	44.24590	-95.60830
KTKI	18/36	33.18760	-96.59010	33.16830	-96.59100
KTKO	09/27	39.80390	-98.22670	39.80310	-98.21830
KTKO	17/35	39.80780	-98.22170	39.79810	-98.22060
KTKV	09/27	45.46910	-89.81350	45.46910	-89.79790
KTKX	02/20	36.21720	-90.04060	36.23030	-90.03540
KTKX	18/36	36.23350	-90.03460	36.22520	-90.03430
KTLH	09/27	30.39130	-84.35650	30.39150	-84.33120
KTLH	18/36	30.41160	-84.35900	30.39490	-84.35880
KTLR	13/31	36.16060	-119.33000	36.15160	-119.32300
KTMA	10/28	31.43200	-83.49220	31.43120	-83.48000
KTMA	16/34	31.43370	-83.49470	31.42070	-83.48570
KTMB	09L/27R	25.65260	-80.44010	25.65330	-80.42490
KTMB	09R/27L	25.64300	-80.43810	25.64370	-80.42290
KTMB	13/31	25.65060	-80.44080	25.64390	-80.43110
KTME	18/36	29.81410	-95.89800	29.79590	-95.89770
KTMK	01/19	45.41510	-123.81600	45.42200	-123.81100
KTMK	13/31	45.42430	-123.81900	45.41180	-123.81100
KTNP	08/26	34.13430	-115.95300	34.13440	-115.93500
KTNP	17/35	34.13270	-115.94800	34.12230	-115.94800
KTNT	9/27	25.86180	-80.91300	25.86180	-80.88100
KTNU	14/32	41.68040	-93.02810	41.66840	-93.01530
KTNX	15/33	37.81400	-116.78900	37.78360	-116.77300
KTOA	11L/29R	33.80806	-118.34569	33.79952	-118.33280
KTOA	11R/29L	33.80528	-118.34413	33.80015	-118.33640
KTOB	04/22	44.01670	-92.83830	44.02110	-92.83220
KTOB	16/34	44.02320	-92.83240	44.01120	-92.82820
KTOC	03/21	34.58740	-83.29980	34.59770	-83.29510
KTOC	09/27	34.59520	-83.29850	34.59550	-83.28870
KTOI	07/25	31.85870	-86.02190	31.86360	-86.00680
KTOI	14/32	31.86520	-86.01490	31.85420	-86.00510
KTOL	07/25	41.58140	-83.83070	41.59270	-83.79500
KTOL	16/34	41.59350	-83.80230	41.57930	-83.79440
KTOP	04/22	39.06540	-95.62680	39.07080	-95.61880
KTOP	13/31	39.07480	-95.62700	39.06500	-95.61420
KTOP	18/36	39.07350	-95.62420	39.06160	-95.62470
KTOR	02/20	42.06230	-104.15200	42.06960	-104.14700
KTOR	10/28	42.06720	-104.16400	42.06040	-104.14500
KTPA	10/28	27.97080	-82.53610	27.97020	-82.51440
KTPA	19L/01R	27.98710	-82.52820	27.96430	-82.52900
KTPA	19R/01L	27.99350	-82.54130	27.96330	-82.54240
KTPF	04/22	27.91130	-82.45380	27.91880	-82.44740
KTPF	18/36	27.92000	-82.44810	27.91260	-82.44710
KTPH	11/29	38.06720	-117.09200	38.05860	-117.07600
KTPH	15/33	38.06750	-117.09300	38.04880	-117.08600
KTPL	03/21	31.14770	-97.40950	31.15930	-97.40250
KTPL	16/34	31.16000	-97.41220	31.14350	-97.40610
KTQE	15/33	41.76850	-96.18120	41.75860	-96.17470
KTQH	17/35	35.93440	-95.00430	35.92340	-95.00480
KTQK	08/26	38.47670	-100.88900	38.47670	-100.88200
KTQK	17/35	38.48120	-100.88500	38.46740	-100.88500
KTRI	05/23	36.46530	-82.41910	36.48150	-82.40070
KTRI	09/27	36.47830	-82.41050	36.47850	-82.39540
KTRK	02/20	39.31450	-120.14000	39.32560	-120.13200
KTRK	11/29	39.32480	-120.15300	39.31520	-120.13100
KTRL	18/36	32.71540	-96.26710	32.70160	-96.26710
KTRM	12/30	33.63017	-116.17099	33.62046	-116.15938
KTRM	17/35	33.63915	-116.15642	33.61579	-116.15643
KTRX	18/36	40.08940	-93.59070	40.07760	-93.59050
KTSO	07/25	40.55930	-81.08450	40.56440	-81.07050
KTSP	11/29	35.13810	-118.44500	35.13190	-118.43400
KTTA	03/21	35.57390	-79.10520	35.59080	-79.09750
KTTD	07/25	45.54920	-122.41200	45.54950	-122.39100
KTTF	03/21	41.93360	-83.43820	41.94620	-83.43120
KTTN	06/24	40.26980	-74.82160	40.28110	-74.80600
KTTN	16/34	40.28370	-74.81800	40.27280	-74.80830
KTTS	15/33	28.63280	-80.70610	28.59700	-80.68270
KTUL	08/26	36.19540	-95.89900	36.19560	-95.87400
KTUL	18L/36R	36.21390	-95.88130	36.18650	-95.88310
KTUL	18R/36L	36.20720	-95.89910	36.19050	-95.90020
KTUP	18/36	34.27700	-88.76990	34.25920	-88.76990
KTUS	04/22	32.11720	-110.95900	32.13080	-110.94300
KTUS	12/30	32.12340	-110.94790	32.10200	-110.92280
KTVB	03/21	37.12900	-92.08680	37.13590	-92.08120
KTVC	10/28	44.74120	-85.59040	44.74000	-85.56540
KTVC	18/36	44.75030	-85.58770	44.73550	-85.58770
KTVF	13/31	48.07100	-96.19340	48.05840	-96.17450
KTVI	04/22	30.89520	-83.88760	30.90680	-83.87630
KTVI	14/32	30.90730	-83.88610	30.89790	-83.87440
KTVK	16/34	40.69070	-92.90420	40.68020	-92.89870
KTVL	18/36	38.90530	-119.99200	38.88250	-119.99900
KTVR	18/36	32.35850	-91.02780	32.34470	-91.02760
KTVY	17/35	40.62090	-112.35100	40.60420	-112.35100
KTWF	08/26	42.48130	-114.50300	42.48070	-114.47100
KTWF	12/30	42.48720	-114.49400	42.48080	-114.48500
KTWM	06/24	47.04730	-91.75310	47.05290	-91.73750
KTWM	15/33	47.05070	-91.74810	47.04510	-91.74200
KTWT	18/36	37.54860	-87.95390	37.53490	-87.95480
KTXK	04/22	33.44630	-94.00140	33.45910	-93.98610
KTXK	13/31	33.46010	-93.99370	33.45000	-93.98160
KTYL	03/21	34.44540	-110.12300	34.46030	-110.10700
KTYQ	18/36	40.03820	-86.25152	40.01900	-86.25130
KTYR	04/22	32.34590	-95.41070	32.35990	-95.39420
KTYR	13/31	32.36120	-95.40540	32.35110	-95.39350
KTYR	18/36	32.36040	-95.40540	32.34710	-95.40550
KTYS	05L/23R	35.80430	-84.00550	35.82190	-83.98410
KTYS	05R/23L	35.80010	-84.00400	35.81760	-83.98260
KTZR	04/22	39.89480	-83.14210	39.90760	-83.13170
KTZT	18/36	41.88310	-92.28670	41.87190	-92.28440
KTZV	04/22	36.72450	-85.65620	36.73360	-85.64850
KU00	11/29	44.67610	-113.35700	44.67000	-113.34700
KU00	16/34	44.67670	-113.35400	44.66890	-113.35300
KU01	03/21	42.79310	-112.83200	42.80150	-112.81800
KU02	01/19	43.20380	-112.35300	43.21470	-112.34600
KU03	09/27	42.59330	-114.80400	42.58970	-114.79000
KU05	16/34	46.32440	-113.30500	46.31440	-113.30500
KU06	15/33	42.05020	-110.96800	42.04130	-110.96400
KU07	01/19	37.54110	-110.71500	37.55000	-110.71100
KU08	13/31	36.57360	-114.44700	36.56190	-114.43900
KU10	16/34	42.10960	-111.91300	42.10290	-111.91300
KU10	4/22	42.10420	-111.91700	42.11050	-111.90700
KU12	04/22	43.94250	-111.69100	43.94890	-111.67700
KU13	17/35	38.25620	-112.22500	38.24380	-112.22600
KU14	17/35	39.74590	-111.87200	39.73240	-111.87200
KU25	11/29	43.55220	-109.70300	43.54570	-109.68200
KU30	18/36	36.02530	-114.33400	36.01580	-114.33600
KU34	13/31	38.96750	-110.23300	38.95530	-110.22100
KU36	06/24	42.92030	-112.88800	42.92190	-112.87400
KU42	16/34	40.62750	-111.99400	40.61160	-111.99200
KU52	07/25	38.22630	-112.68300	38.22700	-112.67400
KU52	13/31	38.23760	-112.67900	38.22570	-112.67000
KU55	18/36	37.85280	-112.38900	37.83780	-112.39500
KU56	01/19	43.64000	-111.93100	43.64860	-111.92600
KU58	17/35	42.43110	-112.10900	42.42140	-112.11000
KU62	12/30	43.90920	-113.60800	43.90060	-113.59600
KU63	05/23	44.41280	-115.32600	44.41830	-115.30800
KU68	09/27	44.91400	-108.45300	44.91010	-108.43400
KU68	16/34	44.91310	-108.45100	44.90800	-108.45000
KU69	08/26	40.19170	-110.38600	40.19170	-110.37000
KU69	17/35	40.19860	-110.38100	40.18280	-110.38100
KU70	12/30	44.49810	-116.02200	44.48970	-116.01100
KU76	10/28	43.13430	-115.73800	43.12820	-115.72100
KU78	16/34	42.64470	-111.58100	42.63530	-111.57900
KU79	07/25	45.37940	-115.20500	45.37890	-115.18900
KU79	15/33	45.38610	-115.20000	45.37890	-115.19700
KU81	16/34	45.29780	-114.94900	45.28530	-114.94900
KU82	17/35	44.75470	-116.44600	44.74500	-116.44800
KU89	08/26	42.94610	-115.33600	42.94530	-115.32400
KU96	01/19	37.43470	-110.57300	37.44920	-110.56600
KUAO	17/35	45.25390	-122.76900	45.24030	-122.77100
KUBE	09/27	45.50600	-91.98900	45.50590	-91.97320
KUBE	18/36	45.50910	-91.97930	45.50360	-91.98020
KUBS	18/36	33.47150	-88.38100	33.45910	-88.38080
KUBX	18/36	38.07340	-91.42830	38.06410	-91.42940
KUCP	05/23	41.02250	-80.41810	41.03090	-80.40890
KUCP	13/31	41.02530	-80.41790	41.02150	-80.40890
KUCY	01/19	36.37500	-88.98640	36.38860	-88.98450
KUDD	10/28	33.75146	-116.28231	33.74544	-116.26742
KUDG	05/23	34.44420	-79.89270	34.45300	-79.88010
KUES	10/28	43.04390	-88.24970	43.04060	-88.22830
KUES	18/36	43.04390	-88.23320	43.03410	-88.23450
KUGN	05/23	42.41590	-87.87560	42.42680	-87.85900
KUGN	14/32	42.42770	-87.87300	42.41930	-87.86490
KUIL	04/22	47.93360	-124.57000	47.93960	-124.55500
KUIN	04/22	39.93610	-91.19960	39.95100	-91.18320
KUIN	13/31	39.94580	-91.20050	39.93580	-91.18770
KUIN	18/36	39.95080	-91.19930	39.93600	-91.19910
KUKF	01/19	36.21510	-81.09840	36.23210	-81.09890
KUKI	15/33	39.13190	-123.20200	39.12000	-123.19900
KUKL	18/36	38.31000	-95.72500	38.29490	-95.72490
KUKT	11/29	40.43590	-75.38760	40.43450	-75.37620
KULM	04/22	44.31750	-94.50580	44.32250	-94.49750
KULM	15/33	44.32460	-94.50680	44.31410	-94.49860
KULS	12/30	37.60290	-101.37900	37.59480	-101.36700
KULS	17/35	37.61620	-101.37400	37.59970	-101.37400
KUMP	15/33	39.93960	-86.04880	39.93080	-86.04110
KUNI	07/25	39.20810	-82.23790	39.21570	-82.22060
KUNO	18/36	36.88540	-91.90250	36.87140	-91.90280
KUNU	02/20	43.42160	-88.70190	43.43220	-88.69740
KUNU	08/26	43.42510	-88.71550	43.42760	-88.69670
KUNV	06/24	40.84440	-77.85710	40.85550	-77.83790
KUOS	07/25	35.20270	-85.90430	35.20710	-85.89320
KUOX	09/27	34.38440	-89.54610	34.38420	-89.52750
KUSE	09/27	41.61030	-84.13260	41.61040	-84.11840
KUSE	18/36	41.61270	-84.13020	41.60690	-84.13020
KUTA	17/35	34.69240	-90.34980	34.67370	-90.34460
KUTS	18/36	30.75370	-95.58630	30.74000	-95.58800
KUUU	04/22	41.52760	-71.28310	41.53510	-71.27860
KUUU	16/34	41.53660	-71.28520	41.53080	-71.27950
KUUV	06/24	38.23040	-91.17110	38.23660	-91.15750
KUVA	15/33	29.21790	-99.74710	29.20480	-99.74010
KUWL	09/27	39.87600	-85.33360	39.87570	-85.31940
KUXL	15/33	30.13740	-93.38010	30.12550	-93.37230
KUYF	09/27	39.93240	-83.46910	39.93300	-83.45490
KUZA	02/20	34.98040	-81.05900	34.99520	-81.05540
KVAD	19L/01R	30.98180	-83.19080	30.95630	-83.19110
KVAD	19R/01L	30.97930	-83.19520	30.95730	-83.19540
KVAY	08/26	39.94100	-74.85230	39.94470	-74.83920
KVBG	12/30	34.75230	-120.60100	34.72240	-120.56700
KVBT	18/36	36.35130	-94.21930	36.34010	-94.21940
KVCB	02/20	38.37240	-121.96600	38.38310	-121.95700
KVCT	13/31	28.86380	-96.93410	28.84690	-96.91310
KVCT	18/36	28.85890	-96.90980	28.84550	-96.90970
KVCV	03/21	34.58270	-117.38800	34.60060	-117.36600
KVCV	17/35	34.62170	-117.38700	34.58030	-117.38600
KVDF	05/23	28.01210	-82.34770	28.02230	-82.33720
KVDF	18/36	28.01350	-82.34960	28.00460	-82.34960
KVDI	07/25	32.18760	-82.37930	32.19520	-82.36200
KVDI	14/32	32.19890	-82.37780	32.18980	-82.36580
KVEL	17/35	40.44690	-109.51100	40.42980	-109.51000
KVER	18/36	38.95220	-92.68210	38.94130	-92.68320
KVES	09/27	40.20430	-84.54000	40.20460	-84.52380
KVGC	17/35	42.85020	-75.56480	42.83740	-75.55800
KVGT	07/25	36.21330	-115.20300	36.21360	-115.18600
KVGT	12L/30R	36.21240	-115.19600	36.20440	-115.18600
KVGT	12R/30L	36.21470	-115.20300	36.20510	-115.19100
KVHN	03/21	31.05420	-104.79100	31.06590	-104.77800
KVHN	07/25	31.05460	-104.79100	31.05600	-104.77400
KVIH	04/22	38.12480	-91.77670	38.13520	-91.76280
KVIH	13/31	38.13030	-91.77590	38.11940	-91.76270
KVIQ	09/27	44.55860	-90.51870	44.55770	-90.50580
KVIS	12/30	36.32500	-119.40100	36.31230	-119.38500
KVJI	06/24	36.68370	-82.03960	36.69050	-82.02700
KVKS	01/19	32.23230	-90.92930	32.24600	-90.92710
KVLA	09/27	38.99020	-89.17010	38.99030	-89.15960
KVLA	18/36	38.99760	-89.16730	38.98730	-89.16720
KVLD	04/22	30.77790	-83.28520	30.79040	-83.27470
KVLD	18/36	30.79050	-83.27520	30.77340	-83.27200
KVLL	09/27	42.54290	-83.18450	42.54300	-83.17130
KVMR	12/30	42.76860	-96.94040	42.76200	-96.92810
KVNC	04/22	27.06710	-82.44460	27.07680	-82.43370
KVNC	13/31	27.07620	-82.44690	27.06640	-82.43610
KVNW	09/27	40.86470	-84.61670	40.86480	-84.60220
KVNW	18/36	40.86630	-84.60160	40.85920	-84.60180
KVNY	16L/34R	34.21899	-118.49002	34.20801	-118.48898
KVNY	16R/34L	34.21892	-118.49126	34.19700	-118.48919
KVOK	09/27	43.93900	-90.27020	43.93940	-90.23610
KVPC	01/19	34.11520	-84.84930	34.13100	-84.84810
KVPS	02/20	30.47280	-86.51790	30.49980	-86.51120
KVPS	12/30	30.48880	-86.55220	30.47250	-86.51910
KVPZ	09/27	41.45240	-87.01620	41.45250	-86.99070
KVPZ	18/36	41.46220	-87.00600	41.45120	-87.00690
KVQQ	09L/27R	30.21760	-81.89170	30.21770	-81.86630
KVQQ	09R/27L	30.21570	-81.89170	30.21580	-81.86630
KVQQ	18L/36R	30.23500	-81.87410	30.20060	-81.87380
KVQQ	18R/36L	30.23500	-81.87630	30.21300	-81.87610
KVRB	04/22	27.64970	-80.42670	27.66070	-80.41760
KVRB	12L/30R	27.66040	-80.41690	27.65690	-80.40680
KVRB	12R/30L	27.65790	-80.42860	27.65080	-80.40750
KVSF	05/23	43.33890	-72.52130	43.35130	-72.50950
KVSF	11/29	43.34170	-72.52630	43.34050	-72.51520
KVTA	09/27	40.02430	-82.47010	40.02500	-82.45350
KVTI	09/27	42.21950	-92.03540	42.21900	-92.02060
KVTI	16/34	42.22290	-92.02610	42.21650	-92.02310
KVTN	03/21	42.85690	-100.55100	42.86310	-100.54500
KVTN	14/32	42.86180	-100.55200	42.85120	-100.54200
KVUJ	04L/22R	35.41490	-80.15440	35.42250	-80.14730
KVUJ	04R/22L	35.40960	-80.15690	35.42100	-80.14480
KVUO	08/26	45.62110	-122.66300	45.61980	-122.65000
KVVS	05/23	39.95750	-79.66150	39.96470	-79.65340
KVVS	14/32	39.95850	-79.66000	39.95420	-79.65350
KVVV	04/22	45.29970	-96.42810	45.30370	-96.42200
KVVV	16/34	45.31030	-96.42570	45.30110	-96.42310
KVWU	02/20	48.14640	-94.51970	48.15550	-94.51300
KVYS	18/36	41.36010	-89.15320	41.34360	-89.15300
KW01	15/33	48.72890	-119.46800	48.72090	-119.46400
KW03	03/21	35.76390	-77.97120	35.77460	-77.96350
KW03	09/27	35.77350	-77.97680	35.77340	-77.96170
KW03	15/33	35.77390	-77.97650	35.76320	-77.96900
KW05	06/24	39.83890	-77.27890	39.84280	-77.26940
KW22	11/29	39.00140	-80.28230	38.99980	-80.26760
KW28	09L/27R	48.10000	-123.19400	48.09670	-123.18000
KW28	09R/27L	48.09930	-123.19400	48.09700	-123.18000
KW31	02/20	36.95610	-78.18670	36.96390	-78.18330
KW35	11/29	39.69380	-78.17480	39.69150	-78.15740
KW38	02/20	36.78780	-84.20240	36.80220	-84.19660
KW40	05/23	35.21840	-78.04180	35.22610	-78.03380
KW41	06/24	38.01350	-75.83280	38.02010	-75.82510
KW41	14/32	38.02090	-75.82950	38.01640	-75.82310
KW43	13/31	44.66880	-104.57400	44.65690	-104.56100
KW45	04/22	38.66350	-78.50370	38.67060	-78.49750
KW63	04/22	36.59030	-78.56370	36.60120	-78.55660
KW78	01/19	36.70450	-78.84760	36.71550	-78.84840
KW78	05/23	36.70600	-78.85220	36.71070	-78.84530
KW81	15/33	37.18440	-78.10170	37.17720	-78.09500
KW90	17/35	37.27580	-79.33750	37.26780	-79.33420
KW91	05/23	37.10480	-79.59620	37.11070	-79.58880
KW94	05/23	37.30750	-76.64370	37.31810	-76.63270
KW95	06/24	35.09850	-75.96980	35.10380	-75.96210
KW96	10/28	37.50430	-77.13160	37.50260	-77.11940
KW99	13/31	38.99860	-79.15330	38.99130	-79.13840
KWAL	04/22	37.92710	-75.47090	37.94740	-75.45480
KWAL	10/28	37.94290	-75.48510	37.94280	-75.45730
KWAL	17/35	37.94720	-75.46790	37.93500	-75.46160
KWAY	09/27	39.90020	-80.13680	39.90210	-80.12460
KWBW	07/25	41.29440	-75.85610	41.29990	-75.84630
KWBW	09/27	41.29690	-75.85780	41.29810	-75.84940
KWDG	13/31	36.38160	-97.78870	36.37530	-97.78110
KWDG	17/35	36.38720	-97.79110	36.36970	-97.79110
KWDR	05/23	33.97780	-83.67310	33.98470	-83.66460
KWDR	13/31	33.98870	-83.67360	33.97920	-83.65940
KWHP	12/30	34.26350	-118.41800	34.25500	-118.40900
KWJF	06/24	34.73800	-118.23000	34.74410	-118.20700
KWLD	13/31	37.17000	-97.04350	37.16340	-97.03660
KWLD	17/35	37.17730	-97.03610	37.16220	-97.03610
KWLW	13/31	39.52120	-122.22000	39.51170	-122.21100
KWLW	16/34	39.52270	-122.22000	39.51030	-122.21900
KWMC	02/20	40.89100	-117.80600	40.90110	-117.79500
KWMC	14/32	40.90600	-117.81400	40.88800	-117.80500
KWRB	15/33	32.65350	-83.60340	32.62680	-83.58050
KWRI	06/24	40.00450	-74.59730	40.02370	-74.57170
KWRI	18/36	40.02760	-74.60280	40.00820	-74.59960
KWRL	04/22	43.96090	-107.95000	43.96430	-107.94300
KWRL	10/28	43.96760	-107.95200	43.96440	-107.94400
KWRL	16/34	43.97620	-107.95400	43.95700	-107.95200
KWST	07/25	41.34560	-71.81060	41.35220	-71.79890
KWST	14/32	41.35400	-71.80750	41.34700	-71.79650
KWVI	02/20	36.92900	-121.79600	36.93950	-121.78800
KWVI	09/27	36.93830	-121.79400	36.93650	-121.78100
KWVL	05/23	44.52650	-69.68060	44.53980	-69.67050
KWVL	14/32	44.53530	-69.67890	44.53170	-69.67170
KWWD	01/19	39.00300	-74.90560	39.01670	-74.90570
KWWD	10/28	39.00710	-74.92030	39.00720	-74.90270
KWWR	17/35	36.44430	-99.52090	36.42910	-99.52110
KWWR	6/24	36.43810	-99.52870	36.44250	-99.52220
KWYS	01/19	44.67806	-111.12479	44.69871	-111.11051
KX04	15/33	28.71050	81.58407	28.70289	81.57875
KX05	18/36	28.33530	-82.49640	28.32530	-82.49640
KX06	06/24	27.19250	-81.84170	27.19870	-81.82820
KX06	14/32	27.19710	-81.84250	27.19260	-81.83710
KX07	06/24	27.89040	-81.62550	27.89600	-81.61480
KX07	17/35	27.89970	-81.62200	27.88900	-81.61930
KX10	09/27	26.70080	-80.66810	26.70080	-80.65670
KX13	05/23	29.84280	-84.70920	29.84920	-84.69890
KX14	14/32	26.74580	-81.43380	26.73530	-81.42280
KX21	04U/22U	28.62030	-80.83710	28.62450	-80.83410
KX21	15/33	28.62580	-80.83780	28.61830	-80.83390
KX26	05/23	27.80870	-80.50030	27.81650	-80.49150
KX26	10/28	27.81410	-80.50010	27.81400	-80.49020
KX35	05/23	29.05930	-82.38190	29.06880	-82.37090
KX35	09/27	29.05940	-82.38410	29.05940	-82.36940
KX39	14/32	28.22500	-82.37970	28.21720	-82.37250
KX43	02/20	36.02420	-101.83500	36.03330	-101.82900
KX43	17/35	36.03360	-101.82900	36.02440	-101.82900
KX49	14/32	27.93670	-82.04700	27.93000	-82.04090
KX50	18/36	28.98420	-80.92510	28.97360	-80.92510
KX51	09G/27G	25.50490	-80.54900	25.50490	-80.54600
KX51	10/28	25.50270	-80.55510	25.50280	-80.54600
KX51	18/36	25.50210	-80.55710	25.49110	-80.55700
KX58	13/31	27.04250	-80.44690	27.03030	-80.43330
KX59	09/27	27.96220	-80.57110	27.96190	-80.55890
KX59	14/32	27.96860	-80.56640	27.96030	-80.55810
KX60	05/23	29.35260	-82.47650	29.36500	-82.46240
KX60	14/32	29.35520	-82.48010	29.34610	-82.47090
KXBP	18/36	33.18080	-97.82830	33.16980	-97.82850
KXFL	06/24	29.46070	-81.21220	29.46870	-81.19940
KXFL	11/29	29.47190	-81.21440	29.46820	-81.19930
KXFL	18W/36W	29.46420	-81.21720	29.45600	-81.21600
KXLL	07/25	40.56670	-75.49610	40.57220	-75.48390
KXLL	15/33	40.57440	-75.49360	40.56830	-75.48560
KXMR	13/31	28.47600	-80.57890	28.45920	-80.55430
KXNA	16L/34R	36.29320	-94.31200	36.27050	-94.30160
KXNO	05/23	33.60740	-81.07730	33.61430	-81.06930
KXNO	06/24	33.60090	-81.09710	33.61720	-81.07070
KXSA	10/28	37.85920	-76.90150	37.86010	-76.88670
KXVG	13/31	46.99350	-94.20980	46.98690	-94.19820
KXWA	14/32	48.26956	-103.75936	48.25217	-103.74293
KY03	01/19	42.86610	-97.89890	42.87080	-97.89610
KY03	15/33	42.88440	-97.90370	42.87560	-97.89860
KY14	16/34	43.46220	-96.80390	43.45280	-96.80000
KY19	04/22	46.76500	-100.89900	46.76940	-100.89000
KY19	13/31	46.77370	-100.89900	46.76380	-100.88900
KY23	07/25	45.30800	-91.64070	45.30880	-91.63660
KY23	17/35	45.31020	-91.63600	45.30090	-91.63480
KY27	14/32	46.07200	-100.63600	46.06280	-100.63000
KY31	09/27	44.24470	-84.18930	44.24490	-84.17030
KY37	03/21	48.39200	-97.78390	48.39700	-97.77690
KY37	12/30	48.39650	-97.78560	48.39060	-97.77650
KY43	05/23	41.43810	-94.77390	41.44250	-94.76560
KY47	08/26	42.50180	-83.62920	42.50450	-83.61820
KY50	08/26	44.04500	-89.31190	44.04580	-89.30330
KY50	13/31	44.04460	-89.30920	44.03860	-89.29980
KY51	02/20	43.57510	-90.89310	43.58160	-90.88960
KY51	11/29	43.58200	-90.90610	43.57820	-90.89460
KY55	01/19	45.51810	-88.92570	45.52550	-88.92460
KY55	11/29	45.52520	-88.93570	45.52190	-88.92460
KY65	10/28	45.40890	-84.60580	45.40780	-84.59420
KY70	09/27	42.93790	-85.07110	42.93780	-85.05500
KY70	18/36	42.94400	-85.05810	42.93230	-85.05780
KY72	07/25	43.97380	-90.48820	43.97800	-90.47460
KY74	12/30	47.93890	-102.14800	47.93130	-102.13400
KY74	17/35	47.94080	-102.14400	47.93710	-102.14400
KY83	09/27	43.45700	-82.84610	43.45710	-82.83440
KY89	10/28	44.72620	-85.20970	44.72420	-85.19650
KY93	05/23	44.99690	-84.13750	45.00250	-84.12910
KY93	13/31	45.00300	-84.13830	44.99730	-84.12880
KY94	09/27	45.13050	-85.11810	45.13020	-85.10550
KY95	04/22	45.07950	-83.93940	45.08730	-83.93220
KY95	18/36	45.08720	-83.94090	45.07950	-83.93960
KYIP	05/23	42.23060	-83.53990	42.24480	-83.51960
KYIP	09/27	42.24400	-83.54330	42.24450	-83.51640
KYKM	04/22	46.56390	-120.54800	46.56920	-120.53500
KYKM	09/27	46.57260	-120.56000	46.56540	-120.53100
KYKN	01/19	42.91010	-97.38630	42.91880	-97.38170
KYKN	13/31	42.92430	-97.39440	42.91150	-97.37970
KYNG	05/23	41.24970	-80.68250	41.25940	-80.66960
KYNG	14/32	41.27290	-80.69240	41.25540	-80.66920
KZ01	18/36	30.64060	-86.74280	30.62670	-86.74280
KZ10	16/34	47.02640	-122.44600	47.01690	-122.44600
KZ98	02/20	42.81230	-85.93050	42.82210	-85.92560
KZEF	07/25	36.27780	-80.79230	36.28220	-80.77980
KZER	04/22	40.70560	-76.37050	40.71100	-76.36630
KZER	11/29	40.70640	-76.38370	40.70470	-76.36730
KZPH	19/1	28.23420	-82.15330	28.22020	-82.15340
KZPH	5/23	28.22420	-82.16380	28.23430	-82.15320
KZZV	04/22	39.93900	-81.89590	39.95050	-81.88590
KZZV	16/34	39.95020	-81.89740	39.93810	-81.88920
L18	18/36	33.35755	-117.24943	33.35181	-117.25116
L25	01/19	36.08940	-114.04800	36.09700	-114.04500
L36	17/35	38.67860	-121.44500	38.67140	-121.44600
L37	05/23	35.52410	-113.25500	35.52990	-113.24000
L44	18/36	32.97260	-87.64170	32.96600	-87.64180
L52	11/29	35.10330	-120.62600	35.09970	-120.61900
L61	15/33	35.97180	-116.27000	35.96540	-116.26800
L78	07/25	32.61550	-116.16900	32.61620	-116.16100
L90	09/27	33.14670	-116.13400	33.14500	-116.12600
L90	13/31	33.15370	-116.13600	33.14410	-116.12800
LA30	09/27	30.24820	-92.24250	30.24820	-92.24090
LA30	18/36	30.24890	-92.24160	30.24750	-92.24170
LA32	09/27	30.08350	-92.68830	30.08350	-92.67880
LA42	18/36	30.35280	-90.92280	30.34440	-90.92170
LAKU	01/19	42.02711	20.41315	42.04380	20.41833
LAKV	14/32	40.78140	19.89060	40.76240	19.91310
LATI	17/35	41.42700	19.71890	41.40250	19.72220
LB11	11/29	42.18850	24.53250	42.18690	24.53740
LB13	11/29	42.44870	22.96960	42.43980	22.99740
LB18	16/34	42.35810	26.56930	42.33690	26.57960
LB29	05/23	43.40420	25.47180	43.40660	25.47610
LB30	11/29	42.28610	24.86560	42.28450	24.87140
LB31	12/30	43.37090	25.14550	43.36790	25.15270
LB33	11/29	43.72720	27.68310	43.72590	27.68890
LB35	17/35	43.62990	27.69410	43.62590	27.69410
LB36	12/30	43.47670	28.10060	43.47440	28.10480
LB42	09/27	43.32810	24.98810	43.32650	25.01880
LBBG	04/22	42.55980	27.50160	42.58040	27.52890
LBGO	09/27	43.15300	25.69800	43.14990	25.72790
LBPD	12/30	42.07460	24.83880	42.06100	24.86290
LBPG	08/26	42.28810	24.69610	42.29250	24.73190
LBPL	10L/28R	43.45280	24.48960	43.44860	24.51580
LBPL	10R/28L	43.45360	24.48970	43.44930	24.51600
LBRS	05/23	43.68840	26.04400	43.70120	26.06950
LBRS	05L/23R	43.69270	26.05100	43.70180	26.06900
LBSF	09/27	42.69750	23.39950	42.69516	23.43966
LBSL	09/27	42.64630	26.34420	42.64620	26.37450
LBSZ	17/35	42.38770	25.65260	42.36560	25.65780
LBVD	09/27	44.02240	22.80300	44.02240	22.82920
LBWB	16/34	43.43410	28.17570	43.41340	28.18690
LBWN	09/27	43.23340	27.80980	43.23060	27.84060
LCEN	11L/29R	35.15972	33.48750	35.15055	33.51556
LCLK	04/22	34.86418	33.61225	34.88320	33.63550
LCP	9/27	-38.08100	-70.65300	-38.08320	-70.63490
LCPH	11/29	34.72230	32.47190	34.71380	32.49960
LCRA	10/28	34.59420	32.97350	34.58670	33.00200
LDDU	11/29	42.56957	18.24753	42.55582	18.28219
LDLO	02/20	44.56345	14.39183	44.57088	14.39594
LDOC	10/28	45.54390	18.62470	45.54150	18.63950
LDOC	10R/28L	45.54320	18.62600	45.54100	18.63980
LDOS	11/29	45.46630	18.79640	45.45840	18.82630
LDPL	09/27	44.89310	13.90360	44.89390	13.94070
LDRG	07/25	45.37760	14.49380	45.38140	14.51370
LDRG	09/27	45.37660	14.49650	45.37640	14.52030
LDRI	14/32	45.22570	14.56140	45.20760	14.58020
LDSB	03/21	43.28090	16.67500	43.29060	16.68440
LDSH	10/28	43.18230	16.62900	43.18880	16.63780
LDSP	05/23	43.53210	16.28560	43.54600	16.31060
LDVA	16/34	46.30190	16.37750	46.28750	16.38500
LDZA	04/22	45.73188	16.05197	45.75191	16.08243
LDZD	04/22	44.07940	15.34120	44.09280	15.35770
LDZD	13/31	44.11640	15.33570	44.10040	15.35740
LE83	17/35	41.47030	-4.71381	41.46140	-4.71221
LE84	09/27	36.93020	-3.84168	36.93110	-3.82908
LEAB	09/27	38.94800	-1.87906	38.94910	-1.84794
LEAL	10/28	38.28450	-0.57500	38.27980	-0.54132
LEAM	07/25	36.83970	-2.38726	36.84810	-2.35294
LEAS	11/29	43.56660	-6.04759	43.56050	-6.02165
LEAX	12/30	36.80219	-4.13725	36.79918	-4.13115
LEBA	03/21	37.83443	-4.85416	37.85210	-4.84183
LEBB	10/28	43.30330	-2.93703	43.30130	-2.91254
LEBB	12/30	43.30630	-2.92494	43.29580	-2.89630
LEBE	09/27	38.27533	-2.95800	38.27580	-2.94145
LEBE	15/33	38.27790	-2.94839	38.27220	-2.94380
LEBG	04/22	42.35050	-3.62235	42.36425	-3.60499
LEBL	02/20	41.28774	2.08483	41.30929	2.09467
LEBL	06L/24R	41.29324	2.06725	41.30573	2.10375
LEBL	06R/24L	41.28231	2.07434	41.29222	2.10328
LEBZ	13/31	38.89880	-6.83462	38.88380	-6.80789
LECD	07/25	42.38450	1.86016	42.38830	1.87318
LECH	06/24	40.20750	0.06024	40.22070	0.08691
LECO	03/21	43.29170	-8.38576	43.30859	-8.37190
LECT	14/32	39.01790	-4.36300	39.00930	-4.38120
LECU	09/27	40.37110	-3.79393	40.37020	-3.77635
LECU	09L/27R	40.37230	-3.79071	40.37160	-3.77759
LEDA	13/31	41.73566	0.52448	41.72077	0.54554
LEFM	16/34	40.89200	-4.24178	40.88410	-4.23613
LEGA	18/36	37.13910	-3.63542	37.12740	-3.63597
LEGE	01/19	41.89490	2.75826	41.91570	2.76612
LEGR	09/27	37.18860	-3.79369	37.18890	-3.76103
LEGT	04/22	40.28620	-3.73407	40.30190	-3.71339
LEGT	05R/23L	40.28920	-3.72515	40.29520	-3.71732
LEHC	12L/30R	42.08243	-0.32660	42.07943	-0.32036
LEHC	12R/30L	42.08092	-0.32730	42.07068	-0.30598
LEIB	06/24	38.86690	1.35887	38.87870	1.38738
LEIZ	10/28	38.51370	-3.37305	38.51250	-3.35560
LEJR	02/20	36.73500	-6.06481	36.75430	-6.05541
LELA	07/25	38.74600	-3.52270	38.74970	-3.50643
LELC	05L/23R	37.78050	-0.81684	37.78600	-0.80969
LELC	05R/23L	37.76770	-0.82156	37.78220	-0.80283
LELL	13/31	41.52335	2.10073	41.51764	2.11075
LELN	05/23	42.58200	-5.66528	42.60091	-5.63932
LELO	11/29	42.46373	-2.33250	42.45702	-2.30733
LEMD	14L/32R	40.49490	-3.55787	40.47000	-3.53258
LEMD	14R/32L	40.48490	-3.57601	40.45570	-3.54638
LEMD	18L/36R	40.53260	-3.55938	40.50110	-3.55921
LEMD	18R/36L	40.53180	-3.57485	40.49260	-3.57463
LEMG	12/30	36.69100	-4.50780	36.67960	-4.48053
LEMG	13/31	36.68450	-4.51259	36.66540	-4.48582
LEMH	01/19	39.85126	4.21632	39.87217	4.22062
LEMI	05/23	37.79350	-1.13710	37.81280	-1.11229
LEMO	02/20	37.15960	-5.62289	37.19010	-5.60915
LEMR	10/28	43.42920	-5.83667	43.42920	-5.82444
LEOC	11/29	39.93800	-3.50791	39.93460	-3.49384
LEOC	17/35	39.94100	-3.50505	39.93310	-3.50276
LEPA	06L/24R	39.54710	2.71073	39.56250	2.74319
LEPA	06R/24L	39.54130	2.73174	39.55530	2.76153
LEPP	15/33	42.77950	-1.65325	42.76200	-1.64050
LEPZ	14/32	38.91560	-4.19512	38.90880	-4.18713
LERI	07/25	37.94930	-1.23519	37.95290	-1.22544
LERM	01/19	40.85780	-3.24777	40.86670	-3.24626
LERO	04/22	43.11260	-7.47457	43.12130	-7.46599
LERS	07/25	41.14410	1.15586	41.15200	1.18315
LERT	10/28	36.64720	-6.36996	36.64320	-6.32900
LESA	03/21	40.94202	-5.50904	40.96202	-5.49506
LESA	08/26	40.94997	-5.51199	40.95457	-5.49069
LESB	05/23	39.59650	2.69887	39.60230	2.70779
LESL	02/20	39.85410	4.24829	39.86870	4.25501
LESO	04/22	43.35040	-1.79740	43.36270	-1.78382
LEST	17/35	42.91180	-8.42043	42.88380	-8.41095
LESU	03/21	42.33616	1.40668	42.34594	1.41460
LETI	05/23	40.24280	-4.79294	40.24890	-4.78437
LETI	05L/23R	40.24620	-4.79102	40.25030	-4.78639
LETL	18/36	40.42473	-1.21830	40.39932	-1.21690
LETO	04/22	40.48480	-3.46070	40.50870	-3.43104
LEVC	12/30	39.49636	-0.50011	39.48362	-0.46666
LEVD	05/23	41.69703	-4.86479	41.71602	-4.83904
LEVD	15/33	41.71330	-4.86181	41.70670	-4.85542
LEVT	04/22	42.87010	-2.73703	42.89560	-2.71189
LEVX	01/19	42.22130	-8.62966	42.24250	-8.62389
LEXJ	11/29	43.43080	-3.83392	43.42360	-3.80702
LEZG	12L/30R	41.66910	-1.03983	41.65540	-1.00832
LEZG	12R/30L	41.68020	-1.08237	41.66350	-1.04371
LEZL	09/27	37.41790	-5.91208	37.41800	-5.87410
LF50	07/25	47.57840	-0.41803	47.58210	-0.40651
LF51	17/35	44.18880	4.91486	44.17170	4.92308
LFAC	06/24	50.95880	1.94521	50.96540	1.96431
LFAG	09/27	49.86870	3.01990	49.86840	3.03926
LFAI	05/23	48.59390	3.00192	48.59900	3.01228
LFAO	12/30	48.54820	-0.39366	48.54340	-0.38122
LFAQ	08/26	49.96933	2.67867	49.97100	2.70933
LFAQ	08R/26L	49.96744	2.67894	49.96818	2.69283
LFAT	13/31	50.52400	1.61247	50.51250	1.63139
LFAV	06/24	50.32764	3.45559	50.33032	3.46328
LFAV	11/29	50.32854	3.45005	50.32307	3.47250
LFAV	11L/29R	50.32771	3.45759	50.32574	3.46571
LFAY	12/30	49.87550	2.37923	49.87050	2.39492
LFBA	11/29	44.17770	0.58043	44.17030	0.60549
LFBC	06/24	44.52800	-1.13801	44.54000	-1.11273
LFBD	05/23	44.81910	-0.72898	44.83870	-0.70100
LFBD	11/29	44.83160	-0.72924	44.82540	-0.69990
LFBE	09/27	44.82530	0.50495	44.82380	0.53260
LFBF	12/30	43.54910	1.35720	43.54230	1.37741
LFBG	05/23	45.64841	-0.32438	45.66252	-0.30069
LFBG	08/26	45.66186	-0.32416	45.66366	-0.30101
LFBH	09/27	46.17970	-1.21101	46.17880	-1.18181
LFBI	03/21	46.57960	0.30012	46.59790	0.31576
LFBK	17/35	46.23100	2.36125	46.21430	2.36667
LFBL	03/21	45.85250	1.17254	45.87130	1.19020
LFBM	09/27	43.91070	-0.53178	43.91230	-0.48696
LFBN	07/25	46.30830	-0.41210	46.31450	-0.39073
LFBO	14L/32R	43.63740	1.35762	43.61560	1.38022
LFBO	14R/32L	43.64410	1.34593	43.61900	1.37210
LFBP	13/31	43.38770	-0.43326	43.37450	-0.40824
LFBR	12/30	43.45140	1.25762	43.44690	1.26976
LFBT	02/20	43.16600	-0.01275	43.19130	0.00007
LFBU	10/28	45.73050	0.20713	45.72850	0.23021
LFBX	11/29	45.20040	0.80577	45.19410	0.82619
LFBZ	09/27	43.46820	-1.53723	43.46850	-1.50942
LFCC	13/31	44.35560	1.46750	44.34720	1.48194
LFCG	15/33	43.01220	1.10007	43.00330	1.10623
LFCH	07L/25R	44.59530	-1.11806	44.59940	-1.10111
LFCH	07R/25L	44.59450	-1.11857	44.59640	-1.10952
LFCI	09/27	43.91310	2.10094	43.91330	2.12038
LFCK	14/32	43.56270	2.28210	43.54980	2.29626
LFCL	15/33	43.59114	1.49645	43.58338	1.50136
LFCM	14/32	43.99540	3.17653	43.98330	3.18946
LFCQ	09/27	43.77030	2.00580	43.76920	2.01770
LFCR	13/31	44.41370	2.47266	44.40210	2.49264
LFCU	10/28	45.53690	2.41628	45.53490	2.43325
LFCW	10/28	44.39900	0.75389	44.39710	0.76666
LFCY	10/28	45.63180	-0.98010	45.62960	-0.96433
LFCZ	08/26	44.14550	-1.18088	44.14670	-1.16800
LFDA	12/30	43.71190	-0.25222	43.70830	-0.24083
LFDB	13/31	44.02880	1.37370	44.02260	1.38242
LFDH	36/18	43.67700	0.59920	43.69040	0.60036
LFDI	04/22	44.97860	-0.13878	44.98660	-0.13072
LFDJ	09/27	43.09080	1.68997	43.09040	1.70592
LFDL	08/26	47.03555	0.09574	47.03644	0.10603
LFDM	11/29	44.50060	0.19333	44.49730	0.20770
LFDN	12/30	45.89620	-0.99726	45.88510	-0.97252
LFEA	06/24	47.32383	-3.20502	47.32677	-3.19741
LFEC	05/23	48.46100	-5.06764	48.46470	-5.06083
LFED	10/28	48.05890	-2.92933	48.05820	-2.91429
LFEH	06/24	47.47850	2.38890	47.48310	2.40056
LFES	02/20	48.04630	-3.66865	48.05880	-3.66091
LFEY	04/22	46.71522	-2.39493	46.71950	-2.39064
LFEY	14/32	46.72132	-2.39681	46.71269	-2.38690
LFFG	04/22	48.75423	3.27392	48.76010	3.28256
LFFI	07/25	47.40660	-1.18517	47.40980	-1.16996
LFFN	10/28	48.43150	4.46488	48.42810	4.49758
LFFQ	10/28	48.49953	2.32996	48.49779	2.34370
LFGA	01/19	48.10260	7.35689	48.11670	7.36102
LFGB	02/20	47.73720	7.42969	47.74550	7.43473
LFGB	02R/20L	47.73644	7.43034	47.74571	7.43590
LFGC	17/35	48.55741	7.77707	48.55005	7.77783
LFGF	03/21	47.00170	4.89031	47.01030	4.89643
LFGI	02/20	47.38221	4.94534	47.38860	4.94851
LFGI	02R/20L	47.38164	4.94576	47.38829	4.94905
LFGJ	05/23	47.03310	5.41534	47.04480	5.43919
LFGK	08/26	47.99150	3.38522	47.99320	3.39961
LFGW	10/28	49.12320	5.46148	49.12150	5.47657
LFHF	18/36	44.44767	4.33314	44.44204	4.33252
LFHM	15/33	45.82450	6.64842	45.82000	6.65141
LFHO	18/36	44.55060	4.37280	44.53780	4.37158
LFHP	15/33	45.08630	3.75824	45.07490	3.76716
LFHP	15R/33L	45.08360	3.75909	45.07750	3.76368
LFHQ	01/19	45.06990	2.99149	45.08150	2.99413
LFHS	18/36	46.20600	5.29201	46.19580	5.29206
LFHV	18/36	45.92330	4.63500	45.91390	4.63481
LFHV	18L/36R	45.92350	4.63604	45.91380	4.63558
LFHY	08/26	46.53380	3.41533	46.53540	3.43212
LFIF	12/30	43.82790	2.73906	43.82230	2.75331
LFIG	10/28	44.17980	2.51206	44.17910	2.52516
LFJA	01/19	48.07960	5.04810	48.09310	5.05000
LFJB	04/22	46.89920	-0.70140	46.90860	-0.69137
LFJL	04/22	48.97340	6.24054	48.99080	6.26210
LFJR	08/26	47.55890	-0.32467	47.56160	-0.30096
LFJU	06/24	46.70980	2.93765	46.71730	2.95414
LFJU	06R/24L	46.70940	2.93953	46.71260	2.94685
LFJY	05/23	49.01860	5.86342	49.03230	5.88872
LFKB	16/34	42.56350	9.47919	42.54180	9.48827
LFKC	18/36	42.54110	8.79292	42.52030	8.79334
LFKF	05/23	41.49470	9.08601	41.50980	9.10793
LFKJ	02/20	41.91160	8.79542	41.93130	8.80769
LFKO	09/27	41.66119	8.88139	41.65999	8.89812
LFKS	18/36	41.93620	9.40506	41.91260	9.40564
LFKT	12/30	42.29610	9.18861	42.29110	9.19778
LFLA	18/36	47.85770	3.49821	47.84300	3.49610
LFLB	18/36	45.64710	5.87948	45.62900	5.88096
LFLC	08/26	45.78480	3.15082	45.78860	3.18916
LFLD	06/24	47.05660	2.35988	47.06380	2.37733
LFLE	14/32	45.56460	5.97206	45.55750	5.97946
LFLH	17/35	46.83250	4.81612	46.81970	4.81916
LFLI	12/30	46.19470	6.26085	46.18930	6.27593
LFLL	17L/35R	45.73490	5.09187	45.71100	5.09478
LFLL	17R/35L	45.74660	5.08594	45.71070	5.09030
LFLM	17/35	46.29972	4.79529	46.29001	4.79678
LFLN	15L/33R	46.42200	4.00712	46.40650	4.02110
LFLN	15R/33L	46.41650	4.00718	46.40500	4.01760
LFLO	02/20	46.04940	3.99823	46.06210	4.00356
LFLP	04/22	45.92350	6.09216	45.93500	6.10534
LFLP	04R/22L	45.92554	6.09698	45.93149	6.10377
LFLS	09/27	45.36300	5.30991	45.36290	5.34884
LFLT	11/29	46.35410	2.56438	46.35100	2.57659
LFLU	01/19	44.91220	4.96810	44.93100	4.97170
LFLU	01L/19R	44.91560	4.96968	44.92620	4.97170
LFLU	01R/19L	44.91928	4.97137	44.92287	4.97206
LFLV	01/19	46.15990	3.40172	46.17950	3.40575
LFLW	15/33	44.89790	2.41694	44.88500	2.42744
LFLX	03/21	46.85060	1.71917	46.87690	1.74417
LFLY	16/34	45.73500	4.94093	45.71930	4.94761
LFMA	14/32	43.51160	5.36236	43.49970	5.37350
LFMC	09/27	43.38450	6.37857	43.38470	6.38849
LFMC	13/31	43.38860	6.38047	43.38050	6.39367
LFMD	04/22	43.54390	6.95411	43.54850	6.96083
LFMD	17/35	43.55450	6.95042	43.54030	6.95294
LFMH	17/35	45.55120	4.29514	45.53050	4.29776
LFMI	15/33	43.53780	4.91330	43.50780	4.93462
LFMK	09/27	43.21710	2.29317	43.21500	2.31823
LFML	13L/31R	43.44910	5.19731	43.42730	5.22846
LFML	13R/31L	43.44130	5.20302	43.42590	5.22435
LFMN	04L/22R	43.65180	7.20404	43.66950	7.22851
LFMN	04R/22L	43.64670	7.20249	43.66560	7.22844
LFMO	15/33	44.14890	4.85974	44.13130	4.87736
LFMP	13/31	42.73980	2.86544	42.73290	2.87760
LFMP	15/33	42.75410	2.86171	42.73500	2.87775
LFMQ	12/30	43.25680	5.77752	43.24847	5.79275
LFMS	01/19	44.06350	4.14022	44.07580	4.14400
LFMT	12L/30R	43.58610	3.95573	43.57280	3.98222
LFMT	12R/30L	43.57580	3.95189	43.57020	3.96309
LFMU	09/27	43.32420	3.34275	43.32290	3.36506
LFMV	17/35	43.91560	4.89956	43.89900	4.90408
LFMY	09/27	43.60912	5.10926	43.60897	5.11896
LFMY	16/34	43.61570	5.10441	43.59880	5.11304
LFMY	16L/34R	43.61472	5.11592	43.60635	5.11923
LFMY	16R/34L	43.61290	5.11442	43.60334	5.11814
LFMZ	08/26	43.17470	2.72844	43.17650	2.74056
LFNA	02L/20R	44.44972	6.03391	44.45736	6.03914
LFNA	02R/20L	44.45130	6.03577	44.45700	6.03964
LFNB	12/30	44.50550	3.52619	44.49870	3.53952
LFNC	16/34	44.70418	6.59744	44.69698	6.60095
LFNC	16G/34G	44.70407	6.59824	44.69871	6.60083
LFNH	13/31	44.03350	5.07250	44.02620	5.08379
LFOA	06/24	47.04790	2.61177	47.06350	2.65184
LFOB	04/22	49.45460	2.11302	49.46210	2.12327
LFOB	12/30	49.45830	2.10385	49.44620	2.13174
LFOC	10/28	48.05960	1.36134	48.05670	1.39191
LFOD	10/28	47.25740	-0.12459	47.25630	-0.10551
LFOE	04/22	49.01830	1.20671	49.03900	1.23302
LFOH	04/22	49.52650	0.07759	49.54160	0.09932
LFOI	02/20	50.13830	1.82865	50.14870	1.83513
LFOJ	07/25	47.98390	1.74556	47.99150	1.77569
LFOK	10/28	48.77960	4.15841	48.77280	4.20993
LFON	04/22	48.70321	1.35841	48.70848	1.36410
LFOP	04/22	49.37950	1.16845	49.39100	1.18394
LFOQ	12/30	47.68160	1.20231	47.67600	1.21586
LFOR	09/27	48.45717	1.51419	48.45679	1.52559
LFOT	02/20	47.42180	0.72341	47.44270	0.73180
LFOU	02/20	47.07650	-0.88091	47.08780	-0.87322
LFOV	14/32	48.03851	-0.75111	48.02667	-0.73748
LFOX	06/24	48.37901	2.07260	48.38248	2.08051
LFOX	06L/24R	48.37796	2.06683	48.38404	2.08072
LFOZ	05/23	47.89410	2.15734	47.90170	2.17221
LFPB	03/21	48.94870	2.42686	48.97050	2.44215
LFPB	07/25	48.96380	2.42029	48.97400	2.45825
LFPB	09/27	48.96370	2.42040	48.96510	2.44563
LFPC	07/25	49.24900	2.50417	49.25810	2.53409
LFPD	10/28	49.10319	0.55740	49.10171	0.57371
LFPE	07L/25R	48.92639	2.82718	48.93048	2.84152
LFPE	07R/25L	48.92541	2.82887	48.92924	2.84235
LFPE	16L/34R	48.93023	2.83283	48.92181	2.83835
LFPE	16R/34L	48.92897	2.83145	48.92055	2.83697
LFPG	08H/26H	49.01577	2.55857	49.01609	2.56460
LFPG	08L/26R	48.99570	2.55274	48.99880	2.61018
LFPG	08R/26L	48.99290	2.56566	48.99490	2.60243
LFPG	09L/27R	49.02470	2.52489	49.02670	2.56169
LFPG	09R/27L	49.02060	2.51306	49.02370	2.57029
LFPK	09/27	48.83760	3.00627	48.83750	3.02533
LFPK	09C/27C	48.83764	3.00364	48.83750	3.02531
LFPK	09L/27R	48.83870	3.01495	48.83860	3.02382
LFPK	09R/27L	48.83520	3.00114	48.83510	3.01016
LFPL	08/26	48.82059	2.62132	48.82151	2.63076
LFPM	01/19	48.60610	2.67098	48.61750	2.67485
LFPM	10/28	48.60650	2.66329	48.60230	2.68929
LFPN	07L/25R	48.75120	2.09873	48.75440	2.11290
LFPN	07R/25L	48.74950	2.09974	48.75260	2.11318
LFPO	02/20	48.71750	2.37670	48.73800	2.38697
LFPO	06/24	48.72000	2.31692	48.73550	2.36068
LFPO	07/25	48.71940	2.35859	48.72740	2.40207
LFPP	07/25	49.10757	2.73169	49.11008	2.74046
LFPP	07R/25L	49.10617	2.73217	49.10917	2.74233
LFPT	04/22	49.08780	2.02740	49.09860	2.04365
LFPT	12/30	49.10191	2.02567	49.09535	2.04437
LFPV	09/27	48.77410	2.18928	48.77460	2.21393
LFPZ	11L/29R	48.81468	2.06206	48.81156	2.07310
LFPZ	11R/29L	48.81340	2.06240	48.81039	2.07317
LFQA	07/25	49.20670	4.14981	49.21090	4.16429
LFQB	05/23	48.31744	4.00874	48.32109	4.01557
LFQB	17/35	48.32950	4.01533	48.31470	4.01775
LFQB	17R/35L	48.32560	4.01249	48.31750	4.01382
LFQC	09/27	48.59340	6.53641	48.59310	6.55050
LFQE	01/19	49.21640	5.66834	49.23740	5.67607
LFQF	18/36	46.97190	4.26057	46.96270	4.26046
LFQF	18L/36R	46.97150	4.26109	46.96580	4.26109
LFQG	12/30	47.00650	3.10425	46.99870	3.12242
LFQJ	05R/23L	50.30640	4.02658	50.31420	4.04017
LFQM	05/23	47.20280	6.07626	47.21030	6.09110
LFQP	06/24	48.76090	7.18799	48.77150	7.21312
LFQQ	01/19	50.56010	3.08546	50.57380	3.09114
LFQQ	08/26	50.56290	3.08301	50.56850	3.12223
LFQT	04/22	50.61180	2.63434	50.62490	2.65015
LFQV	11/29	49.78650	4.63743	49.78140	4.65671
LFQW	08/26	47.63770	6.19475	47.63950	6.21377
LFRB	07L/25R	48.44980	-4.42242	48.45190	-4.41341
LFRB	07R/25L	48.44340	-4.43835	48.45230	-4.39869
LFRC	10/28	49.65220	-1.48686	49.64810	-1.45366
LFRD	12/30	48.59050	-2.08888	48.58500	-2.07130
LFRD	17/35	48.59810	-2.08268	48.57860	-2.07756
LFRE	11/29	47.29010	-2.35184	47.28760	-2.33983
LFRF	06/24	48.88050	-1.57149	48.88420	-1.55965
LFRG	12/30	49.37050	0.13871	49.36010	0.16993
LFRH	02/20	47.75620	-3.44181	47.77060	-3.43561
LFRH	07/25	47.75630	-3.45917	47.76300	-3.42873
LFRI	10/28	46.70330	-1.38856	46.70060	-1.36869
LFRJ	07/25	48.52670	-4.16917	48.53360	-4.13417
LFRK	12/30	49.18100	-0.46642	49.17110	-0.44517
LFRK	12L/30R	49.17972	-0.45782	49.17557	-0.44888
LFRL	05/23	48.27860	-4.45096	48.28490	-4.43921
LFRL	13/31	48.28390	-4.44627	48.28020	-4.43934
LFRM	02/20	47.94190	0.19799	47.95380	0.20459
LFRN	10/28	48.07370	-1.74610	48.07020	-1.71839
LFRN	14/32	48.06990	-1.74050	48.06390	-1.73353
LFRO	11/29	48.75660	-3.48271	48.75200	-3.46077
LFRQ	09/27	47.97570	-4.18534	47.97450	-4.15660
LFRS	03/21	47.14160	-1.61954	47.16480	-1.60190
LFRT	06/24	48.53310	-2.86738	48.54340	-2.84184
LFRU	04/22	48.59770	-3.82294	48.60880	-3.80883
LFRV	04/22	47.71790	-2.72496	47.72860	-2.71208
LFRV	08/26	47.72400	-2.73131	47.72520	-2.71778
LFRZ	07/25	47.30910	-2.16443	47.31530	-2.13393
LFSB	07/25	47.58794	7.51687	47.59143	7.53911
LFSB	15/33	47.61770	7.50986	47.58593	7.53196
LFSD	01/19	47.26630	5.08290	47.27672	5.08701
LFSD	17/35	47.27660	5.09359	47.25510	5.09637
LFSG	08/26	48.32410	6.05182	48.32620	6.08810
LFSH	03/21	48.79040	7.81432	48.79830	7.82084
LFSH	03L/21R	48.79100	7.81316	48.79860	7.81951
LFSI	11/29	48.64030	4.88436	48.63180	4.91447
LFSL	11/29	45.04400	1.47224	45.03620	1.49652
LFSM	08/26	47.48560	6.77946	47.48840	6.80161
LFSN	03/21	48.68634	6.22666	48.69903	6.23698
LFSO	02/20	48.57300	5.94909	48.59340	5.95995
LFSP	02/20	46.90010	6.32462	46.90850	6.32927
LFST	05/23	48.53120	7.61603	48.54540	7.64044
LFSX	04/22	47.77720	6.35716	47.79370	6.37622
LFSX	11/29	47.79160	6.33454	47.78300	6.36441
LFTF	11/29	43.25090	6.11530	43.24470	6.13809
LFTH	05/23	43.09450	6.14112	43.10640	6.16147
LFTH	13/31	43.10180	6.13994	43.08970	6.15643
LFTW	18/36	43.76840	4.41556	43.74640	4.41714
LFTZ	06/24	43.20290	6.47559	43.20790	6.48841
LFVM	12/30	47.09610	-56.38680	47.09490	-56.37370
LFVP	08/26	46.75840	-56.18560	46.76690	-56.16550
LFXA	01/19	45.97840	5.32678	45.99630	5.33011
LFXA	02/20	45.97650	5.33535	45.98350	5.33794
LFXU	10L/28R	48.99993	1.92960	48.99700	1.95590
LFXU	10R/28L	48.99948	1.92947	48.99654	1.95578
LG54	09/27	35.06330	24.75260	35.06410	24.78230
LG55	16/34	37.09830	21.98770	37.09000	21.99310
LG56	10/28	38.23590	25.93340	38.23640	25.94500
LGAD	16/34	37.93430	21.28780	37.90710	21.29730
LGAL	07/25	40.85250	25.94170	40.85920	25.97080
LGAV	03L/21R	37.92100	23.91920	37.94850	23.94500
LGAV	03R/21L	37.92350	23.94330	37.95240	23.97040
LGAX	13/31	40.65610	22.48030	40.64610	22.49730
LGBL	08/26	39.21760	22.77870	39.22130	22.81030
LGEL	18/36	38.07620	23.55600	38.05170	23.55610
LGHI	01/19	38.33650	26.13910	38.34990	26.14200
LGIK	15/33	37.68820	26.34340	37.67720	26.35080
LGIO	14/32	39.70500	20.81390	39.68810	20.83110
LGIR	09/27	35.34100	25.16120	35.33900	25.19050
LGIR	12/30	35.34390	25.17330	35.33560	25.18730
LGKA	12/30	40.45243	21.26994	40.43943	21.29423
LGKC	02/20	36.26810	23.01320	36.28000	23.02030
LGKF	14/32	38.12920	20.49280	38.11100	20.50820
LGKJ	13/31	36.14430	29.57340	36.13900	29.57930
LGKL	17L/35R	37.08196	22.02348	37.05526	22.02971
LGKL	17R/35L	37.08178	22.02226	37.05507	22.02849
LGKM	13/31	40.97731	24.33623	40.96851	24.34682
LGKO	14/32	36.80360	27.08360	36.78520	27.09790
LGKP	12/30	35.42750	27.13510	35.41530	27.15690
LGKR	16/34	39.61252	19.90943	39.59155	19.91481
LGKS	09/27	35.42150	26.90460	35.42120	26.91540
LGKV	05/23	40.90630	24.60500	40.92170	24.63430
LGKY	10/28	36.96439	26.93511	36.96252	26.94627
LGKZ	14/32	40.29170	21.83370	40.27860	21.84660
LGLE	14/32	37.18860	26.79700	37.18120	26.80360
LGLM	04R/22L	39.90720	25.22430	39.92690	25.24840
LGLR	08C/26C	39.64770	22.44860	39.65280	22.48240
LGLR	08R/26L	39.64620	22.44560	39.65180	22.48320
LGMG	08R/26L	37.98040	23.35860	37.98190	23.37220
LGMK	16/34	37.44330	25.34470	37.42710	25.35180
LGML	08/26	36.69632	24.47048	36.69707	24.47894
LGMT	14/32	39.07500	26.58450	39.05670	26.59940
LGPL	15/33	36.58370	26.37300	36.57600	26.37860
LGPZ	06/24	38.92060	20.75000	38.93030	20.78060
LGRD	08/26	36.38110	28.09560	36.38500	28.12220
LGRP	06/24	36.40030	28.06890	36.41050	28.10350
LGRX	18R/36L	38.16620	21.42650	38.13600	21.42460
LGSA	11/29	35.53710	24.13400	35.52610	24.16840
LGSK	01/19	39.17047	23.50062	39.18435	23.50679
LGSM	09/27	37.68986	26.90056	37.68847	26.92367
LGSO	18/36	37.42790	24.95010	37.41820	24.94980
LGSP	06/24	36.97190	22.52180	36.97590	22.53080
LGSR	15/33	36.40810	25.47510	36.39020	25.48340
LGST	05/23	35.21020	26.09250	35.22210	26.11000
LGSY	17/35	38.98100	24.48600	38.95410	24.48850
LGTG	10/28	38.34330	23.54840	38.33640	23.58150
LGTP	02/20	37.52250	22.39940	37.53860	22.40790
LGTS	10/28	40.52200	22.95910	40.51670	22.98700
LGTS	16/34	40.53030	22.96760	40.50920	22.97440
LGTT	03/21	38.10210	23.77860	38.11570	23.78900
LGZA	16/34	37.76050	20.88050	37.74120	20.88780
LHBC	17L/35R	46.68912	21.16167	46.67760	21.16327
LHBC	17R/35L	46.68292	21.15736	46.67585	21.15834
LHBP	13L/31R	47.44540	19.25750	47.42300	19.29390
LHBP	13R/31L	47.44870	19.22080	47.43050	19.25020
LHBS	09/27	47.45000	18.98000	47.45000	18.98000
LHDC	04R/22L	47.48140	21.60300	47.49640	21.62760
LHFM	16/34	47.58700	16.84300	47.57870	16.84780
LHJK	14L/32R	46.74980	19.60306	46.74539	19.60742
LHJK	14R/32L	46.75128	19.60116	46.74435	19.60803
LHKD	15/33	47.52211	18.32132	47.51213	18.32869
LHKE	12/30	46.92360	19.73550	46.91140	19.76300
LHKV	17L/35R	46.38924	17.73265	46.38355	17.73430
LHKV	17R/35L	46.39661	17.72883	46.38260	17.73315
LHNY	18L/36R	47.98580	21.69700	47.97790	21.69670
LHNY	18R/36L	47.98850	21.69250	47.97950	21.69220
LHOY	17/35	46.31110	18.76830	46.29670	18.77010
LHPP	15/33	45.99560	18.23830	45.98310	18.24580
LHPR	11/29	47.63290	17.79320	47.62390	17.81670
LHPR	12L/30R	47.62910	17.80990	47.62410	17.82310
LHSA	16/34	47.08620	17.96380	47.06950	17.97310
LHSM	16/34	46.69730	17.15490	46.67550	17.16320
LHSN	02/20	47.11450	20.23080	47.13130	20.24020
LHTL	14/32	47.35000	18.98000	47.35000	18.98000
LHUD	16L/34R	46.25117	20.09167	46.24083	20.09506
LHUD	16R/34L	46.25080	20.08906	46.24037	20.09226
LIAF	17/35	42.93944	12.71083	42.92722	12.71333
LIAP	18/36	42.38620	13.30900	42.37350	13.30950
LIAU	08/26	41.11515	14.17189	41.11607	14.18361
LIBA	11/29	41.54440	15.69930	41.53470	15.72850
LIBC	17/35	39.00610	17.07790	38.98840	17.08240
LIBD	07/25	41.13286	16.74063	41.14233	16.77408
LIBF	15/33	41.44132	15.53016	41.42700	15.53845
LIBG	17/35	40.52510	17.40120	40.51000	17.40520
LIBP	04/22	42.42280	14.17200	42.44000	14.18990
LIBR	05/23	40.65230	17.93680	40.66260	17.95430
LIBR	13/31	40.67220	17.92990	40.65550	17.95030
LIBV	14L/32R	40.78170	16.92220	40.76070	16.94470
LIBV	14R/32L	40.77500	16.92220	40.75380	16.94470
LICA	10/28	38.90700	16.22860	38.90380	16.25600
LICC	08/26	37.46560	15.05270	37.46790	15.08010
LICD	08/26	35.49660	12.60830	35.49930	12.62790
LICG	02/20	36.80800	11.96330	36.81780	11.96970
LICG	07/25	36.81410	11.95690	36.81770	11.97500
LICJ	02/20	38.16610	13.08560	38.18320	13.09520
LICJ	07/25	38.17430	13.08650	38.18580	13.12080
LICP	17/35	38.11600	13.31270	38.10500	13.31400
LICR	11/29	38.07510	15.63960	38.06920	15.65750
LICR	15/33	38.08040	15.64550	38.06550	15.65530
LICT	13/31	37.91880	12.47580	37.90400	12.50010
LICZ	10L/28R	37.40510	14.90900	37.40190	14.93630
LICZ	10R/28L	37.40320	14.90850	37.40000	14.93610
LIDA	08L/26R	45.88580	11.51000	45.88830	11.52390
LIDA	08R/26L	45.88470	11.51000	45.88720	11.52360
LIDE	11/29	44.69901	10.66106	44.69647	10.67089
LIDF	05/23	43.81992	13.01953	43.82808	13.03226
LIDH	17/35	45.68344	11.49539	45.67269	11.49728
LIDL	16/34	45.13310	11.29220	45.12740	11.29420
LIDP	02/20	44.31550	10.82860	44.32560	10.83320
LIDR	08/26	44.36340	12.21740	44.36510	12.23230
LIDT	18/36	46.02727	11.12490	46.01708	11.12490
LIDU	02/20	44.83080	10.86970	44.83580	10.87280
LIDV	10/28	44.79170	11.66860	44.78940	11.67810
LIEA	02/20	40.61980	8.28339	40.64440	8.29816
LIED	16L/34R	39.36700	8.96994	39.34080	8.97763
LIED	16R/34L	39.36540	8.96778	39.34250	8.97462
LIEE	14/32	39.26080	9.04347	39.24210	9.06511
LIEO	05/23	40.89240	9.50569	40.90490	9.52957
LIET	12/30	39.92160	9.67673	39.91590	9.68923
LILA	03/21	44.92299	8.62407	44.92780	8.62852
LILE	16/34	45.50140	8.09892	45.48920	8.10663
LILH	16/34	44.95620	9.01431	44.94780	9.01876
LILN	17/35	45.74860	8.88754	45.73580	8.88893
LILO	09/27	46.15417	9.78844	46.15501	9.80197
LILQ	05/23	43.98461	10.14148	43.98751	10.14643
LILR	11/29	45.16885	9.99829	45.16761	10.00575
LILV	02L/20R	45.71780	9.59180	45.72362	9.59536
LILV	02R/20L	45.71735	9.59244	45.72331	9.59610
LIMA	10L/28R	45.08730	7.59669	45.08540	7.61006
LIMA	10R/28L	45.08560	7.60041	45.08430	7.60973
LIMB	18/36	45.54472	9.20233	45.53500	9.20238
LIMC	17L/35R	45.65038	8.72794	45.61574	8.73751
LIMC	17R/35L	45.64545	8.71874	45.61082	8.72830
LIME	10/28	45.67104	9.68979	45.66441	9.72543
LIME	12/30	45.67793	9.70223	45.67458	9.71005
LIMF	18/36	45.21560	7.65057	45.18590	7.64869
LIMG	09/27	44.05090	8.11848	44.05020	8.13631
LIMJ	10/28	44.41540	8.82419	44.40850	8.85958
LIML	17/35	45.45622	9.27587	45.43431	9.27823
LIMN	17/35	45.54420	8.66492	45.51790	8.67317
LIMP	02/20	44.81770	10.29310	44.83590	10.30110
LIMR	18/36	44.78416	8.78632	44.77472	8.78701
LIMS	12/30	44.92080	9.70545	44.90800	9.73880
LIMW	09/27	45.73810	7.35992	45.73910	7.37586
LIMZ	03/21	44.53960	7.61619	44.55560	7.63045
LIPA	05/23	46.02330	12.58390	46.03890	12.60890
LIPB	01/19	46.45179	11.32420	46.46696	11.32816
LIPB	01R/19L	46.45450	11.32669	46.46075	11.32833
LIPC	11/29	44.23040	12.29010	44.21820	12.32430
LIPE	12/30	44.54110	11.27290	44.52980	11.30440
LIPG	09/27	45.90700	13.59220	45.90800	13.60520
LIPH	07/25	45.64450	12.17990	45.65230	12.20900
LIPI	06/24	45.97350	13.03510	45.98530	13.06330
LIPK	12/30	44.19980	12.05670	44.18970	12.08340
LIPL	13/31	45.44160	10.25420	45.42270	10.28110
LIPN	08/26	45.47080	10.92170	45.47320	10.93420
LIPO	14/32	45.43810	10.31770	45.41910	10.34480
LIPQ	09/27	45.82800	13.44740	45.82780	13.48600
LIPR	12/30	44.02850	12.59700	44.01200	12.62650
LIPS	08/26	45.68260	12.06820	45.68630	12.10620
LIPU	04/22	45.39250	11.84370	45.40020	11.85280
LIPV	05/23	45.42630	12.38396	45.43158	12.39422
LIPX	04/22	45.38730	10.87630	45.40660	10.90450
LIPY	04/22	43.60690	13.34940	43.62580	13.37530
LIPZ	04L/22R	45.49520	12.33560	45.51370	12.35940
LIPZ	04R/22L	45.49410	12.33770	45.51620	12.36600
LIQB	12/30	43.45668	11.84376	43.45374	11.85091
LIQG	15/33	43.28980	10.51550	43.28195	10.52237
LIQS	18/36	43.26120	11.25480	43.24870	11.25530
LIRA	15/33	41.80810	12.58880	41.79040	12.60100
LIRE	13R/31L	41.66240	12.43450	41.64810	12.45730
LIRF	07/25	41.79933	12.23214	41.80963	12.26948
LIRF	16L/34R	41.84600	12.26150	41.81240	12.27550
LIRF	16R/34L	41.81550	12.22640	41.78200	12.24040
LIRG	04/22	41.98670	12.73220	41.99550	12.74050
LIRG	18/36	41.99690	12.74100	41.98370	12.74070
LIRI	05/23	40.61403	14.90248	40.62314	14.91797
LIRJ	16/34	42.76600	10.23740	42.75800	10.24140
LIRL	12/30	41.54680	12.90070	41.53810	12.91740
LIRM	06/24	41.05420	14.06650	41.06770	14.09730
LIRN	06/24	40.87980	14.27750	40.89230	14.30400
LIRP	03L/21R	43.67380	10.38070	43.69400	10.40150
LIRP	03R/21L	43.67310	10.38320	43.69460	10.40550
LIRQ	05/23	43.80534	11.19782	43.81470	11.21228
LIRS	03/21	42.74940	11.06120	42.77250	11.08000
LIRS	03R/21L	42.75050	11.06600	42.76870	11.08070
LIRU	16/34	41.95700	12.50000	41.94780	12.50440
LIRV	04C/22C	42.43140	12.05730	42.44050	12.06700
LIRV	04L/22R	42.43220	12.05610	42.43930	12.06370
LIRV	04R/22L	42.43510	12.06220	42.43920	12.06670
LIRZ	01/19	43.08851	12.51064	43.10769	12.51733
LJCE	09/27	45.89968	15.51036	45.90015	15.54901
LJLJ	12/30	46.23250	14.44040	46.21490	14.47480
LJMB	14/32	46.48920	15.67710	46.47060	15.69520
LJMB	14L/32R	46.48590	15.68160	46.47680	15.69020
LJPZ	15/33	45.47720	13.61200	45.46770	13.61940
LJSG	14/32	46.47630	15.11210	46.46770	15.12190
LKBA	08/26	48.79010	16.88750	48.79130	16.89750
LKBE	06/24	49.74027	14.64020	49.74340	14.64917
LKBE	09L/27R	49.73964	14.63938	49.73990	14.64982
LKBE	09R/27L	49.73936	14.63940	49.73961	14.64983
LKBO	07/25	49.66970	17.28930	49.67130	17.30070
LKBR	14/32	50.56380	16.34160	50.56010	16.34660
LKBU	10L/28R	49.97550	14.17300	49.97410	14.18280
LKBU	10R/28L	49.97510	14.17290	49.97370	14.18280
LKCB	05/23	50.06245	12.40355	50.06992	12.41930
LKCB	06/24	50.06380	12.40730	50.06910	12.41850
LKCE	13/31	50.71150	14.56290	50.70740	14.57050
LKCH	04/22	50.46950	13.46870	50.47770	13.47950
LKCH	14/32	50.47250	13.46330	50.46670	13.47080
LKCM	16/34	49.24050	16.55230	49.23320	16.55810
LKCR	06/24	49.93350	15.77390	49.93750	15.78620
LKCS	09/27	48.94640	14.41040	48.94640	14.44450
LKCT	17/35	49.69020	15.67450	49.68130	15.67770
LKCV	12/30	49.94330	15.37490	49.93470	15.38730
LKCV	13/31	49.94760	15.37050	49.93170	15.39320
LKDK	10/28	50.41480	15.83100	50.41350	15.84280
LKER	11/29	49.80372	13.03222	49.80163	13.04373
LKFR	08/26	49.58890	18.37400	49.59030	18.38440
LKHB	11/29	49.59914	15.54282	49.59628	15.55300
LKHC	12/30	50.35959	15.57278	50.35563	15.58128
LKHD	01/19	50.65299	15.07677	50.66167	15.07896
LKHK	15L/33R	50.26300	15.83790	50.24340	15.85230
LKHK	15R/33L	50.25840	15.83990	50.25190	15.84470
LKHN	05/23	49.54409	17.70023	49.54795	17.70867
LKHS	06L/24R	49.03799	14.49040	49.04196	14.49956
LKHS	06R/24L	49.03714	14.49059	49.04116	14.49995
LKHV	06/24	49.84428	13.88065	49.85162	13.90602
LKJA	14L/32R	50.33491	15.95015	50.32809	15.95792
LKJA	14R/32L	50.33465	15.94962	50.32785	15.95739
LKJC	12/30	50.43267	15.32720	50.42749	15.33868
LKJH	07L/25R	49.14967	14.96714	49.15178	14.97605
LKJH	07R/25L	49.14909	14.96707	49.15144	14.97700
LKJI	10/28	49.42027	15.62911	49.41842	15.64166
LKKA	13/31	49.37058	16.11269	49.36629	16.11958
LKKB	06/24	50.11720	14.53130	50.12550	14.55600
LKKL	12/30	50.11570	14.08418	50.11033	14.09496
LKKM	02/20	49.28259	17.41330	49.28899	17.41742
LKKO	03L/21R	49.99833	15.17024	50.00548	15.17602
LKKO	03R/21L	49.99801	15.17109	50.00513	15.17691
LKKR	12/30	50.07550	17.69035	50.07264	17.69982
LKKT	09L/27R	49.41817	13.31631	49.41850	13.32749
LKKT	09R/27L	49.41779	13.31627	49.41804	13.32752
LKKU	02C/20C	49.02130	17.43400	49.03750	17.44570
LKKU	02L/20R	49.02170	17.43260	49.03370	17.44130
LKKU	02R/20L	49.02110	17.43460	49.03480	17.44450
LKKV	11/29	50.20685	12.90126	50.19926	12.92902
LKKY	15/33	48.98393	17.12100	48.97624	17.12833
LKLB	16/34	50.77072	15.02046	50.76342	15.02576
LKLN	06/24	49.67180	13.26600	49.67860	13.28320
LKLT	05L/23R	50.12931	14.52127	50.13401	14.52959
LKLT	05R/23L	50.12932	14.52309	50.13380	14.53170
LKMB	04/22	50.39520	14.89310	50.40000	14.90040
LKMB	16/34	50.40070	14.89400	50.39280	14.89780
LKMH	07/25	50.53740	14.99650	50.54300	15.01660
LKMH	08/26	50.53860	14.99810	50.54200	15.01080
LKMI	05/23	50.29903	17.29209	50.30434	17.30323
LKMK	08L/26R	49.79807	16.68282	49.79919	16.69258
LKMK	08R/26L	49.79755	16.68298	49.79865	16.69273
LKMO	02L/20R	50.52014	13.68052	50.52992	13.68578
LKMO	02R/20L	50.52004	13.68107	50.52974	13.68647
LKMT	04/22	49.68530	18.09320	49.70710	18.12840
LKNA	12/30	49.17305	16.11165	49.15937	16.13711
LKNM	08/26	50.36310	16.10460	50.36450	16.11750
LKNM	18/36	50.36810	16.11360	50.36010	16.11340
LKOL	09L/27R	49.58790	17.20470	49.58710	17.21510
LKOL	09R/27L	49.58760	17.20470	49.58680	17.21510
LKOL	10/28	49.58834	17.20546	49.58790	17.21112
LKOT	17L/35R	49.20137	17.51693	49.19560	17.51827
LKOT	17R/35L	49.20106	17.51613	49.19573	17.51738
LKPA	15/33	49.73301	16.26212	49.73926	16.26356
LKPC	09/27	50.30540	13.91680	50.30700	13.95170
LKPD	09/27	50.01400	15.72120	50.01290	15.75610
LKPI	08/26	49.57997	15.75760	49.58129	15.76797
LKPJ	12/30	49.45050	17.12760	49.44470	17.14120
LKPL	08/26	49.72264	13.45074	49.72307	13.45709
LKPM	06L/24R	49.71560	14.08920	49.72290	14.10570
LKPM	06R/24L	49.71370	14.08620	49.72640	14.11490
LKPN	07/25	49.93804	15.54201	49.93992	15.55173
LKPN	13/31	49.94025	15.54872	49.93642	15.55516
LKPO	06/24	49.42140	17.38930	49.43040	17.42050
LKPR	06/24	50.10180	14.22630	50.11600	14.27340
LKPR	12/30	50.10800	14.24540	50.09050	14.28170
LKPS	03/21	49.91713	13.37355	49.92320	13.38045
LKRA	11/29	50.40620	13.74175	50.40368	13.75294
LKRA	22/04	50.40812	13.75867	50.40348	13.75124
LKRK	09L/27R	50.09488	13.68684	50.09517	13.69772
LKRK	09R/27L	50.09349	13.68511	50.09383	13.69781
LKRO	13L/31R	50.41263	14.22375	50.40732	14.23214
LKRO	13R/31L	50.41494	14.21913	50.40610	14.23315
LKRY	09/27	49.75190	13.58400	49.75230	13.59580
LKSA	07/25	49.56560	13.04414	49.56755	13.05298
LKSB	13/31	49.48997	17.04794	49.48491	17.05707
LKSK	03/21	49.82367	16.00623	49.82853	16.00870
LKSK	13/31	49.83134	15.99982	49.82678	16.00970
LKSN	07L/25R	50.21576	14.08336	50.21756	14.09222
LKSN	07R/25L	50.21547	14.08351	50.21728	14.09238
LKSO	08/26	49.24540	14.70817	49.24573	14.72113
LKSO	18/36	49.25117	14.71334	49.24189	14.71283
LKSR	15/33	49.08618	14.07282	49.07880	14.07845
LKST	03/21	49.24463	13.88937	49.24966	13.89457
LKST	13/31	49.25363	13.88836	49.24896	13.89650
LKSU	06/24	49.95790	17.01296	49.96129	17.02115
LKSU	18/36	49.96341	17.01721	49.95710	17.01680
LKSZ	15L/33R	50.32761	14.25696	50.32082	14.26395
LKSZ	15R/33L	50.32962	14.25363	50.31971	14.26400
LKTA	12/30	49.39517	14.69720	49.39063	14.71067
LKTA	16/34	49.39404	14.70664	49.38904	14.70937
LKTB	08/26	49.15130	16.68569	49.15038	16.69652
LKTB	09/27	49.15290	16.67590	49.14980	16.71190
LKTC	09/27	49.98547	14.42091	49.98546	14.43191
LKTD	09/27	49.79741	12.69934	49.79711	12.71459
LKTO	08/26	50.08497	12.94399	50.08798	12.96130
LKUL	05/23	50.69760	13.96440	50.70220	13.97330
LKUO	14/32	49.98187	16.42286	49.97529	16.42989
LKVL	13/31	49.72992	14.87502	49.72529	14.88438
LKVM	12L/30R	49.93100	16.17947	49.92816	16.18656
LKVM	12R/30L	49.93076	16.17923	49.92505	16.19340
LKVM	14/32	49.92959	16.18157	49.92326	16.19086
LKVO	10/28	50.21957	14.37863	50.21380	14.41250
LKVO	11/29	50.21720	14.38714	50.21302	14.41166
LKVP	09L/27R	50.46768	16.20022	50.46811	16.21083
LKVP	09R/27L	50.46739	16.20023	50.46774	16.20797
LKVR	11L/29R	50.62582	15.64094	50.62338	15.65213
LKVR	11R/29L	50.62537	15.64063	50.62286	15.65180
LKVY	01/19	49.29498	17.02229	49.30593	17.02837
LKZA	10R/28L	49.92840	18.06890	49.92720	18.08150
LKZB	15/33	49.81747	15.19971	49.81110	15.20422
LKZD	11/29	50.31914	13.50535	50.31560	13.51999
LKZM	13/31	50.08577	16.43960	50.08197	16.44801
LKZN	08/26	48.81720	16.06006	48.81836	16.07144
LL10	18/36	41.73860	-88.20310	41.73150	-88.20340
LL1A	10/28	31.26270	34.63070	31.25880	34.65000
LL1B	08/26	31.22740	35.18370	31.22980	35.19810
LL59	03/21	31.89190	34.68750	31.91150	34.69820
LL59	13/31	31.90030	34.68720	31.89590	34.69390
LL60	15/33	30.86400	34.43930	30.85270	34.44790
LLBG	03/21	31.99622	34.88608	32.01812	34.90023
LLBG	08/26	32.01300	34.86040	32.01890	34.89860
LLBG	12/30	32.01470	34.86580	31.99990	34.89420
LLBO	18/36	32.65340	34.93360	32.64670	34.93260
LLBS	14/32	31.29040	34.71920	31.28360	34.72670
LLEK	15L/33R	31.84760	34.82650	31.82870	34.83890
LLEK	15R/33L	31.84720	34.82070	31.82830	34.83310
LLEK	18/36	31.84690	34.81850	31.82520	34.81730
LLER	01/19	29.71139	35.00964	29.74293	35.01846
LLES	09/27	32.44160	35.00130	32.44010	35.01410
LLEY	01/19	30.61630	35.20210	30.62700	35.20450
LLFK	04/22	32.78226	35.71372	32.79115	35.72284
LLHA	15/33	32.81640	35.04170	32.80580	35.04660
LLHB	10L/28R	31.24160	34.64600	31.23580	34.67060
LLHB	10R/28L	31.23240	34.64900	31.22540	34.67880
LLHB	15/33	31.24100	34.64640	31.22820	34.65750
LLHS	05/23	31.75420	34.71510	31.76690	34.73580
LLHS	11L/29R	31.76550	34.72150	31.75740	34.74560
LLHS	11R/29L	31.76400	34.72070	31.75570	34.74500
LLHZ	10/28	32.18139	34.83056	32.17931	34.83804
LLIB	15/33	32.98720	35.56810	32.97840	35.57400
LLMG	09/27	32.59733	35.21965	32.59694	35.24046
LLMZ	01/19	31.32290	35.38760	31.33350	35.38970
LLNV	08C/26C	31.20440	34.99510	31.21130	35.02930
LLNV	08L/26R	31.20750	34.99420	31.21280	35.02080
LLNV	08R/26L	31.20000	34.99630	31.20520	35.02250
LLNV	15/33	31.20790	35.03150	31.20140	35.03640
LLOV	02L/20R	29.93000	34.92910	29.95170	34.93920
LLOV	02R/20L	29.92720	34.93170	29.95220	34.94330
LLRD	09/27	32.66590	35.16370	32.66770	35.19140
LLRD	11/29	32.66290	35.16270	32.65620	35.18740
LLRD	15/33	32.67560	35.17690	32.65800	35.19180
LLRM	07L/25R	30.77270	34.65300	30.78230	34.67900
LLRM	07R/25L	30.76920	34.65310	30.78000	34.68190
LLTN	11/29	32.30940	34.97530	32.30750	34.98200
LMML	05/23	35.84750	14.46010	35.85990	14.48150
LMML	13/31	35.85640	14.47880	35.83390	14.50680
LOAA	03/21	48.41640	15.21370	48.42030	15.21720
LOAB	12G/30G	48.92350	15.29240	48.92100	15.29950
LOAD	07/25	48.15970	15.58440	48.16080	15.59090
LOAG	10/28	48.44740	15.62940	48.44550	15.63900
LOAN	09/27	47.84390	16.25310	47.84280	16.26720
LOAS	15/33	48.10130	16.93130	48.09600	16.93640
LOAU	07/25	48.40820	16.18600	48.41010	16.19660
LOAV	13R/31L	47.96740	16.25630	47.96230	16.26500
LOGF	13/31	47.06380	16.08050	47.06020	16.08790
LOGF	13G/31G	47.06270	16.08350	47.06130	16.08620
LOGG	14/32	47.15010	16.31430	47.14370	16.32010
LOGI	11/29	47.49480	14.49140	47.49190	14.50070
LOGK	07/25	47.45650	15.32730	47.45860	15.33460
LOGL	07/25	47.55550	15.31760	47.55740	15.32650
LOGM	15/33	47.79160	15.29880	47.78740	15.30260
LOGO	03/21	47.47620	14.00470	47.48150	14.01030
LOGP	15/33	47.38930	16.11050	47.38430	16.11530
LOGT	11/29	47.38090	14.96050	47.37840	14.96820
LOGW	18/36	47.17180	15.66460	47.16790	15.66450
LOIH	04/22	47.38248	9.69674	47.38651	9.70272
LOIJ	13/31	47.52256	12.44566	47.51809	12.45307
LOIJ	13G/31G	47.51943	12.45030	47.51822	12.45232
LOIK	06/24	47.56253	12.12290	47.56668	12.13156
LOIR	04/22	47.46900	10.68860	47.47290	10.69430
LOKF	02/20	46.70620	14.07500	46.71100	14.07800
LOKG	04/22	46.53070	14.32810	46.53480	14.33370
LOKH	17/35	46.93090	14.43140	46.92450	14.43270
LOKL	12/30	46.79935	12.87560	46.79683	12.88100
LOKM	08/26	46.97490	14.36920	46.97550	14.37430
LOKN	09/27	46.58040	13.62510	46.58050	13.63440
LOKR	06/24	46.74248	14.41107	46.74407	14.41580
LOKW	01/19	46.81450	14.82470	46.82060	14.82550
LOLC	05/23	47.89600	13.93540	47.89980	13.94170
LOLE	15/33	48.34070	13.98410	48.33750	13.98670
LOLF	11/29	48.51430	14.40350	48.51320	14.41040
LOLG	03/21	48.10149	14.94889	48.10480	14.95301
LOLH	08/26	48.13900	14.33300	48.13950	14.33900
LOLK	12/30	48.21380	13.34180	48.21150	13.34880
LOLM	13/31	47.87250	14.12240	47.86990	14.12740
LOLO	15/33	48.30290	14.33210	48.29510	14.33680
LOLS	14/32	48.40550	13.44510	48.40030	13.45220
LOLT	10/28	48.05100	14.65760	48.05020	14.66860
LOLU	08/26	47.95090	13.86400	47.95210	13.87130
LOLW	08C/26C	48.18190	14.03400	48.18200	14.04640
LOLW	08L/26R	48.18310	14.03150	48.18340	14.05020
LOLW	08R/26L	48.18050	14.03470	48.18060	14.04630
LOM	01/19	21.25459	-101.94539	21.26156	-101.94281
LOSM	07/25	47.13070	13.69110	47.13320	13.70130
LOWG	16C/34C	47.00430	15.43600	46.97780	15.44330
LOWG	16L/34R	46.99060	15.44260	46.98500	15.44410
LOWG	16R/34L	46.99540	15.43510	46.98870	15.43690
LOWI	08/26	47.25880	11.33090	47.26160	11.35700
LOWI	08G/28G	47.26134	11.33750	47.26183	11.34205
LOWK	10L/28R	46.64590	14.32070	46.63910	14.35480
LOWK	10R/28L	46.64410	14.32020	46.64230	14.32910
LOWL	08/26	48.23250	14.16740	48.23390	14.20770
LOWL	08E/26E	48.23530	14.18380	48.23560	14.19260
LOWS	15/33	47.80563	12.99619	47.78206	13.01109
LOWW	11/29	48.12280	16.53340	48.10900	16.57560
LOWW	16/34	48.11980	16.57820	48.08860	16.59130
LOWZ	07/25	47.29070	12.78589	47.29242	12.79590
LOWZ	07R/25L	47.28997	12.79121	47.29064	12.79504
LOXA	06/24	47.53380	14.13559	47.53744	14.14668
LOXN	18L/36R	47.84510	16.22396	47.83053	16.22382
LOXZ	08L/26R	47.20380	14.74030	47.20540	14.75470
LOXZ	08R/26L	47.20070	14.72650	47.20480	14.76200
LP77	15/33	39.40620	-8.29279	39.39720	-8.28499
LPAR	04/22	38.87180	-9.03923	38.89450	-9.02066
LPAV	17/35	40.66030	-8.74564	40.64810	-8.74146
LPAZ	18/36	36.98500	-25.17330	36.95780	-25.16790
LPBG	02/20	41.85030	-6.70957	41.86530	-6.70468
LPBJ	01L/19R	38.06340	-7.93443	38.09440	-7.93037
LPBJ	01R/19L	38.06540	-7.93170	38.09190	-7.92823
LPBR	07/25	41.58500	-8.45017	41.58900	-8.44021
LPCO	16/34	40.16100	-8.47211	40.15340	-8.46789
LPCS	17/35	38.73112	-9.35740	38.71900	-9.35298
LPEV	01/19	38.52780	-7.89020	38.53930	-7.88908
LPFL	18/36	39.46150	-31.13310	39.44920	-31.12970
LPFR	10/28	37.01730	-7.98609	37.01340	-7.95856
LPGR	09/27	39.09080	-28.03770	39.09350	-28.02200
LPHR	10/28	38.51990	-28.72450	38.51990	-28.70710
LPLA	15/33	38.77600	-27.10560	38.75290	-27.08140
LPMA	05/23	32.68900	-16.78480	32.70680	-16.76400
LPMR	36/18	39.81780	-8.88779	39.84470	-8.88673
LPMT	01/19	38.69990	-9.03834	38.71960	-9.03547
LPMT	07/25	38.70500	-9.03717	38.71160	-9.01041
LPOV	18/36	40.92680	-8.64690	40.90500	-8.64495
LPPD	12/30	37.74620	-25.71090	37.73790	-25.68460
LPPI	09/27	38.55180	-28.45270	38.55390	-28.43290
LPPM	11/29	37.15050	-8.58856	37.14820	-8.57934
LPPR	17/35	41.26330	-8.68524	41.23250	-8.67720
LPPS	18/36	33.08700	-16.35050	33.05990	-16.34940
LPPT	02/20	38.76568	-9.14430	38.79731	-9.12738
LPSJ	13/31	38.66830	-28.18290	38.66270	-28.16880
LPST	14/32	38.83680	-9.34688	38.82530	-9.33243
LPTN	08/26	39.47210	-8.38571	39.47660	-8.35968
LPTN	12/30	39.47910	-8.37380	39.47420	-8.36137
LPVL	16/34	41.28040	-8.51802	41.27180	-8.51257
LPVR	02/20	41.27030	-7.72217	41.27840	-7.71875
LPVZ	35/17	40.72000	-7.88850	40.73100	-7.88955
LQBI	12/30	44.79959	15.89867	44.79467	15.91019
LQBK	16/34	44.95240	17.29460	44.93040	17.30040
LQMO	15/33	43.29290	17.84030	43.27300	17.85140
LQSA	11/29	43.83000	18.31710	43.81920	18.34590
LQTZ	09/27	44.45980	18.70930	44.45750	18.74030
LR79	02/20	45.14860	27.42360	45.16860	27.43810
LR80	18/36	44.40350	27.72810	44.38110	27.72530
LR82	04/22	45.20820	26.96760	45.22460	26.98960
LRAR	09/27	46.17740	21.24920	46.17570	21.27480
LRBC	16/34	46.53270	26.90590	46.51110	26.91440
LRBM	09/27	47.66000	23.44970	47.65690	23.47810
LRBS	07/25	44.49920	26.08280	44.50720	26.12150
LRBV	03/21	45.69602	25.51279	45.71648	25.53423
LRCK	18/36	44.37770	28.49060	44.34650	28.48630
LRCL	07/25	46.78515	23.67406	46.79020	23.69646
LRCS	11/29	45.42360	22.24190	45.41780	22.26610
LRCT	15/33	46.51260	23.87930	46.49200	23.89260
LRCV	08/26	44.31790	23.87290	44.31840	23.90410
LRIA	14/32	47.18947	27.61270	47.17101	27.62911
LROD	01/19	47.01734	21.90012	47.03327	21.90469
LROP	08L/26R	44.57650	26.08390	44.57980	26.12780
LROP	08R/26L	44.56450	26.07660	44.56780	26.12040
LRPV	09/27	44.92658	25.95458	44.92617	25.96651
LRSB	09/27	45.78616	24.06867	45.78561	24.10249
LRSM	01/19	47.69240	22.88190	47.71410	22.88950
LRSV	16/34	47.69520	26.35060	47.67980	26.35750
LRTC	16/34	45.07120	28.71150	45.05380	28.71710
LRTM	07/25	46.46530	24.40000	46.47030	24.42500
LRTR	11/29	45.81510	21.31680	45.80450	21.35900
LS88	14/32	30.45194	-92.33056	30.44750	-92.32417
LSGB	15/33	46.25967	6.98493	46.25553	6.98885
LSGC	05/23	47.08100	6.78702	47.08690	6.79909
LSGE	09/27	46.75560	7.07053	46.75497	7.08096
LSGG	04/22	46.22580	6.09092	46.25040	6.12699
LSGK	08/26	46.48533	7.23925	46.48779	7.25807
LSGL	18/36	46.54850	6.61700	46.54217	6.61633
LSGP	04/22	46.40430	6.25551	46.40866	6.26081
LSGR	03/21	46.61091	7.67456	46.61659	7.68121
LSGS	07/25	46.21670	7.31457	46.22198	7.33939
LSGS	07G/25G	46.21850	7.32107	46.22000	7.32795
LSGT	17/35	46.59810	7.09374	46.59020	7.09502
LSGY	04/22	46.75922	6.60907	46.76459	6.61739
LSKV	03/21	48.04273	17.35187	48.04751	17.35187
LSMA	01/19	46.93624	8.28183	46.94944	8.28585
LSMD	11/29	47.40160	8.63372	47.39530	8.66272
LSMD	11R/29L	47.39959	8.63504	47.39714	8.64624
LSME	04/22	47.08350	8.29507	47.10130	8.31517
LSMM	10/28	46.74337	8.09590	46.74131	8.12193
LSMP	05/23	46.83470	6.90106	46.85170	6.92907
LSPA	09/27	47.57426	9.04345	47.57385	9.05280
LSPD	11/29	47.44008	7.48601	47.43817	7.49378
LSPF	07/25	47.68957	8.52375	47.69142	8.53046
LSPG	03/21	46.90381	8.25056	46.91106	8.25584
LSPH	01/19	47.51178	8.77067	47.51781	8.77307
LSPL	05/23	47.18140	7.73853	47.18400	7.74346
LSPL	05R/23L	47.18196	7.74000	47.18380	7.74350
LSPM	11/29	46.51369	8.68568	46.51103	8.70139
LSPV	08/26	47.20441	8.86415	47.20528	8.87058
LSTA	10/28	46.30460	7.81370	46.30443	7.82462
LSTS	14/32	46.50350	7.40363	46.49235	7.41955
LSTZ	17/35	46.55425	7.38058	46.55425	7.38058
LSZA	01/19	45.99850	8.90776	46.01000	8.91339
LSZB	14/32	46.91931	7.49083	46.90739	7.50537
LSZB	14L/32R	46.91450	7.49510	46.91000	7.50058
LSZB	14R/32L	46.91420	7.49449	46.90970	7.49995
LSZB	16L/34R	46.91065	7.49690	46.90938	7.49755
LSZB	16R/34L	46.91297	7.49463	46.90863	7.49700
LSZC	06/24	46.97072	8.38580	46.97801	8.40805
LSZE	12/30	47.01598	9.47911	47.01379	9.48482
LSZF	08/26	47.44316	8.22941	47.44419	8.23839
LSZF	08R/26L	47.44291	8.23045	47.44384	8.23848
LSZG	06/24	47.17985	7.41143	47.18348	7.42320
LSZG	06G/24G	47.17890	7.41237	47.18150	7.42078
LSZG	06L/24R	47.18077	7.41229	47.18224	7.41702
LSZG	06R/24L	47.17927	7.41212	47.18187	7.42053
LSZH	01H/19H	47.44933	8.54772	47.45197	8.54899
LSZH	10/28	47.45890	8.53747	47.45660	8.57045
LSZH	14/32	47.48310	8.53473	47.46130	8.56446
LSZH	16/34	47.47560	8.53595	47.44540	8.55673
LSZJ	06/24	47.18230	7.08752	47.18451	7.09418
LSZK	12/30	47.37798	8.75407	47.37489	8.76099
LSZL	08C/26C	46.15996	8.87456	46.16114	8.88346
LSZL	08L/26R	46.16462	8.87274	46.16598	8.88296
LSZL	08R/26L	46.15874	8.87490	46.15993	8.88379
LSZM	01/19	47.07090	9.06217	47.08450	9.06678
LSZN	09L/27R	47.23899	8.51097	47.23887	8.52020
LSZO	15L/33R	47.19123	8.20387	47.18798	8.20590
LSZO	15R/33L	47.19110	8.20284	47.18718	8.20530
LSZP	04/22	47.08606	7.28577	47.09037	7.29230
LSZR	10/28	47.48600	9.55161	47.48420	9.56896
LSZR	10L/28R	47.48641	9.55741	47.48530	9.56803
LSZS	03/21	46.52703	9.87810	46.54149	9.88984
LSZT	06/24	47.52354	9.00029	47.52575	9.00682
LSZV	07/25	47.50851	9.25960	47.50948	9.26581
LSZW	14/32	46.75907	7.59708	46.75353	7.60376
LTAB	06/24	39.93060	32.72940	39.93860	32.75060
LTAC	03L/21R	40.11780	32.98370	40.14240	33.00720
LTAC	03R/21L	40.11410	32.98320	40.14130	33.00910
LTAD	11L/29R	39.95690	32.67120	39.94750	32.69920
LTAE	03/21	40.06620	32.55500	40.09160	32.57630
LTAF	05/23	36.97480	35.26800	36.98950	35.29280
LTAG	05/23	36.99370	35.41220	37.01030	35.43950
LTAH	13L/31R	38.73730	30.58780	38.71450	30.61840
LTAH	13R/31L	38.73630	30.58660	38.71760	30.61160
LTAI	18C/36C	36.91550	30.79470	36.88510	30.79060
LTAI	18L/36R	36.91140	30.81140	36.88090	30.80720
LTAI	18R/36L	36.91570	30.79240	36.88900	30.78870
LTAJ	10L/28R	36.95110	37.46430	36.94460	37.49460
LTAL	18/36	41.32380	33.79730	41.30420	33.79450
LTAN	01L/19R	37.96511	32.55414	37.99401	32.56511
LTAN	01R/19L	37.96460	32.55630	37.99340	32.56740
LTAO	04L/22R	38.34664	38.24402	38.36079	38.26351
LTAO	04R/22L	38.34586	38.24610	38.35908	38.26432
LTAP	05/23	40.82170	35.50790	40.83700	35.53610
LTAR	01/19	39.79750	36.89670	39.83020	36.91030
LTAS	18/36	41.51450	32.08970	41.49770	32.08760
LTAT	03/21	38.42250	38.08100	38.44820	38.10100
LTAU	07/25	38.76720	35.47870	38.77360	35.51220
LTAV	11/29	39.45750	31.34690	39.44540	31.38320
LTAW	04/22	40.30138	36.35821	40.31271	36.37533
LTAW	06/24	40.32082	36.37531	40.32906	36.40522
LTAY	05/23	37.77860	29.68670	37.79250	29.71590
LTAZ	11/29	38.77800	34.51930	38.76570	34.54980
LTBA	05/23	40.96630	28.81140	40.97780	28.83620
LTBD	09/27	37.81533	27.87950	37.81367	27.89533
LTBF	18/36	39.63270	27.92660	39.60580	27.92530
LTBG	18/36	40.33170	27.97810	40.30470	27.97740
LTBH	04/22	40.12740	26.41530	40.14330	26.43350
LTBI	08/26	39.78410	30.56410	39.78430	30.59970
LTBJ	16L/34R	38.30660	27.15270	38.27820	27.16120
LTBJ	16R/34L	38.30620	27.15060	38.27780	27.15920
LTBK	17/35	38.32510	27.15770	38.31310	27.16100
LTBL	17/35	38.52650	27.00870	38.49960	27.01140
LTBM	14/32	37.78920	30.57880	37.78160	30.58480
LTBN	16/34	39.43300	30.01370	39.42040	30.02010
LTBO	09/27	38.68170	29.45700	38.68130	29.48640
LTBP	08/26	40.68410	29.37200	40.68510	29.38850
LTBP	18/36	40.69440	29.37640	40.68220	29.37560
LTBQ	09/27	40.73650	30.06570	40.73360	30.10080
LTBR	07L/25R	40.25220	29.54540	40.25940	29.57930
LTBR	07R/25L	40.25100	29.54580	40.25820	29.57970
LTBS	01/19	36.70010	28.78810	36.72620	28.79690
LTBT	14L/32R	38.81950	27.82310	38.79920	27.84580
LTBT	14R/32L	38.81870	27.82180	38.79840	27.84450
LTBU	04/22	41.12940	27.90530	41.14710	27.93260
LTBV	06/24	37.13720	27.66160	37.14300	27.67760
LTBW	05/23	41.10180	28.54440	41.10500	28.55040
LTBX	04/22	40.99060	29.21330	40.99550	29.21970
LTBX	18/36	40.99930	29.21650	40.98660	29.21660
LTBY	09/27	39.81050	30.50470	39.80940	30.53410
LTBZ	13/31	39.12035	30.11716	39.10256	30.14327
LTCA	07/25	38.59440	39.26476	38.60089	39.29818
LTCB	10/28	40.96960	38.06887	40.96410	38.10362
LTCC	16L/34R	37.90920	40.19500	37.87860	40.20710
LTCC	16R/34L	37.90858	40.19267	37.87808	40.20476
LTCD	10/28	39.71580	39.51060	39.70620	39.54340
LTCE	08L/26R	39.95680	41.14790	39.95800	41.19250
LTCE	08R/26L	39.95510	41.14800	39.95620	41.19250
LTCF	06/24	40.55530	43.09640	40.56890	43.13360
LTCG	11/29	40.99950	39.77520	40.99060	39.80420
LTCI	03/21	38.45840	43.32270	38.47800	43.34190
LTCJ	02/20	37.91660	41.10910	37.94140	41.12410
LTCK	11/29	38.75480	41.64290	38.74070	41.67950
LTCL	06/24	37.97590	41.83090	37.98190	41.85000
LTCM	05/23	42.01320	35.06250	42.02380	35.08170
LTCN	08/26	37.53640	36.94080	37.54160	36.96600
LTCO	16/34	39.67153	43.02019	39.64548	43.02947
LTCP	04/22	37.72400	38.45820	37.73870	38.47970
LTCR	03/21	37.21440	40.62310	37.23230	40.64020
LTCS	04/22	37.43467	38.88333	37.46150	38.91350
LTCU	11/29	38.86545	40.58308	38.85485	40.60585
LTCW	11/29	37.55666	44.22175	37.54304	44.25366
LTDA	04/22	36.35250	36.27620	36.37230	36.29880
LTFA	17/35	38.53020	26.97380	38.50310	26.97830
LTFB	09/27	37.95062	27.32000	37.95089	27.33786
LTFC	05/23	37.84660	30.35540	37.86420	30.38140
LTFD	05/23	39.54890	27.00420	39.56000	27.02370
LTFE	10L/28R	37.25500	27.64920	37.24730	27.68150
LTFE	10R/28L	37.25340	27.64860	37.24690	27.67560
LTFG	08/26	36.29783	32.28850	36.30050	32.31050
LTFH	13/31	41.26370	36.55420	41.24520	36.58000
LTFJ	06L/24R	40.89270	29.29340	40.90440	29.32500
LTFJ	06R/24L	40.88485	29.30259	40.89876	29.34038
LTFK	02/20	40.20320	25.88700	40.21270	25.89350
LTFM	09/27	41.25369	28.76627	41.25406	28.80002
LTFM	16L/34R	41.29860	28.70920	41.26490	28.70990
LTFM	16R/34L	41.29860	28.70675	41.26484	28.70741
LTFM	17L/35R	41.29883	28.72704	41.26192	28.72776
LTFM	17R/35L	41.29880	28.72450	41.26190	28.72530
LTFM	18/36	41.28980	28.75620	41.26220	28.75670
LTFO	06/24	41.17550	40.83200	41.18417	40.86583
LUBL	15/33	47.84700	27.77490	47.82920	27.78810
LUBM	07/25	47.85900	28.19690	47.86640	28.22870
LUKK	08/26	46.92730	28.90740	46.92830	28.95450
LUKK	09/27	46.93270	28.92020	46.93007	28.95126
LW66	04/22	41.32940	21.44480	41.33680	21.45330
LW67	12/30	42.15660	21.69440	42.15150	21.70310
LW70	14/32	41.76030	21.84150	41.75830	21.84390
LW71	14/32	41.82870	21.98580	41.82660	21.98800
LW73	16/34	41.80000	22.11000	41.79730	22.11080
LW74	17L/35R	41.02490	21.42610	41.01420	21.42880
LW74	17R/35L	41.02490	21.42530	41.02220	21.42590
LW75	12/30	42.06190	21.38480	42.05630	21.39720
LWOH	01/19	41.16900	20.73770	41.19080	20.74690
LWSK	16/34	41.97230	21.61770	41.95100	21.62510
LXGB	09/27	36.15083	-5.35962	36.15151	-5.34006
LY87	13/31	44.78130	20.95160	44.76730	20.97110
LY89	15/33	44.02260	22.13440	44.01390	22.13990
LYBE	12L/30R	44.82652	20.29097	44.81033	20.32745
LYBE	12R/30L	44.82499	20.28989	44.80832	20.32748
LYBT	12/30	44.93420	20.25030	44.92910	20.26050
LYBT	12L/30R	44.94750	20.23770	44.93450	20.26350
LYKV	13/31	43.82545	20.57693	43.81032	20.59579
LYLE	18/36	43.02550	21.93330	43.01550	21.93270
LYNI	11/29	43.34120	21.84130	43.33230	21.86950
LYPG	18/36	42.37060	19.25300	42.34820	19.25070
LYSM	09/27	45.03762	19.65365	45.03729	19.66766
LYSU	14/32	46.02660	19.70280	46.01900	19.71000
LYTV	14/32	42.41310	18.71330	42.39620	18.73330
LYUZ	11/29	43.90300	19.67930	43.89480	19.71600
LYVR	01L/19R	45.14420	21.30770	45.15160	21.30990
LYVR	01R/19L	45.14250	21.30860	45.15130	21.31120
LYVR	16/34	45.15080	21.30680	45.14680	21.30880
LZHL	04/22	48.80627	17.12743	48.81435	17.14030
LZIB	04/22	48.16080	17.19940	48.17960	17.22650
LZIB	13/31	48.17570	17.20400	48.15580	17.23480
LZKC	07/25	48.93541	21.98852	48.93744	22.00004
LZKZ	01/19	48.64940	21.23640	48.67660	21.24590
LZMC	01/19	48.39130	17.11327	48.41274	17.12341
LZOC	08L/26R	48.59486	19.26067	48.59608	19.27099
LZOC	08R/26L	48.59455	19.26076	48.59581	19.27116
LZPP	01/19	48.61650	17.82520	48.63400	17.83170
LZPW	05/23	49.02577	21.30343	49.02731	21.30668
LZSL	18/36	48.64887	19.13473	48.62729	19.13362
LZTN	03/21	48.86680	18.00410	48.87420	18.01140
LZTN	04/22	48.85840	17.98300	48.87160	18.00150
LZTT	09/27	49.07440	20.22350	49.07280	20.25880
LZZI	06/24	49.22930	18.60640	49.23370	18.62050
M28	18/36	36.22890	-89.72890	36.21960	-89.72880
M38	07/25	34.91490	-86.65140	34.91710	-86.64290
M57	06/24	44.94820	-70.67420	44.95840	-70.65190
M74	04/22	35.29660	-91.56050	35.30020	-91.55610
M74	09/27	35.30060	-91.56090	35.30010	-91.55340
M86	09/27	42.47100	-86.12880	42.47100	-86.12250
MBGT	11/29	21.44670	-71.15140	21.44240	-71.13330
MBNC	08/26	21.91550	-71.94540	21.91950	-71.93370
MBPV	10/28	21.77443	-72.28220	21.77310	-72.25514
MBSC	11/29	21.51704	-71.53831	21.51463	-71.51984
MD1	02/20	39.29540	-75.80070	39.30330	-75.79810
MD31	13/31	39.58160	-76.37910	39.57720	-76.36900
MD99	14/32	39.50420	-79.07760	39.49710	-79.06690
MDAB	11/29	19.19950	-69.43520	19.19770	-69.42430
MDBH	12/30	18.25770	-71.13300	18.24520	-71.10780
MDCR	11/29	17.93120	-71.65150	17.92670	-71.63810
MDJB	01/19	18.56510	-69.98650	18.57990	-69.98470
MDLR	11/29	18.45412	-68.92519	18.45412	-68.92519
MDPC	08/26	18.57030	-68.38310	18.57810	-68.35480
MDPC	09/27	18.56610	-68.37810	18.56860	-68.34880
MDPP	08/26	19.75380	-70.58410	19.76200	-70.55600
MDSD	17/35	18.44400	-69.67420	18.41540	-69.66370
MDSD	18/36	18.44140	-69.67521	18.41589	-69.66584
MDSI	03/21	18.49510	-69.76610	18.51230	-69.75730
MDST	11/29	19.40880	-70.61690	19.40340	-70.59250
ME2	09/27	44.67830	-67.26950	44.68140	-67.25900
ME5	10/28	44.16500	-68.43090	44.16580	-68.42540
ME64	17/35	43.38000	-70.93250	43.37020	-70.92590
MG13	09/27	15.80420	-89.85630	15.80420	-89.84510
MGBN	09/27	15.47440	-88.84170	15.47250	-88.83280
MGCB	03/21	15.46510	-90.40920	15.47290	-90.40430
MGGT	02/20	14.57040	-90.53160	14.59610	-90.52330
MGPB	12/30	15.73830	-88.59370	15.72340	-88.57380
MGRB	08/26	15.99180	-90.45200	15.99220	-90.43860
MGRT	04/22	14.51650	-91.70270	14.52550	-91.69180
MGSJ	15/33	13.94460	-90.83950	13.92780	-90.83220
MGTK	11/29	16.91870	-89.87950	16.90900	-89.85320
MHLC	07/25	15.73720	-86.86600	15.74780	-86.84010
MHLM	04/22	15.44230	-87.93260	15.46160	-87.91570
MHNC	05/23	13.31621	-87.15315	13.32260	-87.14590
MHNJ	12/30	16.44770	-85.91180	16.44300	-85.90140
MHRO	07/25	16.31260	-86.53250	16.32110	-86.51340
MHSC	17/35	14.39323	-87.62320	14.37152	-87.61912
MHTE	06/24	15.77260	-87.48110	15.77910	-87.47050
MHTG	02/20	14.05290	-87.22000	14.06880	-87.21440
MHTJ	06/24	15.92450	-85.94260	15.92920	-85.93390
MI00	12/30	46.05390	-87.26300	46.05050	-87.25340
MI56	7/25	43.07456	-85.27235	43.07686	-85.26473
MKBS	09/27	18.40390	-76.97330	18.40460	-76.96470
MKJP	12/30	17.94030	-76.79950	17.93110	-76.77570
MKJS	07/25	18.49870	-77.92480	18.50870	-77.90190
MKKJ	09/27	18.19860	-76.53960	18.19910	-76.52970
MKTP	14/32	17.99240	-76.82840	17.98470	-76.81910
ML-0001	09/27	13.25530	-10.51130	13.25590	-10.49740
MM10	15/33	28.04380	-115.19000	28.03130	-115.18800
MM11	06/24	24.41560	-104.89200	24.42070	-104.87800
MM12	01/19	25.80970	-107.91000	25.82170	-107.90600
MM13	13/31	27.60530	-105.11000	27.59240	-105.09800
MM16	03/21	25.51890	-103.52400	25.53400	-103.51100
MM17	17/35	23.97050	-98.83480	23.96210	-98.83470
MM20	12/30	18.87750	-96.96300	18.87090	-96.95340
MM22	16/34	23.81130	-97.77580	23.79300	-97.77170
MM23	07/25	29.72440	-114.70500	29.72740	-114.69400
MM25	15/33	19.71500	-103.49300	19.70210	-103.48800
MM29	10/28	16.46460	-98.39730	16.46230	-98.38860
MM30	05/23	24.65540	-107.55800	24.66160	-107.54700
MM31	07/25	20.94580	-97.38180	20.94790	-97.36830
MM32	01/19	29.92140	-112.66100	29.93780	-112.65200
MM35	15/33	18.33235	-100.63552	18.31970	-100.62756
MM36	11/29	26.68170	-100.17800	26.67530	-100.16300
MM37	10/28	25.50930	-102.21200	25.50310	-102.19300
MM39	02/20	25.43490	-108.09500	25.44260	-108.08900
MM41	10/28	16.91380	-99.99890	16.90670	-99.97850
MM42	13/31	27.85990	-101.53000	27.85270	-101.52100
MM44	02/20	26.30030	-99.55270	26.30850	-99.54770
MM47	09/27	19.85230	-101.76000	19.85060	-101.74400
MM48	05/23	17.87630	-92.48160	17.88400	-92.46970
MM50	13/31	24.42480	-106.70600	24.41630	-106.69800
MM51	13/31	26.63970	-100.89400	26.63140	-100.88500
MM52	09/27	25.65260	-108.54800	25.65190	-108.52800
MM53	16/34	24.06840	-98.41700	24.05450	-98.41420
MM54	14/32	23.74260	-98.06500	23.73370	-98.05750
MM56	01/19	22.94850	-98.96170	22.95930	-98.95750
MM63	06/24	19.74270	-104.34400	19.74790	-104.32900
MM64	08/26	26.98970	-102.03900	26.99120	-102.02700
MM65	16/34	31.25910	-109.60900	31.24560	-109.60800
MM66	05/23	18.68070	-103.68100	18.68850	-103.67000
MM67	03/21	23.66930	-100.62900	23.68390	-100.61700
MM68	07/25	28.03740	-103.77300	28.03860	-103.76500
MM68	09/27	28.03890	-103.78100	28.03430	-103.76200
MM69	03/21	30.66910	-110.93600	30.67980	-110.92700
MM72	12/30	21.15970	-88.18020	21.15170	-88.16560
MM73	17/35	18.53470	-100.85100	18.52000	-100.85000
MM75	11/29	31.24570	-109.63000	31.24010	-109.62100
MM79	14/32	26.40320	-108.61500	26.39320	-108.60800
MM80	15/33	30.49170	-109.64800	30.47020	-109.64000
MM81	18/36	18.77960	-110.92900	18.76870	-110.93200
MM82	03/21	27.01810	-103.38000	27.02930	-103.37100
MM84	09/27	26.92340	-105.78900	26.92080	-105.77600
MMAA	06/24	16.75360	-99.76240	16.75960	-99.74770
MMAA	10/28	16.76000	-99.76320	16.75070	-99.73380
MMAL	02/20	26.32280	-99.54960	26.34510	-99.53530
MMAN	02/20	25.85600	-100.24400	25.87140	-100.23300
MMAN	11/29	25.87160	-100.24800	25.86420	-100.23500
MMAS	18/36	21.71460	-102.31700	21.68750	-102.31900
MMBT	07/25	15.77300	-96.27500	15.77760	-96.25020
MMCB	03/21	18.82370	-99.26840	18.84590	-99.25420
MMCC	13/31	29.33950	-101.10800	29.32840	-101.09400
MMCE	13/31	18.65950	-91.80620	18.64430	-91.79270
MMCG	04/22	30.39990	-107.87600	30.40310	-107.87000
MMCG	13/31	30.40470	-107.88000	30.39020	-107.87000
MMCH	15/33	17.57960	-99.51700	17.56790	-99.51170
MMCL	03/21	24.75637	-107.48136	24.77333	-107.46925
MMCM	10/28	18.50770	-88.33670	18.50160	-88.31690
MMCN	13/31	27.40020	-109.84100	27.38500	-109.82500
MMCP	16/34	19.82780	-90.50320	19.80580	-90.49740
MMCS	03/21	31.62830	-106.43600	31.64740	-106.41800
MMCS	14/32	31.64320	-106.43200	31.62870	-106.42500
MMCT	10/28	20.64350	-88.45940	20.63900	-88.43300
MMCU	05/23	28.69670	-105.97200	28.70230	-105.96300
MMCU	18L/36R	28.71460	-105.96100	28.69160	-105.96600
MMCU	18R/36L	28.71330	-105.96300	28.69200	-105.96800
MMCV	15/33	23.71250	-98.96080	23.69420	-98.95220
MMCY	08/26	20.54670	-100.89600	20.54520	-100.87700
MMCZ	12/30	20.52010	-86.94000	20.50950	-86.91660
MMDO	03/21	24.11390	-104.53700	24.13450	-104.51900
MMEP	02/20	21.41020	-104.84700	21.42870	-104.83800
MMES	11/29	31.79900	-116.60900	31.79160	-116.59600
MMGL	11L/29R	20.53102	-103.32666	20.51800	-103.29567
MMGL	11R/29L	20.52879	-103.32770	20.51407	-103.29266
MMGM	02/20	27.95980	-110.93100	27.97820	-110.91900
MMGR	12/30	28.03290	-114.03200	28.01920	-114.01600
MMHC	13/31	18.50430	-97.42560	18.49000	-97.41420
MMHO	05/23	29.08800	-111.06300	29.09880	-111.04200
MMIA	07/25	19.27410	-103.58800	19.27990	-103.56700
MMIM	15/33	21.24930	-86.74220	21.24080	-86.73770
MMIO	17/35	25.55150	-100.92800	25.52530	-100.92900
MMIT	17/35	16.45990	-95.09370	16.43880	-95.09370
MMJA	08/26	19.47460	-96.80560	19.47560	-96.78940
MMJC	04/22	19.57080	-99.29350	19.57890	-99.28420
MMLC	01/19	17.99550	-102.22300	18.00790	-102.21800
MMLM	09/27	25.68670	-109.09000	25.68360	-109.07100
MMLO	13/31	21.00440	-101.49300	20.98250	-101.46900
MMLP	18/36	24.08390	-110.36100	24.06150	-110.36400
MMLT	16/34	25.99910	-111.35000	25.97930	-111.34700
MMMA	15/33	25.77940	-97.52990	25.76040	-97.52070
MMMD	10/28	20.93760	-89.66030	20.93000	-89.63060
MMMD	18/36	20.94070	-89.65760	20.91980	-89.65800
MMML	10/28	32.63620	-115.25500	32.62510	-115.23000
MMMM	05/23	19.84110	-101.03900	19.85880	-101.01200
MMMT	01/19	18.09440	-94.58370	18.11250	-94.57760
MMMV	06L/24R	26.95550	-101.47600	26.95940	-101.46200
MMMV	06R/24L	26.95120	-101.48100	26.95680	-101.46100
MMMX	05L/23R	19.42760	-99.09050	19.44570	-99.05820
MMMX	05R/23L	19.42700	-99.08580	19.44490	-99.05390
MMMY	12/30	25.78410	-100.11700	25.77000	-100.09100
MMMY	16/34	25.78810	-100.11000	25.77240	-100.10500
MMMZ	09/27	23.16200	-106.27800	23.16070	-106.25200
MMNG	16/34	31.23410	-110.97800	31.21810	-110.97600
MMNL	14/32	27.45170	-99.57540	27.43590	-99.56550
MMOX	01/19	16.98810	-96.72910	17.00940	-96.72280
MMPA	08/26	20.60250	-97.46950	20.60280	-97.45220
MMPB	17/35	19.17450	-98.37200	19.14180	-98.37090
MMPC	03/21	20.06970	-98.78800	20.08520	-98.77690
MMPG	12/30	28.63290	-100.54400	28.62190	-100.52700
MMPN	02/20	19.38740	-102.04500	19.40600	-102.03300
MMPP	11/29	23.80590	-109.71100	23.80090	-109.70300
MMPQ	10/28	17.53599	-92.02691	17.53011	-92.00417
MMPR	04/22	20.67050	-105.26500	20.68960	-105.24300
MMPS	09/27	15.87740	-97.09990	15.87640	-97.07830
MMQT	09/27	20.62020	-100.20200	20.61430	-100.16900
MMRX	13/31	26.01560	-98.23450	26.00230	-98.22250
MMSD	16/34	23.16530	-109.72300	23.13840	-109.71900
MMSF	13/31	30.93540	-114.81400	30.92500	-114.80400
MMSL	11/29	22.95300	-109.94733	22.94367	-109.92933
MMSM	04C/22C	19.72856	-99.02310	19.75513	-98.99063
MMSM	04L/22R	19.73408	-99.03970	19.76065	-99.00723
MMSM	04R/22L	19.72582	-99.02063	19.74650	-98.99535
MMSP	04/22	22.25240	-100.93300	22.25850	-100.92600
MMSP	14/32	22.27360	-100.94300	22.25030	-100.92800
MMTA	01/19	19.52720	-98.17710	19.54870	-98.16990
MMTB	17/35	16.74970	-93.17340	16.73020	-93.17310
MMTC	08/26	25.56831	-103.41194	25.56812	-103.39732
MMTC	13/31	25.57201	-103.41467	25.55419	-103.39555
MMTG	15/33	16.57140	-93.03220	16.55220	-93.01990
MMTJ	09/27	32.54310	-116.98600	32.53900	-116.95500
MMTM	09/27	22.30250	-97.87320	22.30070	-97.86170
MMTM	14/32	22.30200	-97.87410	22.28320	-97.85990
MMTM	18/36	22.30060	-97.86230	22.28970	-97.86440
MMTN	16/34	22.04480	-98.80710	22.03180	-98.80590
MMTO	15/33	19.35450	-99.57390	19.31960	-99.55810
MMTP	05/23	14.78920	-92.37770	14.79950	-92.36240
MMUN	12L/30R	21.05470	-86.88138	21.04066	-86.85896
MMUN	12R/30L	21.04530	-86.89100	21.02780	-86.86290
MMVA	08/26	17.99640	-92.82780	17.99760	-92.80690
MMVR	19/01	19.14950	-96.18630	19.12810	-96.19070
MMZC	02/20	22.88510	-102.69400	22.90910	-102.68000
MMZH	09/27	17.60193	-101.47235	17.60132	-101.44875
MMZM	18/36	20.05230	-102.27500	20.03890	-102.27700
MMZO	10/28	19.14750	-104.56900	19.14200	-104.54900
MMZP	08L/26R	20.76150	-103.47300	20.76080	-103.46100
MMZP	08R/26L	20.75130	-103.47600	20.75000	-103.45000
MN19	15/33	45.04930	-93.83780	45.04540	-93.83490
MN44	11/29	45.93750	-95.53080	45.93520	-95.52150
MN47	09/27	45.55060	-93.46530	45.55250	-93.45630
MN87	18/36	45.24510	-93.22150	45.24210	-93.22180
MN99	09/27	44.91580	-94.09280	44.91530	-94.08500
MNBL	05/23	11.98600	-83.78190	11.99590	-83.76630
MNBR	09/27	12.19070	-86.35810	12.18940	-86.34960
MNCE	03/21	11.42190	-86.03740	11.43320	-86.02940
MNCI	03/21	12.16734	-83.06362	12.18218	-83.05508
MNFC	09/27	12.35710	-86.19620	12.34960	-86.16970
MNLN	09/27	12.42800	-86.90660	12.42810	-86.89810
MNMG	10/28	12.14270	-86.17930	12.14020	-86.15700
MNMR	05/23	11.79940	-86.51860	11.81090	-86.50410
MNPC	09/27	14.04630	-83.39810	14.04590	-83.37530
MO09	13/31	40.02640	-91.87810	40.02060	-91.86940
MO2	06/24	37.17340	-93.13290	37.17700	-93.12520
MO23	18/36	38.63690	-92.53360	38.62980	-92.53340
MO5	02/20	37.00620	-91.00900	37.01260	-91.00480
MO56	11/29	36.51560	-92.64500	36.51280	-92.63540
MO61	1/19	36.55967	-93.64007	36.56399	-93.63840
MO64	12/30	36.61210	-93.44720	36.60740	-93.44060
MO84	09/27	37.71640	-91.13860	37.71670	-91.12780
MP01	18/36	8.35929	-82.83640	8.35071	-82.83630
MP02	13/31	9.54660	-82.73780	9.54006	-82.72970
MP03	05/23	8.33543	-82.50690	8.34135	-82.50010
MP17	10/28	9.43162	-82.50200	9.43061	-82.49280
MP18	18/36	8.50845	-80.36020	8.49922	-80.36050
MP21	12/30	8.77504	-82.67210	8.76574	-82.65660
MP22	01/19	8.19096	-80.65990	8.19948	-80.65750
MP23	18/36	9.17169	-79.54520	9.16088	-79.54500
MP24	18/36	8.59387	-79.88940	8.58305	-79.89010
MP26	07/25	8.22364	-78.90980	8.22606	-78.89890
MP27	06/24	9.51432	-82.59950	9.51795	-82.59140
MPBO	08/26	9.34048	-82.25770	9.34123	-82.24400
MPCE	01/19	7.98129	-80.41110	7.99438	-80.40840
MPCH	03/21	9.45455	-82.51780	9.46305	-82.51250
MPDA	04/22	8.37992	-82.44370	8.39844	-82.42917
MPEJ	18/36	9.37278	-79.86694	9.34833	-79.86777
MPHO	18/36	8.92651	-79.59960	8.90308	-79.59960
MPMG	01/19	8.96525	-79.55630	8.98143	-79.55490
MPNU	16/34	7.86186	-80.27770	7.85289	-80.27450
MPSA	17/35	8.09103	-80.94570	8.08017	-80.94480
MPSM	17/35	8.39072	-80.13265	8.36941	-80.12659
MPTO	03L/21R	9.07279	-79.38730	9.09362	-79.37480
MPTO	03R/21L	9.04757	-79.39270	9.07156	-79.37900
MPZL	08/26	9.42654	-82.56740	9.42763	-82.55790
MRAO	02/20	10.41370	-83.60140	10.42180	-83.59850
MRBA	01/19	9.15903	-83.33100	9.16748	-83.32960
MRBC	16/34	10.77310	-83.58680	10.76440	-83.58440
MRCC	18/36	8.60612	-82.96860	8.59700	-82.96860
MRCH	09/27	9.98217	-84.77950	9.98065	-84.76590
MRCV	04/22	10.35220	-85.85590	10.35920	-85.84990
MRDC	09/27	10.35160	-83.63490	10.35140	-83.62610
MREC	08/26	10.20120	-83.47680	10.20290	-83.46760
MRFI	03/21	8.91088	-83.51080	8.92182	-83.50370
MRGF	13/31	8.65852	-83.18670	8.64950	-83.17770
MRGP	03/21	10.21310	-83.80000	10.22130	-83.79400
MRLB	07/25	10.58910	-85.55630	10.59750	-85.53250
MRLC	06/24	11.03240	-84.71120	11.03820	-84.70100
MRLM	14/32	9.96470	-83.02650	9.95122	-83.01750
MRNS	04/24	9.97283	-85.65560	9.98016	-85.65030
MROC	07/25	9.98900	-84.22190	9.99885	-84.19590
MRPD	08/26	9.73162	-82.98770	9.73272	-82.97870
MRPM	04/22	8.94571	-83.47200	8.95634	-83.46510
MRPV	10/28	9.95770	-84.14710	9.95641	-84.13240
MRQP	04/22	9.43939	-84.13300	9.44694	-84.12650
MRSG	01/19	10.28380	-83.71400	10.29280	-83.71300
MRSV	08/26	8.82545	-82.96330	8.82677	-82.95450
MRUP	05/23	10.88890	-85.01940	10.89550	-85.01290
MS10	03/21	33.14170	-90.51780	33.14870	-90.51270
MS37	N/S	33.64630	-90.99010	33.66030	-90.99100
MS57	06/24	31.21810	-91.24450	31.22220	-91.23620
MS88	09/27	30.77740	-89.73110	30.77740	-89.71900
MSET	15/33	13.16820	-87.90720	13.15700	-87.90230
MSLD	01/19	13.72170	-88.10760	13.73060	-88.10580
MSLP	07/25	13.43600	-89.06960	13.44590	-89.04180
MSSS	15/33	13.70850	-89.12450	13.69050	-89.11530
MT08	13/31	47.91220	-108.47900	47.90380	-108.47000
MT15	05/23	46.62310	-112.11900	46.62610	-112.10800
MT15	10/28	46.62780	-112.11500	46.62530	-112.10900
MTCA	08/26	18.26990	-73.79290	18.27230	-73.78360
MTCH	05/23	19.71800	-72.20755	19.73650	-72.19148
MTF	06/24	64.80640	-147.77699	64.80720	-147.74800
MTJA	01/19	18.23650	-72.51900	18.24570	-72.51800
MTPP	10/28	18.57930	-72.30690	18.58080	-72.27820
MU-0001	15/33	-10.36670	56.60546	-10.37635	56.61232
MU-0004	15/33	-10.36056	56.59530	-10.38284	56.61098
MU73	9/27	36.92640	-93.29150	36.92640	-93.28730
MUBA	16/34	20.37270	-74.50980	20.35800	-74.50260
MUBR	09/27	22.62090	-79.15590	22.62160	-79.13840
MUBY	07/25	20.39290	-76.63080	20.40000	-76.61220
MUCA	07/25	22.02010	-78.80500	22.03400	-78.77430
MUCC	08/26	22.45650	-78.34240	22.46530	-78.31480
MUCF	02/20	22.13940	-80.41750	22.16030	-80.41110
MUCL	12/30	21.62240	-81.55910	21.61050	-81.53290
MUCM	07/25	21.41540	-77.86090	21.42530	-77.83390
MUCU	10/28	19.96960	-75.85470	19.97000	-75.81650
MUCU	19/01	19.98070	-75.83550	19.96900	-75.83540
MUFL	08/26	21.49870	-78.20740	21.50070	-78.19810
MUGM	10/28	19.90670	-75.21870	19.90620	-75.19540
MUGT	17/35	20.09600	-75.16130	20.07460	-75.15550
MUHA	06/24	22.97860	-82.42490	22.99970	-82.39320
MUHG	05/23	20.77540	-76.32630	20.79570	-76.30390
MUKW	06/24	23.12080	-81.30790	23.12720	-81.29530
MULB	08/26	23.09270	-82.44810	23.09520	-82.42810
MUMG	10/28	22.97070	-82.28860	22.96920	-82.26090
MUMO	07/25	20.65020	-74.93020	20.65780	-74.91430
MUMZ	08/26	20.28520	-77.10030	20.29110	-77.07820
MUNB	06/24	22.75360	-81.92500	22.75870	-81.91690
MUNG	05/23	21.82720	-82.79280	21.84220	-82.77480
MUNG	17/35	21.84170	-82.78030	21.82720	-82.77800
MUPB	02/20	23.02300	-82.58350	23.04230	-82.57510
MUSA	01/19	22.85810	-82.51020	22.87970	-82.50860
MUSA	05/23	22.85140	-82.53910	22.87050	-82.51070
MUSA	12/30	22.87910	-82.52800	22.86980	-82.50600
MUSC	08/26	22.48890	-79.95780	22.49550	-79.92940
MUSL	07/25	21.50690	-77.02860	21.51200	-77.01210
MUSN	05/23	21.63700	-82.96220	21.64810	-82.94800
MUSS	03/21	21.96310	-79.44660	21.97770	-79.43880
MUTD	06/24	21.78360	-80.00420	21.79330	-79.99020
MUVR	06/24	23.02550	-81.44940	23.04340	-81.42120
MUVT	05/23	20.98180	-76.94200	20.99350	-76.92960
MWCB	09/27	19.68620	-79.89140	19.68770	-79.87410
MWCR	08/26	19.29040	-81.36760	19.29510	-81.34790
MX-0070	03/21	19.24820	-97.68100	19.25680	-97.67410
MX-0126	04/22	14.82030	-92.33550	14.82470	-92.33080
MX-0226	09/27	21.91843	-99.94687	21.91615	-99.93152
MX-0955	16/34	22.26875	-104.48870	22.26073	-104.48461
MY02	6/24	44.63160	-93.54230	44.63300	-93.53870
MYAB	09/27	24.28680	-77.69210	24.28850	-77.67720
MYAF	09/27	24.69790	-77.80220	24.69790	-77.78910
MYAK	10/28	24.16040	-77.59910	24.15760	-77.58350
MYAM	09/27	26.51120	-77.09110	26.51160	-77.07580
MYAN	12/30	25.05640	-78.05600	25.05130	-78.04190
MYAP	13/31	22.44590	-73.97680	22.43770	-73.96490
MYAS	10/28	26.00560	-77.40230	26.00370	-77.38870
MYAT	14/32	26.75190	-77.39910	26.73870	-77.38340
MYAX	14/32	26.95400	-77.54920	26.94660	-77.53840
MYBC	11/29	25.41890	-77.88820	25.41530	-77.87350
MYBG	13/31	25.74170	-77.84590	25.73490	-77.83430
MYBS	09/27	25.69998	-79.27335	25.69997	-79.25693
MYCA	12/30	24.63290	-75.68360	24.62590	-75.66400
MYCB	09/27	24.31480	-75.46000	24.31580	-75.44470
MYCI	09/27	22.74520	-74.18830	22.74590	-74.17640
MYEF	12/30	23.56690	-75.88690	23.55800	-75.86830
MYEH	07/25	25.47250	-76.68980	25.47870	-76.67290
MYEM	15/33	25.29370	-76.33800	25.27570	-76.32400
MYEN	03/21	24.59050	-76.82210	24.59800	-76.81830
MYER	09/27	24.89130	-76.18860	24.89210	-76.16690
MYES	17/35	24.17310	-76.44030	24.16510	-76.43780
MYEY	10/28	23.39983	-75.50550	23.39567	-75.49083
MYGF	06/24	26.55130	-78.71030	26.56600	-78.68080
MYIG	09/27	20.97580	-73.67710	20.97420	-73.65660
MYLD	09/27	23.17920	-75.09960	23.17890	-75.08760
MYLS	13/31	23.58450	-75.27540	23.57840	-75.26550
MYMM	06/24	22.37390	-73.02250	22.38510	-73.00450
MYNN	10/28	25.03590	-77.48200	25.03610	-77.45690
MYNN	14/32	25.05180	-77.47560	25.03050	-77.45200
MYRD	13/31	22.18520	-75.73380	22.17850	-75.72510
MYRP	09/27	23.68440	-74.84290	23.68440	-74.82950
MYSM	10/28	24.06430	-74.53590	24.06230	-74.51200
MZBZ	07/25	17.53690	-88.31812	17.54287	-88.29105
N07	01/19	40.94360	-74.31410	40.95160	-74.31490
N10	09/27	40.20310	-75.43530	40.20500	-75.42520
N30	18/36	41.51860	-75.25250	41.51210	-75.25050
N43	18/36	40.74480	-75.24380	40.73960	-75.24210
N85	08/26	40.58570	-75.02350	40.58870	-75.01520
N85	13/31	40.58920	-75.02240	40.58690	-75.01670
NC-0006	11/29	-21.51790	165.96800	-21.52260	165.97600
NC01	03/21	36.08930	-76.32990	36.10310	-76.32420
NC05	06/24	35.40580	-80.80000	35.41140	-80.78890
NC06	12/30	36.16290	-81.90400	36.15760	-81.88990
NC12	08/26	35.38870	-76.79440	35.39010	-76.77500
NC19	4/22	35.38810	-80.57920	35.39510	-80.57190
NC25	09/27	35.50890	-80.31610	35.50890	-80.30610
NC54	01/19	34.86900	-76.34920	34.87860	-76.34910
NC86	05/23	34.73020	-78.75670	34.73810	-78.75340
NCAI	14/32	-18.83020	-159.76500	-18.84490	-159.75700
NCPY	14/32	-9.00639	-158.03650	-9.02362	-158.02730
NCRG	08/26	-21.20270	-159.81700	-21.20270	-159.79401
ND02	17/35	47.81440	-97.96180	47.80780	-97.95840
ND14	08/26	48.23800	-97.80620	48.23800	-97.79700
ND14	17/35	48.23800	-97.79700	48.23110	-97.79700
ND18	12/30	48.50870	-101.21900	48.50360	-101.21200
ND24	08/26	48.14390	-97.67530	48.14390	-97.66540
ND24	17/35	48.14360	-97.67530	48.13760	-97.67530
ND26	17/35	47.90259	-103.66279	47.89647	-103.66284
ND54	14/32	47.13220	-99.73180	47.12640	-99.72650
NE-0003	18/36	21.95891	13.65114	21.94268	13.65025
NE30	17/35	40.57780	-99.42060	40.56940	-99.42000
NE81	16/34	42.89440	-98.65780	42.87940	-98.65420
NFFN	02/20	-17.77370	177.42799	-17.75040	177.44701
NFFN	09/27	-17.75350	177.43600	-17.75830	177.45500
NFNA	10/28	-18.04089	178.55197	-18.04727	178.57114
NFND	14/32	-18.25250	178.04800	-18.25820	178.05099
NFNL	13/31	-16.46270	179.33701	-16.47080	179.34300
NFNM	11/29	-16.68847	-179.88126	-16.69284	-179.87318
NFNS	14/32	-16.79940	179.33884	-16.80654	179.34210
NFTF	11/29	-21.23480	-175.16100	-21.24760	-175.13901
NFTF	17/35	-21.23770	-175.13901	-21.25130	-175.13901
NFTL	11/29	-19.77430	-174.34599	-19.77980	-174.33600
NFTV	08/26	-18.58430	-173.97000	-18.58600	-173.95399
NG-0005	06/24	12.47218	4.35710	12.48621	4.38165
NGTA	09/27	1.38278	173.13800	1.38049	173.15601
NGTE	14/32	-1.22035	174.77299	-1.22859	174.77800
NIUE	10/28	-19.07640	-169.93600	-19.08360	-169.91499
NJ24	15/33	39.69890	-74.40170	39.69440	-74.39830
NLWF	07/25	-14.31224	-178.07149	-14.31096	-178.06137
NLWW	08/26	-13.23830	-176.20900	-13.23830	-176.19000
NM18	1/19	34.53981	-106.77813	34.53865	-106.77766
NM24	01/19	36.92170	-106.55900	36.92940	-106.55500
NM78	E/W	31.87780	-107.65300	31.87780	-107.63800
NM83	03/21	32.77080	-103.22400	32.78440	-103.20800
NM83	12/30	32.77530	-103.21900	32.75820	-103.19900
NM86	06/24	31.93460	-108.54400	31.93890	-108.53000
NM90	17/35	31.90990	-109.02500	31.89620	-109.02500
NO-0002	01/19	60.17658	11.56409	60.18279	11.56534
NSAS	08/26	-14.18400	-169.67300	-14.18470	-169.66701
NSFA	08/26	-13.83020	-172.02200	-13.82970	-171.99400
NSFQ	12/30	-14.21420	-169.42900	-14.22030	-169.42200
NSTU	05/23	-14.34050	-170.72501	-14.32680	-170.70100
NSTU	08/26	-14.32690	-170.71300	-14.32690	-170.70200
NTAA	04/22	-17.56290	-149.62000	-17.54460	-149.59399
NTAR	09/27	-22.43180	-151.36800	-22.43580	-151.35400
NTAT	03/21	-23.36990	-149.53000	-23.36090	-149.51900
NTAV	06/24	-23.88710	-147.66800	-23.88330	-147.65500
NTGA	14/32	-17.34670	-145.51401	-17.35850	-145.50600
NTGB	07/25	-15.82040	-140.89301	-15.81950	-140.88200
NTGC	06/24	-15.12100	-148.23599	-15.11820	-148.22501
NTGE	11/29	-18.46340	-136.44299	-18.46830	-136.43600
NTGF	05/23	-16.05640	-145.66200	-16.05190	-145.65199
NTGI	05/23	-14.43910	-146.07401	-14.43440	-146.06599
NTGJ	12/30	-23.07330	-134.89700	-23.08640	-134.88400
NTGK	02/20	-15.66760	-146.88699	-15.65900	-146.88200
NTGM	11/29	-16.58020	-143.66400	-16.58770	-143.65199
NTGP	10/28	-14.80780	-138.81700	-14.81110	-138.80901
NTGT	07/25	-14.71030	-145.25000	-14.70880	-145.24200
NTGU	10/28	-15.24570	-146.62199	-15.25090	-146.61099
NTGV	01/19	-14.87750	-148.71551	-14.86714	-148.71216
NTGY	18/36	-20.78040	-138.56100	-20.79030	-138.56930
NTHE	06/24	-14.42990	-146.26199	-14.42620	-146.25200
NTKF	08/26	-16.68690	-145.33501	-16.68660	-145.32401
NTKK	08/26	-15.48530	-145.47000	-15.48390	-145.45799
NTKR	07/25	-14.45610	-145.02901	-14.45550	-145.02000
NTMD	06/24	-8.79842	-140.23599	-8.79279	-140.22200
NTMN	02/20	-9.77344	-139.01401	-9.76414	-139.00800
NTTB	11/29	-16.44050	-151.75700	-16.44820	-151.74500
NTTG	09/27	-14.95160	-147.67000	-14.95700	-147.65100
NTTH	07/25	-16.68850	-151.02901	-16.68600	-151.01500
NTTM	12/30	-17.48620	-149.76601	-17.49370	-149.75800
NTTO	12/30	-18.06410	-140.95700	-18.08560	-140.93500
NTTP	08/26	-16.42660	-152.24800	-16.42640	-152.23900
NTTR	07/25	-16.72350	-151.47200	-16.72220	-151.45900
NV11	1/19	36.92824	-116.00893	36.94110	-116.00298
NV11	14/32	36.95660	-116.04500	36.93490	-116.03000
NV27	03/21	37.70870	-118.08900	37.71910	-118.08200
NV27	13/31	37.71890	-118.08600	37.70900	-118.07700
NV30	16/34	39.97470	-117.82800	39.95810	-117.82700
NV33	16/34	38.83300	-119.39600	38.82350	-119.39800
NV72	18/36	38.51470	-119.21500	38.50490	-119.21900
NV74	15/33	36.27790	-115.99700	36.26420	-115.99300
NVSS	12/30	-15.49940	167.21300	-15.51060	167.22701
NVVV	11/29	-17.69270	168.30701	-17.70370	168.32800
NVVV	11R/29L	-17.69520	168.31100	-17.69950	168.31900
NVVW	15/33	-19.45000	169.22200	-19.46030	169.22600
NWWC	09/27	-19.71980	163.65800	-19.72130	163.66299
NWWD	09/27	-21.05350	164.83200	-21.05500	164.84200
NWWE	10/28	-22.58680	167.45100	-22.59090	167.46100
NWWK	06/24	-20.54820	164.25101	-20.54440	164.26100
NWWL	12/30	-20.77130	167.23599	-20.77830	167.24400
NWWM	17/35	-22.25260	166.47301	-22.26400	166.47301
NWWR	13/31	-21.47830	168.03400	-21.48510	168.04100
NWWU	13/31	-20.78590	165.25700	-20.79410	165.26199
NWWV	13/31	-20.63660	166.57001	-20.64450	166.57600
NWWW	11/29	-22.00700	166.19901	-22.02210	166.22600
NY05	12L/30R	42.78260	-74.33110	42.78040	-74.32030
NY05	12R/30L	42.78260	-74.33110	42.78030	-74.32030
NY1	01/19	42.34532	-73.63495	42.35555	-73.63660
NY20	13/31	42.96010	-74.68340	42.95670	-74.67410
NZ-0022	18/36	-44.97260	169.22099	-44.98560	169.21400
NZAA	05R/23L	-37.01710	174.76700	-37.00670	174.80499
NZAP	17/35	-38.73430	176.08701	-38.74650	176.08200
NZAR	03/21	-37.03524	174.96892	-37.02635	174.98022
NZCH	01/19	-43.48660	172.53101	-43.48270	172.53500
NZCH	02/20	-43.49760	172.52200	-43.47500	172.54800
NZCH	11/29	-43.48460	172.52499	-43.49470	172.54100
NZCI	05/23	-43.81380	-176.47301	-43.81000	-176.45700
NZDN	03/21	-45.93390	170.18700	-45.92440	170.20799
NZFI	10/28	-40.25360	175.60001	-40.25810	175.61099
NZFX	15/33	-77.96989	166.77031	-77.94400	166.72887
NZGM	01/19	-42.46605	171.18718	-42.45865	171.19325
NZGS	03/21	-38.66810	177.97200	-38.66110	177.98100
NZGS	09/27	-38.66110	177.97000	-38.66580	177.98199
NZGS	14L/32R	-38.66000	177.97900	-38.66670	177.98100
NZGS	14R/32L	-38.65790	177.97501	-38.66930	177.97900
NZGT	15/33	-43.90610	170.12700	-43.91470	170.12900
NZHK	03/21	-42.71378	170.97945	-42.70736	170.99290
NZHK	12/30	-42.71060	170.98399	-42.71970	170.99200
NZHN	07/25	-37.86240	175.32500	-37.86290	175.33299
NZHN	07R/25L	-37.86290	175.32500	-37.86340	175.33299
NZHN	18L/36R	-37.85820	175.33501	-37.87510	175.32899
NZHN	18R/36L	-37.86280	175.33200	-37.87040	175.32899
NZKE	17/35	-36.80000	175.08600	-36.81200	175.08600
NZKK	02/20	-35.26560	173.91400	-35.26210	173.91701
NZKK	15L/33R	-35.25830	173.91299	-35.26440	173.91400
NZKK	15R/33L	-35.25200	173.91100	-35.26260	173.91400
NZKT	12/30	-35.06430	173.28101	-35.07450	173.29100
NZKT	18/36	-35.06940	173.28799	-35.08060	173.28400
NZLX	01/19	-45.21330	169.36800	-45.20780	169.37199
NZLX	14L/32R	-45.20580	169.37000	-45.21580	169.37500
NZLX	14R/32L	-45.20560	169.36900	-45.21590	169.37399
NZMC	13/31	-43.76000	170.13000	-43.77280	170.13800
NZMO	08/26	-45.53170	167.64301	-45.53340	167.65601
NZMS	06C/24C	-40.97410	175.62801	-40.97180	175.64200
NZMS	06L/24R	-40.97400	175.62801	-40.97390	175.63300
NZMS	06R/24L	-40.97720	175.63000	-40.97470	175.64101
NZMS	10/28	-40.97220	175.62700	-40.97720	175.63800
NZNP	05L/23R	-39.01040	174.17000	-39.00540	174.18401
NZNP	05R/23L	-39.01310	174.16901	-39.00950	174.17999
NZNP	14/32	-39.00030	174.17900	-39.01030	174.18401
NZNR	07/25	-39.46460	176.85699	-39.46430	176.87199
NZNR	16/34	-39.46199	176.86804	-39.47769	176.86632
NZNS	02/20	-41.30270	173.22000	-41.29360	173.23000
NZNS	06/24	-41.29613	173.21699	-41.29545	173.22417
NZNV	04/22	-46.41880	168.30099	-46.41040	168.32700
NZNV	04R/22L	-46.41390	168.31300	-46.41140	168.32100
NZNV	07/25	-46.41160	168.31900	-46.41170	168.32401
NZNV	12/30	-46.40970	168.31300	-46.41580	168.32001
NZOH	09/27	-40.20220	175.37300	-40.20940	175.39999
NZOH	15/33	-40.19830	175.38499	-40.21680	175.39000
NZOU	02/20	-44.96830	171.08299	-44.96310	171.09000
NZOU	11/29	-44.96830	171.08299	-44.97420	171.09100
NZOU	18/36	-44.96186	171.08514	-44.97215	171.07785
NZPM	07L/25R	-40.32140	175.60300	-40.32140	175.62601
NZPP	11L/29R	-40.89860	174.98500	-40.90490	174.99400
NZPP	16R/34L	-40.89740	174.98801	-40.90990	174.98900
NZQN	05/23	-45.02012	168.73492	-45.01644	168.75836
NZQN	14/32	-45.01718	168.74091	-45.02477	168.74457
NZRO	18L/36R	-38.10170	176.32100	-38.10830	176.31599
NZRO	18R/36L	-38.10040	176.32001	-38.11320	176.31300
NZRU	13/31	-39.43640	175.65199	-39.44560	175.66000
NZSP	02T/20T	-89.96594	-150.05927	-89.99498	-77.06928
NZTG	04/22	-37.67310	176.18800	-37.66940	176.19400
NZTG	07L/25R	-37.67330	176.19501	-37.67420	176.20399
NZTG	07R/25L	-37.67380	176.18800	-37.67560	176.20900
NZTG	16/34	-37.67110	176.19501	-37.67740	176.19400
NZTU	02/20	-44.30310	171.22099	-44.29450	171.23100
NZTU	02L/20R	-44.30140	171.22099	-44.29340	171.23100
NZTU	11/29	-44.30030	171.22501	-44.30700	171.23500
NZUK	15/33	-44.23360	170.11800	-44.24310	170.12000
NZWB	06L/24R	-41.51630	173.86099	-41.51580	173.87801
NZWB	06R/24L	-41.51830	173.86099	-41.51740	173.87801
NZWB	10/28	-41.51360	173.86400	-41.51970	173.87500
NZWF	11/29	-44.71810	169.24200	-44.72620	169.25101
NZWK	09L/27R	-37.91660	176.90900	-37.92150	176.92200
NZWN	16/34	-41.31740	174.80701	-41.33480	174.80600
NZWO	16/34	-39.00740	177.40401	-39.01540	177.40500
NZWP	03/21	-36.79620	174.62100	-36.78510	174.63901
NZWP	08/26	-36.78380	174.62399	-36.78580	174.64101
NZWP	08L/26R	-36.78320	174.62601	-36.78450	174.63499
NZWR	06/24	-35.76820	174.35800	-35.76660	174.37000
NZWS	04/22	-41.74170	171.57300	-41.73500	171.58600
NZWU	11C/29C	-39.95960	175.01801	-39.96710	175.03101
O13	17/35	35.20410	-99.88140	35.19680	-99.88070
O19	15/33	40.72210	-123.92800	40.71600	-123.92700
O21	14/32	41.04450	-123.66900	41.03840	-123.66700
O31	13/31	38.65580	-122.90100	38.64960	-122.89600
O33	16/34	40.78460	-124.21200	40.77720	-124.21200
O39	17/35	40.80730	-120.36600	40.79930	-120.36700
O45	17/35	36.86160	-101.22700	36.85250	-101.22700
O55	04/22	41.13730	-121.12800	41.14180	-121.11900
O63	13/31	36.24580	-119.15200	36.23910	-119.14700
O85	15/33	40.57750	-122.40800	40.57090	-122.40700
OA11	18/36	40.37970	-84.25540	40.37260	-84.25460
OA86	7/25	39.90602	-83.36423	39.90869	-83.35640
OABT	01/19	31.55194	64.37250	31.57056	64.37722
OAHR	18/36	34.22120	62.23000	34.19880	62.22660
OAIX	03L/21R	34.93170	69.25610	34.95990	69.27570
OAIX	03R/21L	34.93470	69.25700	34.95780	69.27310
OAJL	13/31	34.40640	70.48960	34.39320	70.50760
OAKB	11/29	34.57050	69.19430	34.56120	69.23050
OAKN	05/23	31.49750	65.83390	31.51400	65.86170
OAMN	14/32	35.93640	64.75580	35.92520	64.76610
OAMS	06R/24L	36.70083	67.20100	36.71183	67.23150
OASD	18/36	33.40390	62.26170	33.37880	62.26040
OASG	06/24	36.74960	65.90890	36.75480	65.92310
OATN	12/30	32.61389	65.86444	32.60000	65.87750
OAUZ	11/29	36.66880	68.90060	36.66170	68.92110
OBBI	12L/30R	26.28040	50.61700	26.26130	50.65020
OBBI	12R/30L	26.27100	50.62990	26.25870	50.65130
OBBS	15/33	25.93370	50.58210	25.90300	50.59900
OE43	11/29	21.32730	41.18920	21.31980	41.20730
OE45	17/35	28.39770	48.51530	28.38210	48.51770
OE46	11/29	20.47900	44.75040	20.47280	44.76460
OE48	02/20	18.88390	41.35120	18.90240	41.35890
OE49	01/19	21.42690	39.99180	21.44810	39.99660
OE50	15/33	26.95070	49.69710	26.93260	49.71100
OE51	17/35	24.05740	47.65370	24.04570	47.65470
OE52	03/21	26.60410	45.31570	26.62000	45.32760
OE53	15/33	24.95120	46.38570	24.93310	46.39680
OE54	15/33	26.00230	46.53140	25.98460	46.54200
OE55	03/21	21.21910	55.26160	21.23480	55.27300
OE56	13/31	22.71600	53.27320	22.70430	53.28920
OEAA	15/33	27.32490	49.58320	27.31320	49.59100
OEAB	13/31	18.24990	42.64430	18.23080	42.66900
OEAH	16/34	25.29860	49.48120	25.27200	49.48910
OEBA	07/25	20.29120	41.61910	20.30110	41.64940
OEBH	18/36	19.99790	42.62430	19.97040	42.62140
OEBQ	15/33	25.91850	49.58660	25.90400	49.59580
OEDF	16L/34R	26.48860	49.80370	26.45380	49.81440
OEDF	16R/34L	26.48860	49.78140	26.45380	49.79210
OEDM	15/33	24.46220	44.11450	24.43750	44.12780
OEDR	16L/34R	26.28820	50.16410	26.25680	50.17340
OEDR	16R/34L	26.26860	50.13260	26.23670	50.14210
OEGN	15/33	16.91300	42.57860	16.88910	42.59290
OEGS	15/33	26.31480	43.76700	26.29080	43.78080
OEGT	10/28	31.41580	37.26410	31.40810	37.29490
OEHL	18/36	27.45470	41.68750	27.42120	41.68510
OEHW	15/33	22.97800	46.89310	22.95750	46.90570
OEJB	17/35	27.05660	49.40060	27.02150	49.40960
OEJF	15/33	21.35930	39.16760	21.33680	39.17850
OEJN	16C/34C	21.69507	39.15154	21.66118	39.16492
OEJN	16L/34R	21.70044	39.16713	21.66650	39.18050
OEJN	16R/34L	21.70270	39.12690	21.67050	39.13960
OEKF	15L/33R	26.10049	45.19394	26.07153	45.21240
OEKF	15R/33L	26.09364	45.18077	26.07408	45.19324
OEKK	13/31	27.91150	45.51390	27.89030	45.54250
OEKM	06/24	18.28770	42.77340	18.30480	42.80470
OEKM	14/32	18.31150	42.80650	18.28490	42.82930
OEKR	16/34	25.07770	48.19210	25.06140	48.19780
OEMA	17/35	24.57641	39.70332	24.53799	39.71147
OEMA	18/36	24.56350	39.70400	24.53600	39.70200
OENG	06/24	17.60450	44.40670	17.61830	44.43160
OENN	15/33	27.93550	35.28460	27.91970	35.29290
OEPA	16/34	28.34887	46.12123	28.32333	46.13281
OEPC	14/32	25.18320	47.48100	25.16590	47.49580
OEPF	17/35	24.72110	44.96210	24.69960	44.96700
OEPI	17/35	24.28690	42.14120	24.26530	42.14630
OEPJ	18/36	24.11600	41.03580	24.09840	41.03630
OEPK	16/34	27.96210	46.74000	27.94630	46.74530
OEPS	17L/35R	24.08104	47.57907	24.04502	47.58224
OEPS	17R/35L	24.09582	47.54214	24.05982	47.54532
OERB	15/33	22.71210	39.06460	22.69320	39.07510
OERF	11/29	29.63170	43.47650	29.62100	43.50490
OERK	15L/33R	24.97690	46.70200	24.94400	46.72280
OERK	15R/33L	24.97090	46.67490	24.93800	46.69570
OERM	16/34	28.09420	48.60610	28.06500	48.61580
OERR	10/28	30.91020	41.12280	30.90310	41.15370
OERT	15/33	26.73170	50.02580	26.71450	50.03580
OESB	08/26	22.51670	53.98440	22.51780	54.00240
OESB	09/27	22.51390	53.94930	22.51520	53.97890
OESH	08/26	17.46530	47.10420	17.46840	47.13860
OESK	10/28	29.78790	40.08130	29.78230	40.11870
OESL	10/28	20.46740	45.60550	20.46210	45.63380
OETB	06/24	28.36920	36.61990	28.38200	36.65090
OETB	13/31	28.38120	36.59400	28.36220	36.61710
OETF	07/25	21.47730	40.52060	21.48630	40.55550
OETF	17/35	21.50640	40.54090	21.47640	40.54540
OETH	17/35	25.23090	46.63780	25.19510	46.64410
OETN	15/33	27.87780	48.76370	27.85790	48.77460
OETR	10/28	31.69633	38.71600	31.68917	38.74650
OEUD	18/36	25.16090	49.32860	25.14120	49.32890
OEUM	14/32	25.29430	37.19130	25.27750	37.20720
OEWD	10/28	20.50710	45.18530	20.50140	45.21380
OEWJ	15/33	26.21050	36.46860	26.18660	36.48360
OEYN	10/28	24.14750	38.04800	24.14090	38.07880
OG14	15/33	44.03110	-118.85100	44.01780	-118.84600
OG21	07/25	44.19500	-120.82900	44.19530	-120.81700
OH07	09/27	40.94410	-81.24320	40.94380	-81.23470
OH13	09/27	40.76810	-81.06205	40.76810	-81.05425
OH15	01/19	40.74260	-81.14540	40.74920	-81.14310
OI03	11/29	35.17600	52.31880	35.17240	52.32770
OI13	12/30	30.00290	53.70530	29.99710	53.71770
OI19	11/29	35.53170	51.50110	35.52810	51.51050
OI1C	15/33	36.86090	54.19980	36.85280	54.20470
OI20	15/33	29.84860	50.26700	29.83150	50.27840
OIAA	14L/32R	30.37130	48.22910	30.35470	48.24270
OIAA	14R/32L	30.37870	48.22130	30.35590	48.24000
OIAD	14L/32R	32.44790	48.38640	32.42300	48.41050
OIAD	14R/32L	32.44650	48.38440	32.41970	48.41040
OIAG	13/31	30.75240	49.66850	30.73850	49.68370
OIAH	12/30	30.34230	50.82000	30.33280	50.83590
OIAI	12/30	32.00600	49.26590	31.99910	49.27860
OIAI	14/32	32.00810	49.26200	31.99620	49.27490
OIAJ	12L/30R	30.84550	49.52320	30.82650	49.55220
OIAJ	12R/30L	30.84550	49.51500	30.82320	49.54930
OIAM	14/32	30.56510	49.14240	30.54730	49.16140
OIAW	12/30	31.34600	48.74720	31.32880	48.77670
OIBA	08/26	25.87420	55.01820	25.87730	55.04780
OIBB	13L/31R	28.95910	50.81840	28.93220	50.85250
OIBB	13R/31L	28.95750	50.81680	28.93060	50.85080
OIBH	07/25	27.21100	54.31190	27.21440	54.32520
OIBJ	11/29	27.82500	52.34130	27.81610	52.36300
OIBK	09R/27L	26.52760	53.96190	26.52480	53.99850
OIBL	08/26	26.53040	54.81240	26.53410	54.83720
OIBP	13/31	27.39090	52.72190	27.36830	52.75340
OIBQ	14/32	29.26600	50.31720	29.25450	50.33040
OIBS	12/30	25.91620	54.52940	25.90210	54.54950
OIBV	11/29	26.81370	53.34660	26.80690	53.36600
OICC	11L/29R	34.35270	47.14578	34.34107	47.17455
OICC	11R/29L	34.35260	47.14140	34.33910	47.17480
OICI	14/32	33.59660	46.39550	33.57670	46.41410
OICK	11/29	33.44100	48.26700	33.42970	48.29870
OICS	01/19	35.23460	47.00470	35.25720	47.01380
OIFE	07/25	32.92650	51.54540	32.93260	51.57660
OIFE	09/27	32.91390	51.55340	32.91380	51.55690
OIFH	06/24	32.56550	51.68660	32.56860	51.69660
OIFH	07/25	32.56230	51.68400	32.56500	51.69690
OIFK	11/29	33.89960	51.56340	33.89100	51.59070
OIFM	07L/25R	32.74870	51.83780	32.75700	51.88370
OIFM	07R/25L	32.74470	51.83890	32.75300	51.88470
OIFP	08L/26R	32.61990	51.67940	32.62240	51.71470
OIFP	08R/26L	32.61890	51.68460	32.61920	51.68940
OIFS	14/32	32.30920	50.83210	32.28440	50.85130
OIGG	09/27	37.32640	49.58910	37.32470	49.62200
OIHH	10/28	34.87110	48.53930	34.86360	48.57340
OIHR	08/26	34.13560	49.83140	34.14070	49.86320
OIHS	05/23	35.19530	48.62020	35.21350	48.65730
OIHS	13R/31L	35.21110	48.65430	35.18600	48.69110
OIIA	10/28	35.95340	50.44320	35.95080	50.45840
OIIC	11/29	34.98950	50.78980	34.97840	50.82260
OIID	04/22	35.69580	51.46570	35.71010	51.48460
OIIE	11L/29R	35.42530	51.12220	35.41310	51.16600
OIIE	11R/29L	35.42370	51.12150	35.41140	51.16580
OIII	11L/29R	35.69558	51.29575	35.68452	51.33372
OIII	11R/29L	35.69470	51.29160	35.68240	51.33360
OIIK	10/28	36.24090	50.04100	36.23920	50.05330
OIIM	13/31	35.78000	50.87700	35.77250	50.88510
OIIP	12/30	35.78610	50.81090	35.76580	50.84290
OIKB	03L/21R	27.20500	56.36860	27.23270	56.38490
OIKB	03R/21L	27.20320	56.37040	27.23240	56.38760
OIKJ	13/31	28.73320	57.66150	28.72080	57.67910
OIKK	16L/34R	30.28941	56.94411	30.25713	56.95889
OIKK	16R/34L	30.28876	56.94210	30.25649	56.95688
OIKM	12/30	29.09240	58.43540	29.07590	58.46470
OIKP	08/26	27.15600	56.15930	27.16050	56.18500
OIKQ	05/23	26.74230	55.88620	26.76700	55.91850
OIKR	11/29	30.30280	56.03670	30.29270	56.06560
OIKY	14/32	29.56220	55.65820	29.53970	55.68720
OIMB	08/26	32.89500	59.25510	32.89890	59.27770
OIMB	10/28	32.89650	59.26970	32.89250	59.30030
OIMC	14/32	36.51590	61.05220	36.48640	61.07760
OIMJ	07/25	36.42090	55.09010	36.42900	55.11960
OIMM	13L/31R	36.24780	59.62640	36.22410	59.65710
OIMM	13R/31L	36.24680	59.62440	36.22240	59.65600
OIMN	07/25	37.48810	57.29110	37.49790	57.32540
OIMS	09/27	36.16930	57.57760	36.16690	57.61280
OIMT	15/33	33.67990	56.88470	33.65560	56.90000
OINE	10/28	37.38580	55.43990	37.38070	55.46410
OING	13/31	36.92286	54.38394	36.90224	54.41063
OINJ	09/27	36.65430	52.34420	36.65600	52.35500
OINN	10/28	36.66656	51.45441	36.66068	51.47601
OINR	12/30	36.91238	50.67731	36.90118	50.69858
OINR	13/31	36.91428	50.67316	36.90553	50.68601
OINZ	16/34	36.65590	53.18380	36.63330	53.19350
OISF	14/32	28.89890	53.71640	28.88580	53.73030
OISJ	08/26	28.58520	53.56700	28.58820	53.59130
OISL	09/27	27.67450	54.36730	27.67490	54.39920
OISR	11/29	27.37870	53.17440	27.36750	53.20270
OISS	11L/29R	29.54930	52.57010	29.53290	52.61120
OISS	11R/29L	29.54530	52.56880	29.52940	52.60910
OISY	13/31	30.70840	51.53510	30.69260	51.55510
OITK	15/33	38.43910	44.96730	38.41580	44.97990
OITL	15/33	38.33850	48.41490	38.31280	48.43380
OITM	08/26	37.34690	46.11140	37.34920	46.14440
OITP	11/29	39.60780	47.86740	39.59950	47.89570
OITR	03/21	37.65580	45.05870	37.68040	45.07870
OITT	12L/30R	38.14390	46.21960	38.12350	46.25150
OITT	12R/30L	38.14230	46.21870	38.12240	46.24990
OITZ	12/30	36.78170	48.34590	36.76560	48.37290
OIYY	13/31	31.91750	54.26070	31.89230	54.29230
OIZB	16/34	31.11030	61.54050	31.08400	61.54770
OIZC	09L/27R	25.44570	60.36520	25.44510	60.40310
OIZC	09R/27L	25.44150	60.36520	25.44110	60.39500
OIZH	17L/35R	29.49490	60.90470	29.45884	60.90987
OIZH	17R/35L	29.49464	60.90224	29.45887	60.90737
OIZI	17/35	27.24660	60.71820	27.22560	60.72190
OIZS	13/31	27.42590	62.30770	27.41260	62.32380
OJ38	10/28	32.02680	36.13830	32.02370	36.15120
OJAI	08L/26R	31.72670	35.96960	31.73220	36.00750
OJAI	08R/26L	31.71440	35.98060	31.71990	36.01850
OJAM	06/24	31.96630	35.97600	31.97910	36.00720
OJAQ	01/19	29.59800	35.01330	29.62400	35.02240
OJHF	13/31	32.16960	37.13740	32.15190	37.16140
OJHR	10/28	32.54170	38.18200	32.53680	38.20800
OJMF	13/31	32.36520	36.24720	32.34770	36.27140
OJMS	08/26	31.81570	36.76580	31.82000	36.79430
OJMS	13/31	31.84210	36.77190	31.82440	36.79580
OK11	17/35	34.32160	-98.01600	34.31340	-98.01510
OK14	17/35	36.83660	-98.65780	36.83390	-98.65760
OK16	17/35	36.36770	-97.66830	36.36170	-97.66730
OK63	17/35	34.63250	-97.81517	34.62700	-97.81483
OKAS	12L/30R	29.35450	47.50810	29.34090	47.53470
OKAS	12R/30L	29.35250	47.50680	29.33900	47.53340
OKDI	18/36	29.70480	47.43620	29.69050	47.43580
OKKK	15L/33R	29.24120	47.98340	29.21260	47.99870
OKKK	15R/33L	29.24050	47.96150	29.21270	47.97630
OKKK	16/34	29.22831	47.94190	29.19085	47.96181
OL30	18/36	35.00350	-97.06160	35.00050	-97.06160
OL35	18/36	35.86070	-96.08220	35.85750	-96.08220
OL35	9/27	35.86060	-96.08580	35.86060	-96.07810
OL36	17/35	36.98970	-96.32260	36.98710	-96.32190
OLBA	03/21	33.79820	35.48090	33.82690	35.50310
OLBA	16/34	33.84010	35.47890	33.81050	35.48780
OLBA	17/35	33.83820	35.48710	33.80930	35.48890
OLKA	06/24	34.58300	35.99690	34.59580	36.02590
OLRA	04/22	33.84150	35.97620	33.86000	35.99930
OM-0003	04/22	19.48728	57.62930	19.51275	57.65636
OM11	13/31	24.52520	54.97200	24.51250	54.98810
OMAA	13L/31R	24.46500	54.63833	24.44233	54.67017
OMAA	13R/31L	24.44440	54.63520	24.42170	54.66720
OMAD	13/31	24.43720	54.44560	24.41940	54.47050
OMAH	17/35	24.08510	52.46140	24.06290	52.46580
OMAJ	13/31	24.19430	52.60620	24.18060	52.62180
OMAL	01/19	24.24380	55.60660	24.27960	55.61170
OMAM	13L/31R	24.25820	54.53330	24.23830	54.56210
OMAM	13R/31L	24.24080	54.53670	24.22100	54.56550
OMAR	13/31	24.78360	52.55600	24.77740	52.56390
OMAS	13/31	25.14278	52.86855	25.13399	52.87987
OMAZ	13/31	24.86520	53.07350	24.85790	53.08220
OMBY	13/31	24.29225	52.57010	24.27505	52.59067
OMDB	12L/30R	25.26463	55.35042	25.24771	55.38093
OMDB	12R/30L	25.25284	55.36438	25.23592	55.39488
OMDL	17/35	24.52117	52.33400	24.49871	52.33645
OMDM	09/27	25.02650	55.34660	25.02720	55.38580
OMDW	12/30	24.90709	55.14207	24.88607	55.18014
OMDW	13/31	24.87068	55.15244	24.86206	55.16800
OMFJ	11R/29L	25.11434	56.31262	25.10383	56.34058
OMRK	16/34	25.62970	55.93390	25.59700	55.94380
OMRS	15/33	25.75880	55.95830	25.75230	55.96200
OMSJ	12/30	25.33850	55.50484	25.32238	55.53261
OO42	16/34	16.99670	53.35610	16.98410	53.36150
OOFD	13/31	22.36183	56.47525	22.34701	56.49434
OOKB	01/19	26.16000	56.23760	26.18200	56.24360
OOMA	07/25	20.67140	58.88070	20.68050	58.90330
OOMA	17/35	20.68450	58.88820	20.65780	58.89480
OOMS	08L/26R	23.60591	58.25797	23.60892	58.29546
OOMS	08R/26L	23.59170	58.26690	23.59450	58.30190
OOMX	06/24	18.12970	55.16830	18.13660	55.18330
OOMX	13/31	18.14780	55.17030	18.13070	55.18750
OOSA	07/25	17.03437	54.06974	17.04626	54.10519
OOTH	17/35	17.68390	54.02220	17.64810	54.02700
OP10	12/30	27.20390	69.14740	27.19720	69.16020
OP11	10/28	31.19020	70.17570	31.18890	70.18430
OP12	04/22	27.83680	65.15090	27.85640	65.16850
OP13	08/26	28.35380	70.58820	28.35850	70.61210
OP14	02/20	30.33380	70.55350	30.34620	70.55980
OP15	16/34	30.25380	70.23490	30.24640	70.23770
OP16	06/24	24.78430	68.55210	24.79010	68.56220
OP17	17/35	26.74780	67.66490	26.73380	67.66840
OP18	17/35	30.49950	70.97040	30.49020	70.97180
OP19	06/24	32.42210	71.45360	32.42680	71.46350
OP1A	17/35	26.20560	67.50240	26.19070	67.50500
OP1Y	05/23	32.06990	73.77900	32.08580	73.80130
OP21	17/35	30.10520	72.15030	30.07760	72.15720
OP22	02/20	29.25150	70.17970	29.27640	70.19310
OP23	02/20	33.38180	70.58610	33.39340	70.59140
OP24	02/20	32.59780	73.50620	32.60490	73.51050
OP25	12/30	32.88090	73.60130	32.87610	73.60930
OP26	16/34	32.63380	73.02090	32.62450	73.02430
OP27	05/23	32.23350	74.12320	32.24450	74.13870
OP28	15/33	29.93310	66.73990	29.91360	66.75230
OP31	03/21	28.46590	69.59610	28.47520	69.60200
OP32	07/25	28.03440	69.67060	28.03770	69.67910
OP33	05/23	28.27150	69.27070	28.27660	69.28120
OP34	17/35	28.82450	62.73000	28.81440	62.73140
OP35	18/36	29.04740	61.64760	29.03360	61.64720
OP36	02/20	26.24600	63.12780	26.25920	63.13280
OP36	07/25	26.25030	63.12310	26.25330	63.13610
OP37	14/32	27.81940	69.16100	27.80680	69.17310
OPBG	07/25	32.05190	72.93480	32.06030	72.96200
OPBW	08/26	29.34560	71.70360	29.35060	71.73240
OPCH	02/20	35.87960	71.79610	35.89360	71.80500
OPDG	18/36	29.96990	70.48610	29.95210	70.48580
OPDI	12/30	31.91270	70.88960	31.90610	70.90360
OPFA	03L/21R	31.35607	72.98649	31.37602	73.00353
OPFA	03R/21L	31.35494	72.98672	31.37561	73.00438
OPGD	07/25	25.29084	62.48179	25.30259	62.51574
OPGT	07/25	35.91640	74.32500	35.92110	74.34230
OPGT	09/27	35.91800	74.34280	35.91810	74.34610
OPIS	10L/28R	33.55300	72.80660	33.54700	72.84520
OPIS	10R/28L	33.55117	72.80614	33.54512	72.84483
OPJA	15/33	28.29570	68.44140	28.27270	68.45810
OPJA	15L/33R	28.29600	68.44280	28.27270	68.45970
OPKC	07L/25R	24.90470	67.14760	24.91240	67.17800
OPKC	07R/25L	24.90040	67.14260	24.90870	67.17500
OPLA	18L/36R	31.53660	74.40480	31.50650	74.40430
OPLA	18R/36L	31.53390	74.40280	31.50920	74.40240
OPMA	14/32	33.05500	73.63270	33.04520	73.64410
OPMF	13/31	34.34170	73.50500	34.33630	73.51230
OPMI	06L/24R	32.55690	71.55570	32.57070	71.58510
OPMI	06R/24L	32.55570	71.55660	32.56910	71.58540
OPMJ	08/26	27.33310	68.13340	27.33720	68.15270
OPMR	04/22	24.88020	66.93110	24.89680	66.94940
OPMR	09/27	24.89850	66.92630	24.89850	66.95350
OPMS	12/30	33.87620	72.38690	33.86200	72.41490
OPMT	18/36	30.21980	71.42020	30.19100	71.41830
OPNH	02/20	26.20780	68.38520	26.23100	68.39490
OPOK	18/36	30.75620	73.35780	30.72590	73.35770
OPPG	13/31	26.95910	64.12680	26.95000	64.13820
OPPI	06/24	25.28370	63.33290	25.29660	63.35600
OPPS	17/35	34.00600	71.51350	33.98140	71.51570
OPQS	14/32	33.56750	73.02660	33.55290	73.03990
OPQT	13L/31R	30.26410	66.92560	30.24020	66.95180
OPQT	13R/31L	30.26260	66.92380	30.23880	66.95000
OPRK	01/19	28.37080	70.27570	28.39700	70.28340
OPRN	12/30	33.62380	73.08320	33.60980	73.11450
OPRQ	15/33	30.77042	72.27573	30.74657	72.29134
OPRQ	15R/33L	30.76907	72.27372	30.74574	72.28901
OPRS	09L/27R	34.08320	71.96420	34.08210	71.98350
OPRS	09R/27L	34.08030	71.95640	34.07870	71.98630
OPRT	01/19	33.84570	73.79700	33.85360	73.79930
OPSD	14L/32R	35.33840	75.52680	35.32260	75.53690
OPSD	14R/32L	35.35330	75.53050	35.32570	75.55230
OPSF	08/26	24.87210	67.10660	24.87630	67.13040
OPSK	14/32	27.73150	68.78280	27.71240	68.80060
OPSS	05/23	34.80870	72.34530	34.81840	72.36030
OPSU	01/19	28.63800	69.17650	28.65160	69.17820
OPSU	01L/19R	28.63730	69.17550	28.65370	69.17750
OPTH	06/24	24.83550	68.82660	24.84760	68.85020
OPTU	08L/26R	25.98540	63.02120	25.98740	63.03920
OPWN	09/27	32.30480	69.56560	32.30450	69.57530
OPZB	10/28	31.35980	69.45450	31.35700	69.47280
OR07	13/31	44.76750	-119.10600	44.75720	-119.09700
OR10	18/36	42.65610	-118.98900	42.64310	-118.99400
OR17	15/33	44.41580	-118.69300	44.40780	-118.69000
ORAA	08/26	33.77210	42.41150	33.77280	42.44480
ORAA	09L/27R	33.78950	42.43300	33.79040	42.47620
ORAA	09R/27L	33.78080	42.40620	33.78170	42.44940
ORAT	12L/30R	33.34720	43.58150	33.33090	43.61610
ORAT	12R/30L	33.34590	43.57660	33.32810	43.61420
ORBD	12/30	33.94560	44.34150	33.92720	44.37230
ORBD	14/32	33.95700	44.35550	33.93090	44.37680
ORBI	15L/33R	33.28380	44.23120	33.25260	44.25260
ORBI	15R/33L	33.26860	44.21690	33.24280	44.23460
ORBM	15/33	36.31680	43.14180	36.29470	43.15300
ORBR	13/31	36.54130	44.33170	36.52610	44.34810
ORER	18/36	36.25974	43.94684	36.21647	43.94650
ORKK	13/31	35.47890	44.33450	35.46050	44.35850
ORKK	14/32	35.47890	44.34360	35.45960	44.35990
ORMM	14/32	30.56220	47.64850	30.53550	47.67630
ORNI	10/28	31.99313	44.38896	31.98657	44.41965
ORQW	15/33	35.78020	43.11310	35.75220	43.13100
ORSH	14R/32L	34.67930	43.52590	34.65700	43.54660
ORSU	13/31	35.57160	45.30050	35.55010	45.32880
ORTF	13/31	36.29320	42.39200	36.27300	42.41410
ORTI	16/34	33.53130	44.25360	33.51640	44.25990
ORTL	12L/30R	30.94470	46.07590	30.93040	46.10660
ORTL	12R/30L	30.94010	46.07480	30.92710	46.10280
ORUB	11L/29R	32.48820	45.74050	32.47930	45.77180
ORUB	11R/29L	32.48560	45.74000	32.47540	45.77590
OS57	09/27	35.73280	37.08760	35.73150	37.12080
OS58	09/27	35.12010	36.69610	35.11620	36.72630
OS60	05L/23R	32.69880	36.39870	32.71390	36.42530
OS60	05R/23L	32.69650	36.40050	32.71160	36.42710
OS61	06L/24R	33.60350	36.73380	33.61570	36.76420
OS61	06R/24L	33.60440	36.74080	33.61350	36.76380
OS62	10/28	36.09920	37.91950	36.09430	37.95340
OS63	06L/24R	33.28280	36.44140	33.29510	36.47000
OS63	06R/24L	33.27880	36.44590	33.29010	36.47250
OS64	04/22	33.90930	36.85540	33.92890	36.87790
OS65	11/29	34.49500	36.89370	34.48550	36.92430
OS66	10/28	36.18910	37.56940	36.18510	37.59700
OS67	06/24	33.47120	36.21050	33.48380	36.23630
OS68	05/23	33.67910	37.19940	33.69080	37.22250
OS68	08/26	33.67970	37.20070	33.68000	37.23300
OS69	07/25	33.06220	36.55690	33.06930	36.58840
OS69	15/33	33.08980	36.53340	33.06800	36.54840
OS70	10/28	34.57150	36.55640	34.56660	36.58920
OS71	10/28	36.52290	37.03320	36.52030	37.04970
OS72	09/27	34.52240	37.61250	34.52270	37.64740
OS72	09R/27L	34.52160	37.61320	34.52190	37.64670
OS72	17/35	34.52610	37.60670	34.50190	37.60850
OSAP	09/27	36.18230	37.20840	36.17900	37.24030
OSDI	05R/23L	33.38500	36.49610	33.40630	36.52470
OSDZ	10L/28R	35.29000	40.16050	35.28080	40.19150
OSKL	03/21	37.00790	41.17860	37.03330	41.20420
OSLK	17/35	35.41390	35.94750	35.38870	35.94940
OSPR	08/26	34.55600	38.30130	34.55870	38.33250
OT62	16/34	25.70430	51.36160	25.69810	51.36400
OTBD	15/33	25.28020	51.55650	25.24190	51.57350
OTBH	16/34	25.13300	51.30800	25.10160	51.32190
OTHH	16L/34R	25.29610	51.60880	25.25540	51.62680
OTHH	16R/34L	25.29100	51.58970	25.25530	51.60540
OY74	07/25	13.17080	44.75270	13.17860	44.77750
OY75	16/34	15.61290	49.07700	15.59080	49.08440
OYAA	08/26	12.82640	45.01480	12.83270	45.04280
OYAT	13/31	14.56040	46.81680	14.54190	46.83580
OYBA	06/24	18.71220	50.82460	18.72620	50.84930
OYBN	17/35	14.78950	45.71910	14.77450	45.72100
OYGD	08/26	16.19150	52.16070	16.19490	52.18580
OYRN	06/24	14.65630	49.36270	14.66900	49.38730
OYSN	18/36	15.49100	44.21960	15.46150	44.21980
OYSQ	03/21	12.61740	53.89890	12.64390	53.91230
OYSY	07/25	15.96110	48.77530	15.97100	48.80140
OYTZ	01/19	13.67230	44.13720	13.69970	44.14090
P09	05/23	40.70510	-80.03180	40.71110	-80.02520
P15	09/27	41.83160	-79.36620	41.83360	-79.35690
P27	13/31	35.96280	-119.31000	35.95790	-119.30700
P34	08/26	40.59750	-77.41000	40.60040	-77.40130
P37	14/32	40.73730	-79.59920	40.73180	-79.59210
PA-AML	04/22	8.26380	-82.86760	8.27020	-82.86260
PA39	12/30	40.77900	-77.22380	40.77380	-77.20900
PA88	05/23	39.80170	-79.55390	39.80940	-79.54390
PAAD	05/23	70.13374	-146.30899	70.13826	-146.27107
PAAK	16/34	52.22650	-174.20900	52.21460	-174.20399
PAAN	09/27	64.20050	-147.93500	64.19740	-147.92000
PAAQ	09/27	61.59500	-149.10100	61.59110	-149.08200
PAAQ	16/34	61.60400	-149.08701	61.58760	-149.08701
PAAQ	16S/34S	61.59810	-149.08800	61.59380	-149.08800
PAAT	02/20	52.82080	173.17599	52.83590	173.18401
PABA	07/25	70.13430	-143.60100	70.13370	-143.56300
PABE	01L/19R	60.77180	-161.84399	60.78780	-161.82899
PABE	01R/19L	60.77100	-161.84000	60.78100	-161.83099
PABE	12/30	60.78130	-161.84801	60.77810	-161.84000
PABI	01/19	63.98640	-145.73500	64.00770	-145.70700
PABI	07/25	63.99150	-145.73300	63.99100	-145.70399
PABI	10/28	63.99970	-145.73500	63.99020	-145.70399
PABL	11/29	65.98390	-161.15800	65.97930	-161.14000
PABM	07/25	59.36170	-155.26801	59.36160	-155.24600
PABR	08/26	71.28487	-156.79878	71.28488	-156.73837
PABT	01/19	66.90790	-151.53900	66.91990	-151.51900
PABV	02L/20R	61.41180	-149.51601	61.42020	-149.50200
PABV	02R/20L	61.41090	-149.51199	61.41640	-149.50700
PACD	08/26	55.19900	-162.72700	55.19780	-162.70300
PACD	15/33	55.22240	-162.73801	55.19590	-162.72000
PACE	07/25	65.57480	-144.78999	65.57310	-144.77200
PACI	04/22	66.64180	-143.75101	66.64830	-143.72900
PACL	01/19	64.29670	-149.12700	64.30580	-149.11301
PACM	11/29	61.84620	-165.58200	61.84290	-165.56599
PACR	15/33	65.83200	-144.07600	65.82390	-144.07600
PACV	09/27	60.49670	-145.49699	60.48830	-145.45900
PACV	16/34	60.49150	-145.47700	60.48630	-145.47700
PACX	02/20	67.24760	-150.21100	67.25680	-150.19600
PACZ	02/20	61.77580	-166.04601	61.78440	-166.03200
PADE	03/21	66.06520	-162.77400	66.07230	-162.76000
PADE	12/30	66.07170	-162.77400	66.06740	-162.76000
PADG	03/21	68.02560	-162.91400	68.03860	-162.88400
PADK	05/23	51.87830	-176.65800	51.88880	-176.62700
PADL	01/19	59.03680	-158.51300	59.05250	-158.49800
PADM	07/25	61.86380	-162.03500	61.86460	-162.01700
PADQ	01/19	57.74030	-152.49300	57.75290	-152.48300
PADQ	08/26	57.75220	-152.51900	57.75150	-152.48000
PADQ	11/29	57.75490	-152.50200	57.74600	-152.48000
PADU	13/31	53.90290	-166.55100	53.89530	-166.53900
PADY	01/19	59.95840	-162.88300	59.96320	-162.87900
PAED	06/24	61.24860	-149.84399	61.25340	-149.78799
PAED	16/34	61.26210	-149.79300	61.24150	-149.79300
PAEE	17/35	60.21810	-162.04201	60.20930	-162.04500
PAEG	07/25	64.77830	-141.16100	64.77790	-141.13800
PAEH	15/33	58.65160	-162.06599	58.64130	-162.06000
PAEI	14/32	64.68420	-147.11800	64.64710	-147.08501
PAEM	16/34	62.79240	-164.49200	62.77990	-164.49001
PAEN	02L/20R	60.56310	-151.25800	60.58090	-151.23700
PAEN	02R/20L	60.57500	-151.23801	60.57960	-151.23300
PAEW	12/30	60.81331	-164.50654	60.80748	-164.49241
PAFA	02/20	64.81610	-147.84700	64.82230	-147.83501
PAFA	02L/20R	64.80260	-147.88600	64.82800	-147.83900
PAFA	02R/20L	64.80020	-147.87601	64.81420	-147.85001
PAFA	02W/20W	64.81610	-147.85500	64.82770	-147.83299
PAFB	07/25	64.83740	-147.64200	64.83780	-147.58701
PAFE	11/29	56.96490	-133.91800	56.95790	-133.90300
PAFM	01/19	67.10110	-157.85899	67.10870	-157.85100
PAFM	10/28	67.10930	-157.86800	67.10680	-157.85200
PAFS	04/22	63.01610	-154.36900	63.02100	-154.34801
PAGA	06/24	64.73660	-156.94800	64.73660	-156.92999
PAGA	08/26	64.73590	-156.96001	64.73610	-156.91400
PAGB	13/31	68.48590	-149.49899	68.47340	-149.48100
PAGG	15/33	59.87980	-163.17000	59.87320	-163.16701
PAGH	09/27	66.89050	-157.17500	66.88560	-157.14999
PAGK	15/33	62.16170	-145.45700	62.14820	-145.45200
PAGL	03/21	64.54600	-163.01500	64.55490	-163.00000
PAGM	16/34	63.77270	-171.73500	63.76050	-171.73100
PAGQ	07/25	61.53510	-149.82100	61.53510	-149.80701
PAGS	02/20	58.42010	-135.71800	58.42630	-135.70799
PAGS	11/29	58.43270	-135.71700	58.41970	-135.69200
PAGT	03/21	60.46583	-164.70976	60.47251	-164.69800
PAGY	02/20	59.45660	-135.32201	59.46360	-135.30901
PAGZ	17/35	65.40740	-161.28101	65.39680	-161.28200
PAHC	02/20	62.18360	-159.78101	62.19300	-159.76900
PAHL	03/21	65.69440	-156.36200	65.70130	-156.34100
PAHN	08/26	59.24570	-135.53400	59.24190	-135.51401
PAHO	04/22	59.64030	-151.49100	59.65080	-151.46201
PAHP	13/31	61.52770	-166.15199	61.52000	-166.14200
PAHU	17/35	66.04360	-154.26199	66.03460	-154.26700
PAHV	15/33	63.87150	-148.97000	63.86360	-148.96800
PAHX	16/34	62.69700	-159.56900	62.68770	-159.56900
PAIG	05/23	59.32280	-155.90900	59.32530	-155.89400
PAII	03/21	58.18430	-157.37500	58.18690	-157.36900
PAII	12/30	58.19130	-157.38600	58.17960	-157.36700
PAIK	07/25	66.97530	-160.44800	66.97660	-160.42500
PAIL	08/26	59.75190	-154.92400	59.75130	-154.89700
PAIL	18/36	59.76260	-154.91000	59.74970	-154.91400
PAIL	E/W	59.76030	-154.93700	59.75920	-154.92101
PAIL	N/S	59.75360	-154.93201	59.76110	-154.92700
PAIM	07/25	65.99190	-153.71699	65.99330	-153.69000
PAIW	18/36	65.62800	-168.09300	65.61720	-168.09700
PAJC	02/20	56.30850	-158.37700	56.31440	-158.37000
PAJN	08/26	58.35790	-134.59801	58.35200	-134.55499
PAJZ	09/27	59.72780	-157.26700	59.72550	-157.25200
PAKH	04/22	56.93660	-154.19000	56.94060	-154.17599
PAKI	17/35	59.93580	-164.03200	59.93010	-164.02901
PAKK	01/19	64.93580	-161.15800	64.94330	-161.14999
PAKN	12/30	58.68390	-156.66499	58.66770	-156.63000
PAKN	18/36	58.68330	-156.64900	58.67270	-156.65500
PAKO	08/26	52.94160	-168.85699	52.94150	-168.84100
PAKP	02/20	68.12850	-151.75400	68.13870	-151.73199
PAKT	11/29	55.36140	-131.72400	55.34670	-131.69901
PAKV	03/21	64.31520	-158.75000	64.32270	-158.73199
PAKW	02/20	55.57360	-133.08299	55.58480	-133.06900
PALB	04/22	57.53300	-153.98199	57.53710	-153.97099
PALG	07/25	61.53560	-160.35001	61.53690	-160.33200
PALH	E/W	61.18092	-149.97672	61.17704	-149.94591
PALH	S/N	61.18653	-149.96896	61.17900	-149.97563
PALH	SE/NW	61.18382	-149.97722	61.17904	-149.96722
PALU	09/27	68.87640	-166.12900	68.87390	-166.09100
PAMB	03/21	58.92860	-158.90800	58.93550	-158.89600
PAMC	05/23	62.95700	-155.61900	62.95890	-155.60800
PAMC	16/34	62.95920	-155.60500	62.94300	-155.60500
PAMD	02/20	59.44420	-146.31300	59.45130	-146.30299
PAMD	13/31	59.45630	-146.30701	59.45270	-146.30299
PAMH	03/21	63.88190	-152.31100	63.89010	-152.29300
PAMK	02/20	63.48550	-162.11700	63.49460	-162.10400
PAMO	02/20	62.09080	-163.68800	62.09880	-163.67700
PAMR	04/22	61.20970	-149.84500	61.21190	-149.83501
PAMR	08/26	61.21590	-149.85300	61.21590	-149.83099
PAMR	17/35	61.21570	-149.85300	61.20850	-149.85300
PAMY	05/23	60.36980	-166.27800	60.37310	-166.26300
PANA	16/34	60.69480	-161.97900	60.68590	-161.97800
PANC	07L/25R	61.16976	-150.00833	61.16981	-149.94830
PANC	07R/25L	61.16781	-150.04287	61.16788	-149.97265
PANC	15/33	61.19973	-150.01453	61.17104	-149.99847
PANI	11/29	61.58580	-159.55800	61.57730	-159.52800
PANN	04L/22R	64.54560	-149.08701	64.55210	-149.06200
PANN	04R/22L	64.54550	-149.08400	64.54910	-149.07001
PANN	04W/22W	64.54260	-149.08099	64.54820	-149.06200
PANO	02/20	59.97720	-154.84399	59.98330	-154.83501
PANT	12/30	55.04530	-131.58200	55.02800	-131.56300
PANU	03/21	64.72530	-158.08299	64.73340	-158.06599
PANV	17/35	62.65070	-160.19000	62.64270	-160.19200
PANW	14/32	59.45550	-157.37700	59.44750	-157.36900
PAOB	09/27	66.91390	-156.91100	66.91080	-156.88400
PAOH	06/24	58.09520	-135.41701	58.09700	-135.40199
PAOM	03/21	64.50720	-165.45200	64.51860	-165.42799
PAOM	10/28	64.51430	-165.46800	64.50880	-165.43201
PAOO	16/34	60.54570	-165.08800	60.53690	-165.08701
PAOR	05/23	62.95950	-141.94299	62.96280	-141.91299
PAOT	09/27	66.88940	-162.60899	66.88610	-162.56779
PAOT	17/35	66.88510	-162.60899	66.87480	-162.61600
PAOU	08/26	56.00810	-161.17000	56.00700	-161.15100
PAPB	11/29	56.58060	-169.67500	56.57410	-169.65300
PAPE	02/20	55.90300	-159.16499	55.91040	-159.15601
PAPG	05/23	56.79890	-132.95900	56.80440	-132.93100
PAPH	05/23	56.95690	-158.63400	56.96150	-158.61099
PAPH	13/31	56.96360	-158.65199	56.95440	-158.64200
PAPK	02/20	60.69940	-161.78300	60.70640	-161.77400
PAPM	14/32	59.01560	-161.82300	59.00740	-161.81599
PAPN	07/25	57.58040	-157.58000	57.58040	-157.56400
PAPO	03/21	68.34380	-166.80499	68.35390	-166.79401
PAPR	01/19	66.80830	-150.65300	66.81980	-150.63400
PAQH	12/30	59.75890	-161.85300	59.75130	-161.83800
PAQT	04/22	70.20790	-151.02200	70.21200	-150.98900
PARC	02/20	68.11030	-145.59100	68.11900	-145.56799
PARS	17/35	61.77980	-161.31799	61.77000	-161.32100
PARY	03/21	64.72380	-155.48000	64.73070	-155.46001
PASA	05/23	63.68280	-170.50800	63.68890	-170.48500
PASC	05/23	70.19250	-148.49001	70.19710	-148.44000
PASD	13/31	55.31970	-160.52800	55.31040	-160.51801
PASH	05/23	66.24650	-166.10500	66.25260	-166.07401
PASI	11/29	57.05350	-135.37300	57.04080	-135.35001
PASK	04/22	66.59730	-159.99200	66.60220	-159.97600
PASK	09/27	66.60160	-159.99699	66.59950	-159.97900
PASL	14/32	61.70460	-157.16800	61.69640	-157.16400
PASM	07/25	62.05310	-163.31200	62.05420	-163.30100
PASM	17/35	62.07090	-163.30000	62.05450	-163.30100
PASN	18/36	57.17610	-170.21800	57.15860	-170.22301
PASV	17/35	61.10300	-155.57400	61.09180	-155.57500
PASX	07/25	60.47500	-151.05200	60.47500	-151.02400
PASY	10/28	52.71620	174.09200	52.70820	174.13499
PATA	07/25	65.17430	-152.12199	65.17450	-152.09399
PATC	17/35	65.57040	-167.92400	65.55760	-167.92101
PATE	08/26	65.24030	-166.34900	65.24040	-166.33000
PATG	03/21	59.04890	-160.40500	59.05690	-160.38901
PATG	10/28	59.05610	-160.39301	59.05500	-160.38699
PATK	1/19	62.31709	-150.09741	62.32561	-150.08806
PATL	17/35	62.89970	-155.97700	62.88920	-155.97600
PATQ	07/25	70.46620	-157.45300	70.46800	-157.41800
PAUM	06/24	69.37020	-152.15601	69.37210	-152.11400
PAUN	09/27	63.88350	-160.79900	63.88270	-160.78700
PAUN	15/33	63.89800	-160.80600	63.88220	-160.79601
PAUO	13/31	61.75980	-150.05701	61.74910	-150.04601
PAUT	09/27	54.14554	-165.61449	54.14368	-165.59374
PAVA	02/20	61.53720	-165.60600	61.54450	-165.59599
PAVC	08/26	55.11620	-162.27499	55.11650	-162.25800
PAVD	06/24	61.13260	-146.26700	61.13530	-146.23000
PAVE	04/22	67.00610	-146.37900	67.01120	-146.35400
PAVL	12/30	67.73920	-164.57100	67.73310	-164.55600
PAWB	05/23	66.36060	-147.41901	66.36380	-147.39400
PAWD	13/31	60.13740	-149.42700	60.12810	-149.41299
PAWG	10/28	56.48860	-132.38300	56.48000	-132.35699
PAWI	05/23	70.63570	-160.01199	70.64040	-159.97800
PAWM	15/33	64.69310	-163.41499	64.68520	-163.41000
PAWN	01/19	67.55600	-162.98599	67.56610	-162.97501
PAWS	04/22	61.56880	-149.54900	61.57450	-149.53101
PAWS	04S/22S	61.57140	-149.54201	61.57400	-149.53400
PAWT	3/21	70.61190	-159.87199	70.61480	-159.84900
PAYA	02/20	59.49630	-139.68500	59.50880	-139.66000
PAYA	11/29	59.51150	-139.66499	59.49650	-139.63499
PFAK	03/21	60.89990	-161.23700	60.90590	-161.22400
PFAL	05/23	66.55030	-152.63499	66.55340	-152.60899
PFCL	18/36	58.83780	-158.52699	58.82950	-158.53200
PFEL	01/19	64.61090	-162.27600	64.61900	-162.26500
PFKA	17/35	60.87740	-162.52299	60.86930	-162.52499
PFKK	07/25	59.43260	-154.81100	59.43400	-154.79401
PFKO	02/20	63.02550	-163.53999	63.03570	-163.52499
PFKT	04/22	65.33030	-166.47301	65.33370	-166.46201
PFKT	11/29	65.33350	-166.47200	65.32820	-166.45700
PFKU	07/25	64.87480	-157.74300	64.87690	-157.71800
PFKW	18/36	60.79450	-161.44099	60.78610	-161.44600
PFNO	06/24	66.81610	-161.03600	66.81890	-161.00900
PFSH	14/32	64.37620	-161.22900	64.36600	-161.21899
PFTO	07/25	63.33010	-142.96100	63.32900	-142.94600
PFWS	04/22	58.70260	-157.00900	58.70560	-156.99800
PFWS	12/30	58.70410	-157.00800	58.69730	-156.99600
PFYU	04/22	66.56760	-145.26801	66.57540	-145.23300
PG-0094	16/34	-6.04925	142.87358	-6.06536	142.87730
PG-0096	05D/23A	-6.25382	144.98882	-6.26645	144.98563
PGRO	09/27	14.17460	145.23399	14.17410	145.25101
PGSN	07/25	15.11450	145.71800	15.12350	145.74100
PGUA	06L/24R	13.58030	144.91600	13.59220	144.94299
PGUA	06R/24L	13.57530	144.91600	13.58790	144.94501
PGUM	06L/24R	13.47890	144.78400	13.49060	144.81000
PGUM	06R/24L	13.47720	144.78500	13.48650	144.80499
PGWT	08/26	14.99700	145.60699	15.00140	145.63100
PH-0096	12/30	15.78444	119.78861	15.77945	119.79694
PH-0107	08/26	15.25000	120.67000	15.25500	120.68020
PH-0687	08/26	15.25398	120.67602	15.25510	120.68063
PHBK	16/34	22.03090	-159.78700	22.01460	-159.78400
PHDH	08/26	21.57970	-158.21100	21.57930	-158.18401
PHHF	06/24	23.86280	-166.28900	23.86530	-166.28000
PHHI	06/24	21.48050	-158.04700	21.48650	-158.03200
PHHN	08/26	20.79560	-156.02000	20.79560	-156.00900
PHJH	02/20	20.95930	-156.67500	20.96660	-156.67101
PHJR	04L/22R	21.30680	-158.07201	21.31390	-158.06100
PHJR	04R/22L	21.29990	-158.07899	21.31250	-158.06000
PHJR	11/29	21.31050	-158.08099	21.30270	-158.06599
PHKO	17/35	19.75390	-156.04401	19.72370	-156.04700
PHLI	03/21	21.97290	-159.34900	21.98560	-159.33501
PHLI	17/35	21.98170	-159.33600	21.96380	-159.33600
PHLU	05/23	21.20930	-156.97701	21.21280	-156.97000
PHMK	05/23	21.14960	-157.10100	21.15570	-157.09000
PHMK	17/35	21.15750	-157.09801	21.14890	-157.09801
PHMU	04/22	19.99690	-155.67400	20.00570	-155.66200
PHNG	04/22	21.44380	-157.77699	21.45710	-157.75900
PHNL	04L/22R	21.31830	-157.92300	21.32980	-157.90700
PHNL	04R/22L	21.31390	-157.92700	21.32880	-157.90601
PHNL	04W/22W	21.31470	-157.91299	21.31990	-157.90601
PHNL	08L/26R	21.32520	-157.94299	21.32520	-157.90700
PHNL	08R/26L	21.30680	-157.94600	21.30680	-157.91100
PHNL	08W/26W	21.31130	-157.91701	21.31110	-157.90199
PHNY	03/21	20.78070	-156.95700	20.79060	-156.94600
PHOG	02/20	20.88910	-156.43600	20.90490	-156.42500
PHOG	05/23	20.89800	-156.43700	20.90380	-156.42400
PHPA	09/27	21.89750	-159.60699	21.89640	-159.60001
PHSF	09/27	19.76100	-155.55901	19.75910	-155.54800
PHTO	03/21	19.71250	-155.06200	19.72420	-155.05200
PHTO	08/26	19.72140	-155.05800	19.72140	-155.02901
PHUP	07/25	20.26400	-155.86501	20.26650	-155.85500
PK-REQ	18/36	29.05422	62.19603	29.03936	62.19762
PKMA	06/24	11.33580	162.31799	11.34560	162.33701
PKMJ	07/25	7.06216	171.26100	7.06736	171.28300
PKRO	04/22	9.39277	167.46600	9.40100	167.47600
PKWA	06/24	8.71740	167.72301	8.72284	167.74001
PL-0002	07/25	54.19917	15.67750	54.20111	15.69083
PL-0172	06/24	51.58810	19.24950	51.59090	19.25840
PL-0272	11/29	50.08510	19.98700	50.08345	19.99420
PL-0273	10/28	52.20170	20.27370	52.19480	20.30850
PLCH	08/26	1.98633	-157.35899	1.98632	-157.34100
PMDY	06/24	28.19750	-177.39301	28.20540	-177.37000
PPIZ	05/23	69.73030	-163.02400	69.73380	-162.99800
PR10	06/24	18.00900	-67.14530	18.01240	-67.13750
PR27	10/28	17.96340	-66.39690	17.96310	-66.38560
PTKK	04/22	7.45614	151.83701	7.46764	151.84900
PTPN	09/27	6.98514	158.20071	6.98505	158.21892
PTRO	09/27	7.36789	134.53400	7.36741	134.55400
PTSA	05/23	5.35247	162.95200	5.36138	162.96500
PTYA	07/25	9.49631	138.07500	9.50151	138.09000
PWAK	10/28	19.28490	166.62199	19.27930	166.64999
QJP	04/22	37.86250	127.17100	37.87050	127.17800
RCAY	18L/36R	22.79360	120.26400	22.77310	120.26400
RCAY	18R/36L	22.79280	120.26200	22.77070	120.26100
RCBS	06/24	24.42180	118.34600	24.43390	118.37200
RCDC	09/27	22.67200	120.45000	22.67280	120.47300
RCFG	03/21	26.15340	119.95500	26.16620	119.96200
RCFN	04/22	22.74640	121.09400	22.76360	121.10900
RCGI	17/35	22.67840	121.46500	22.66930	121.46800
RCKH	09/27	22.57760	120.33500	22.57660	120.36500
RCKU	18L/36R	23.46730	120.39500	23.45270	120.39500
RCKU	18R/36L	23.47730	120.39000	23.44990	120.39100
RCKW	14/32	22.04680	120.72500	22.03530	120.73600
RCLY	13/31	22.03250	121.52900	22.02520	121.53800
RCMQ	18/36	24.28150	120.62000	24.24850	120.62200
RCMT	03/21	26.21950	120.00000	26.22880	120.00500
RCNN	18L/36R	22.96430	120.20700	22.93670	120.20800
RCNN	18R/36L	22.96410	120.20400	22.93660	120.20400
RCPO	05/23	24.80640	120.92700	24.82970	120.95200
RCQC	02/20	23.55580	119.62400	23.58150	119.63300
RCQS	04/22	22.78080	121.17300	22.80540	121.19100
RCSQ	08/26	22.69770	120.47100	22.70230	120.49400
RCSS	10/28	25.06990	121.54000	25.06910	121.56600
RCTP	05L/23R	25.07290	121.21600	25.09447	121.24338
RCTP	05R/23L	25.06084	121.22349	25.08330	121.25200
RCWA	02/20	23.36530	119.50200	23.37310	119.50500
RCYU	03/21	24.01260	121.61100	24.03470	121.62300
RCYU	03R/21L	24.01100	121.61300	24.03340	121.62500
RDV	10/28	61.79140	-157.36200	61.78470	-157.33800
RJ04	07/25	42.04260	140.78799	42.04740	140.79800
RJAA	16L/34R	35.80270	140.38000	35.78580	140.39200
RJAA	16R/34L	35.77440	140.36800	35.74330	140.39101
RJAF	18/36	36.17570	137.92101	36.15790	137.92400
RJAH	03R/21L	36.16960	140.41000	36.19250	140.42101
RJAM	05/23	24.28530	153.97400	24.29410	153.98399
RJAW	07/25	24.77950	141.31100	24.78840	141.33501
RJBB	06L/24R	34.42850	135.20616	34.45133	135.24001
RJBB	06R/24L	34.41740	135.22900	34.43720	135.25900
RJBD	15/33	33.66930	135.35800	33.65530	135.37100
RJBE	09/27	34.63160	135.21001	34.63380	135.23700
RJBK	09/27	34.59040	133.92599	34.59130	133.94000
RJBT	01/19	35.50750	134.78700	35.51830	134.78700
RJCA	08/26	43.79320	142.36000	43.79530	142.36900
RJCB	17/35	42.74410	143.21201	42.72310	143.22301
RJCC	01L/19R	42.76160	141.69299	42.78840	141.68800
RJCC	01R/19L	42.76200	141.69600	42.78880	141.69200
RJCH	12/30	41.77430	140.80499	41.76600	140.83900
RJCJ	18L/36R	42.81100	141.66600	42.77530	141.67200
RJCJ	18R/36L	42.81060	141.66200	42.78660	141.66600
RJCK	17/35	43.05150	144.18700	43.03050	144.19901
RJCM	18/36	43.89180	144.16299	43.86940	144.16499
RJCN	08/26	43.57450	144.94800	43.58040	144.97099
RJCO	14/32	43.12060	141.37399	43.11170	141.38600
RJCT	13/31	42.89420	143.15100	42.88680	143.16600
RJCT	13L/31R	42.89450	143.15900	42.89250	143.16299
RJCW	08/26	45.40090	141.78900	45.40730	141.81300
RJDA	13/31	32.48510	130.15401	32.47990	130.16299
RJDB	02/20	33.74320	129.78500	33.75500	129.78700
RJDC	07/25	33.92470	131.26700	33.93520	131.29100
RJDT	14/32	34.29110	129.32300	34.27870	129.33800
RJEB	14/32	44.30990	143.39500	44.29790	143.41299
RJEC	16/34	43.68080	142.44099	43.66060	142.45399
RJEO	13/31	42.07500	139.42500	42.06820	139.44099
RJER	07/25	45.23760	141.17799	45.24640	141.19701
RJFA	12/30	33.88590	130.64600	33.87950	130.66200
RJFC	14/32	30.39020	130.65401	30.38090	130.66499
RJFE	03/21	32.65810	128.82800	32.67440	128.83701
RJFF	16L/34R	33.59690	130.44299	33.57500	130.45799
RJFF	16R/34L	33.59597	130.44122	33.57641	130.45459
RJFG	13/31	30.61000	130.98199	30.60010	131.00000
RJFK	16/34	31.81510	130.71100	31.79170	130.72701
RJFM	09/27	31.87620	131.43500	31.87810	131.46201
RJFN	10/28	32.08630	131.43800	32.08130	131.46600
RJFO	01/19	33.46600	131.73700	33.49300	131.73700
RJFR	18/36	33.85664	131.03273	33.83447	131.03726
RJFS	11/29	33.15120	130.29201	33.14830	130.31300
RJFT	07/25	32.83150	130.84100	32.84310	130.87000
RJFU	14/32	32.92700	129.90300	32.90690	129.92400
RJFY	08L/26R	31.36760	130.83000	31.36960	130.84200
RJFY	08R/26L	31.36490	130.82700	31.36860	130.85100
RJFZ	07/25	33.68180	131.02901	33.68910	131.05299
RJGG	18/36	34.87390	136.80200	34.84290	136.80901
RJKA	03/21	28.42250	129.70799	28.43870	129.71700
RJKB	04/22	27.42580	128.70100	27.43480	128.70799
RJKI	07/25	28.31840	129.92101	28.32330	129.93300
RJKN	01/19	27.82740	128.88000	27.84540	128.88200
RJNA	16/34	35.26640	136.91701	35.24450	136.93100
RJNF	18/36	36.14880	136.22301	36.13690	136.22400
RJNG	10/28	35.39460	136.85500	35.39360	136.88400
RJNH	09/27	34.75040	137.68900	34.75010	137.71700
RJNK	06T/24T	36.38770	136.39400	36.40150	136.41901
RJNO	08/26	36.17500	133.31300	36.18400	133.33200
RJNT	02/20	36.63970	137.18500	36.65720	137.19000
RJNW	07/25	37.28960	136.95200	37.29670	136.97200
RJNY	09/27	34.81230	138.28999	34.81300	138.30600
RJOA	10/28	34.43600	132.90300	34.43600	132.93600
RJOB	07/25	34.75000	133.84100	34.76390	133.87000
RJOC	07/25	35.40910	132.88000	35.41830	132.89900
RJOF	01/19	34.02740	131.54900	34.03800	131.54900
RJOF	12/30	34.03800	131.53700	34.03370	131.55200
RJOH	07/25	35.48750	133.22600	35.49540	133.24600
RJOI	02/20	34.13400	132.24483	34.15583	132.24899
RJOI	02R/20L	34.13960	132.23700	34.14280	132.23700
RJOK	14/32	33.55330	133.65900	33.53870	133.67999
RJOM	14/32	33.83460	132.68900	33.81990	132.71001
RJOO	14L/32R	34.79530	135.42900	34.78360	135.44299
RJOO	14R/32L	34.79130	135.42900	34.77220	135.45200
RJOR	10/28	35.53060	134.15401	35.52950	134.17599
RJOS	11/29	34.13470	134.59599	34.13090	134.61700
RJOT	08/26	34.21070	134.00301	34.21740	134.02901
RJOW	11/29	34.67870	131.78000	34.67410	131.80099
RJOY	09/27	34.59560	135.58900	34.59640	135.60600
RJOY	13/31	34.60070	135.59599	34.59420	135.60600
RJOZ	12/30	34.04600	131.05000	34.04260	131.05901
RJOZ	17/35	34.05490	131.04800	34.04480	131.05200
RJSA	06/24	40.72490	140.67500	40.74160	140.70300
RJSC	01/19	38.40290	140.37000	38.42080	140.37300
RJSD	10/28	38.06070	138.40800	38.05970	138.42000
RJSF	01/19	37.21620	140.42700	37.23870	140.42900
RJSH	06/24	40.55410	141.46100	40.55870	141.46700
RJSH	07/25	40.54760	141.45500	40.55660	141.47900
RJSH	12/30	40.55920	141.46800	40.55810	141.47200
RJSI	02/20	39.41770	141.13300	39.43980	141.13800
RJSK	10/28	39.61690	140.20399	39.61430	140.23300
RJSM	10/28	40.70440	141.35001	40.70200	141.38600
RJSN	04/22	37.94830	139.11501	37.95830	139.12300
RJSN	10/28	37.95680	139.09599	37.95580	139.12399
RJSR	11/29	40.19340	140.36000	40.19030	140.38300
RJSS	09/27	38.13880	140.89900	38.14230	140.93300
RJSS	12/30	38.13950	140.91499	38.13440	140.92700
RJST	07/25	38.39520	141.19800	38.40810	141.22501
RJST	15/33	38.41370	141.21001	38.40340	141.22099
RJSY	09/27	38.81070	139.77600	38.81400	139.79900
RJTA	01/19	35.44360	139.45000	35.46560	139.45000
RJTE	09/27	34.98690	139.82700	34.98710	139.83099
RJTH	08/26	33.11200	139.77600	33.11830	139.79601
RJTJ	17/35	35.85000	139.40700	35.83320	139.41499
RJTK	02/20	35.39030	139.90700	35.40620	139.91299
RJTL	01/19	35.78880	140.01199	35.80910	140.01199
RJTO	03/21	34.77420	139.35699	34.78970	139.36400
RJTQ	02/20	34.06640	139.55800	34.07790	139.56200
RJTT	04/22	35.54901	139.76127	35.56746	139.77711
RJTT	05/23	35.52400	139.80347	35.54060	139.82212
RJTT	16L/34R	35.56590	139.78655	35.53969	139.80514
RJTT	16R/34L	35.56045	139.76873	35.53659	139.78567
RJTU	01/19	36.50690	139.87000	36.52220	139.87199
RJTY	18/36	35.76340	139.34500	35.73360	139.35201
RK13	17/35	38.09240	127.98600	38.08260	127.98700
RK14	18/36	38.02980	127.36600	38.02340	127.36700
RK15	03/21	38.14970	127.31000	38.15990	127.31500
RK16	03/21	38.07420	127.52000	38.07740	127.52200
RK17	04/22	38.13640	128.00600	38.14060	128.00900
RK18	17/35	38.08220	127.27100	38.07580	127.27400
RK19	17/35	38.14000	127.74100	38.13500	127.74300
RK21	06/24	38.38090	128.45399	38.38440	128.46100
RK22	01/19	38.11660	127.68500	38.12150	127.68500
RK27	14/32	37.89670	126.96900	37.89420	126.97400
RK28	09/27	37.90910	127.00500	37.90970	127.01100
RK31	08/26	37.92880	127.75300	37.93020	127.76000
RK32	03/21	37.95280	128.31400	37.95960	128.31799
RK33	08/26	37.34150	128.38400	37.34250	128.38800
RK34	02/20	37.64640	128.57100	37.64970	128.57201
RK36	03/21	38.17490	127.10300	38.17830	127.10400
RK38	18/36	38.03240	127.14100	38.02710	127.14100
RK40	07/25	38.24780	127.37500	38.25030	127.38100
RK41	14/32	38.21670	127.65200	38.21360	127.65800
RK42	08/26	38.05110	127.79600	38.05220	127.80000
RK43	05/23	38.10450	128.19901	38.10760	128.20300
RK44	04/22	38.23910	128.20500	38.24430	128.21001
RK48	07/25	37.70170	127.90100	37.70460	127.90800
RK49	07/25	36.75540	126.32800	36.75670	126.33200
RK50	03/21	36.58190	126.65900	36.58570	126.66100
RK52	02L/20R	37.28790	127.22600	37.28960	127.22700
RK52	02R/20L	37.28240	127.22600	37.28740	127.22700
RK60	15/33	35.30820	126.49400	35.30430	126.49700
RK6D	09/27	35.34470	127.01600	35.34470	127.02000
RK6O	10/28	37.16300	128.21201	37.16280	128.22501
RK82	04/22	38.11730	128.03799	38.12020	128.04100
RKJB	01/19	34.97882	126.38291	35.00401	126.38271
RKJJ	04L/22R	35.11570	126.80000	35.13730	126.81700
RKJJ	04R/22L	35.11480	126.80200	35.13690	126.81800
RKJK	18/36	35.91590	126.61300	35.89160	126.61900
RKJM	06/24	34.75430	126.37300	34.76350	126.38700
RKJU	07/25	35.87600	127.11200	35.88090	127.12700
RKJY	17/35	34.85110	127.61300	34.83360	127.62100
RKNN	08/26	37.74900	128.92900	37.75810	128.95799
RKNW	03/21	37.42700	127.95400	37.44910	127.96700
RKNY	15/33	38.07010	128.66000	38.05260	128.67799
RKPC	07/25	33.50040	126.46900	33.51450	126.49700
RKPC	13/31	33.51550	126.48700	33.50550	126.50400
RKPD	01/19	33.38290	126.71200	33.40370	126.71200
RKPD	15/33	33.40390	126.70800	33.39310	126.71800
RKPE	18/36	35.14580	128.69501	35.13610	128.69701
RKPK	18L/36R	35.19410	128.93700	35.16950	128.94099
RKPK	18R/36L	35.19390	128.93500	35.16520	128.93900
RKPS	06L/24R	35.08220	128.05701	35.09620	128.08200
RKPS	06R/24L	35.08130	128.06000	35.09520	128.08501
RKPU	18/36	35.60250	129.35100	35.58450	129.35201
RKRA	18/36	37.83580	126.98900	37.82510	126.99000
RKRB	17/35	37.47690	126.74600	37.47300	126.74800
RKRG	15/33	37.50330	127.62800	37.49970	127.63100
RKRK	16/34	37.81360	127.35600	37.80970	127.35800
RKRN	10L/28R	37.19740	127.46600	37.19750	127.48400
RKRN	10R/28L	37.19640	127.47100	37.19640	127.47600
RKRP	16/34	37.76460	126.79200	37.76060	126.79400
RKSG	14/32	36.96970	127.02100	36.95480	127.04200
RKSI	15L/33R	37.48390	126.44000	37.45640	126.46500
RKSI	15R/33L	37.48180	126.43600	37.45420	126.46100
RKSI	16L/34R	37.47274	126.41563	37.44343	126.44170
RKSI	16R/34L	37.46875	126.41345	37.44127	126.43788
RKSM	01/19	37.43390	127.11600	37.45880	127.11600
RKSM	02/20	37.43250	127.11100	37.45880	127.11500
RKSO	09L/27R	37.09124	127.01400	37.09380	127.04466
RKSO	09R/27L	37.08933	127.01424	37.09189	127.04491
RKSS	14L/32R	37.57030	126.77800	37.54740	126.80700
RKSS	14R/32L	37.56800	126.77600	37.54760	126.80100
RKSW	15L/33R	37.24960	126.99800	37.23010	127.01700
RKSW	15R/33L	37.24870	126.99700	37.22920	127.01600
RKSW	16/34	37.23710	127.02000	37.21790	127.02900
RKTE	16/34	36.57320	127.49700	36.56310	127.50300
RKTH	10/28	35.98770	129.40900	35.98800	129.43201
RKTI	18L/36R	37.04240	127.88500	37.01770	127.88800
RKTI	18R/36L	37.04270	127.88300	37.01720	127.88500
RKTN	13L/31R	35.90160	128.64700	35.88760	128.67200
RKTN	13R/31L	35.90060	128.64600	35.88670	128.67101
RKTP	03L/21R	36.69400	126.47900	36.71630	126.49100
RKTP	03R/21L	36.69320	126.48100	36.71560	126.49400
RKTU	06L/24R	36.71010	127.48700	36.72530	127.51100
RKTU	06R/24L	36.70790	127.48800	36.72290	127.51100
RKTY	10/28	36.63170	128.34000	36.63220	128.37000
RKUC	14/32	36.57450	127.29200	36.56860	127.29900
RKUL	11L/29R	36.27070	127.10700	36.26820	127.12000
RKUL	11R/29L	36.26930	127.10800	36.26790	127.11300
RMP	11/29	65.51150	-150.14800	65.50430	-150.13300
RO-0001	14/32	46.84727	26.55570	46.84022	26.56152
RO-0009	18/36	46.27532	21.60694	46.26828	21.60549
RO-0031	10/28	47.16820	22.85280	47.16760	22.85630
RO-0108	04/22	44.22357	26.11955	44.22617	26.12300
ROAH	18L/36R	26.20930	127.64500	26.18230	127.64600
ROAH	18R/36L	26.20310	127.63200	26.17870	127.63400
RODE	04/22	26.72090	127.75900	26.73220	127.77100
RODE	05/23	26.72980	127.75700	26.73220	127.76000
RODN	05L/23R	26.34620	127.75100	26.36720	127.78000
RODN	05R/23L	26.34400	127.75500	26.36500	127.78400
ROKJ	03/21	26.35510	126.71000	26.37190	126.71700
ROMD	02/20	25.84000	131.26100	25.85300	131.26601
ROMY	04/22	24.77570	125.28900	24.78990	125.30100
RORE	04/22	26.71760	127.78100	26.72810	127.79100
RORK	03/21	25.93800	131.32001	25.94980	131.32800
RORS	17/35	24.84000	125.14100	24.81380	125.14900
RORT	18/36	24.66060	124.67400	24.64720	124.67600
RORY	14/32	27.04840	128.39700	27.03950	128.40601
ROTM	06/24	26.26690	127.74500	26.28140	127.76800
ROYN	08/26	24.46520	122.97100	24.46870	122.98500
RP12	08/26	13.89980	121.73900	13.90070	121.74800
RP15	04/22	10.90780	124.43400	10.91630	124.44100
RP17	17/35	6.40763	125.61900	6.39694	125.62000
RPLA	01/19	12.98050	121.42500	12.99130	121.42700
RPLB	07/25	14.78970	120.26000	14.79920	120.28300
RPLC	02R/20L	15.17440	120.55800	15.20140	120.56900
RPLE	05/23	14.41368	122.03479	14.42402	122.04442
RPLI	01/19	18.16360	120.53000	18.18860	120.53200
RPLJ	05/23	14.70056	122.32639	14.70611	122.33361
RPLL	06/24	14.49780	121.00000	14.51450	121.03000
RPLL	13/31	14.52420	121.00300	14.50980	121.01800
RPLS	07/25	14.49130	120.89400	14.49940	120.91400
RPLU	07/25	13.85310	120.10000	13.85780	120.11100
RPLV	05/23	15.43010	121.08600	15.43930	121.09700
RPMA	16/34	6.37191	124.74900	6.36086	124.75400
RPMB	01/19	6.09897	125.23300	6.11390	125.23700
RPMC	10/28	7.16726	124.20100	7.16323	124.21800
RPMD	05/23	7.11667	125.63500	7.13437	125.65600
RPME	12/30	8.95528	125.47000	8.94736	125.48600
RPMF	05/23	8.19262	126.31700	8.19928	126.32600
RPMG	02/20	8.59301	123.33200	8.60951	123.33700
RPMH	07/25	9.25171	124.70200	9.25534	124.71200
RPMI	02/20	8.12458	124.21300	8.13640	124.21700
RPMJ	09/27	6.05354	121.00500	6.05380	121.01700
RPML	01/19	8.40480	124.60900	8.42644	124.61400
RPMN	02/20	5.04036	119.74100	5.05363	119.74500
RPMO	03/21	8.17188	123.83700	8.18513	123.84600
RPMP	02/20	7.81975	123.45600	7.83464	123.46000
RPMQ	14/32	6.95489	126.26800	6.94385	126.27800
RPMR	17/35	6.07261	125.09400	6.04364	125.09800
RPMS	18/36	9.76521	125.47800	9.74992	125.48000
RPMW	03/21	9.06623	126.16900	9.07800	126.17400
RPMY	09/27	8.61147	124.44700	8.61294	124.46600
RPMZ	09/27	6.92321	122.04800	6.92163	122.07100
RPNS	01/19	9.85347	126.01300	9.86472	126.01500
RPSM	16/34	10.19220	124.78100	10.18250	124.78400
RPUB	09/27	16.37490	120.61100	16.37530	120.62800
RPUD	06/24	14.12650	122.97600	14.13180	122.98500
RPUF	03/21	14.97630	120.48700	14.99680	120.49800
RPUG	08/26	16.03350	120.23600	16.03610	120.24600
RPUH	10/28	12.36370	121.03800	12.35940	121.05500
RPUL	03/21	13.94920	121.12100	13.96090	121.12900
RPUM	16/34	13.21380	120.60400	13.20240	120.60700
RPUN	04/22	13.58040	123.26600	13.58940	123.27500
RPUO	06/24	20.44830	121.97500	20.45440	121.98400
RPUQ	02/20	17.55020	120.35400	17.56050	120.35700
RPUR	05/23	15.72650	121.49600	15.73320	121.50400
RPUS	01/19	16.59020	120.30300	16.60100	120.30400
RPUT	17/35	17.65250	121.73300	17.63490	121.73500
RPUV	06/24	13.57290	124.19900	13.58000	124.21200
RPUW	16/34	13.36720	121.82300	13.35470	121.82800
RPUY	12/30	16.93370	121.74700	16.92290	121.76300
RPUZ	09/27	16.61910	121.24700	16.61930	121.25800
RPVA	18/36	11.23730	125.02800	11.21800	125.02700
RPVC	17/35	12.07920	124.54300	12.06620	124.54700
RPVD	09/27	9.33442	123.29743	9.33370	123.31048
RPVE	06/24	11.92260	121.95000	11.92650	121.95800
RPVF	04/22	12.49800	124.63100	12.50680	124.64000
RPVG	07/25	11.03170	125.73300	11.03940	125.75000
RPVI	02/20	10.82232	122.48942	10.84359	122.49726
RPVJ	04/22	12.36510	123.62600	12.37370	123.63300
RPVK	05/23	11.67290	122.36900	11.68600	122.38400
RPVM	04L/22R	10.30252	123.97167	10.31893	123.98814
RPVM	04R/22L	10.29695	123.96879	10.31818	123.99010
RPVO	18/36	11.06640	124.56600	11.04960	124.56500
RPVP	09/27	9.74263	118.74700	9.74161	118.77100
RPVR	14/32	11.60470	122.74700	11.59070	122.75700
RPVS	18/36	10.77150	121.93300	10.76060	121.93300
RPVU	03/21	12.30530	122.08200	12.31660	122.08700
RPVV	08/26	12.12100	120.09500	12.12190	120.10500
RPVW	02/20	11.66930	125.47700	11.67940	125.48100
RU-0008	09/27	51.40570	109.88200	51.40820	109.91800
RU-0029	E/W	56.20520	95.62530	56.20890	95.64600
RU-0050	13/31	67.99827	75.08531	67.97827	75.10869
RU-0211	05/23	47.23980	38.82660	47.25290	38.85360
RU-0276	03/21	52.54770	104.45160	52.55290	104.45650
RU-0372	05/23	47.27220	39.62170	47.28320	39.65040
RU-0447	01L/19R	58.13930	28.20140	58.14360	28.20440
RU-0447	01R/19L	58.13920	28.20200	58.14440	28.20570
RU-0845	07/25	59.76467	30.05537	59.76685	30.09953
RU-0930	05/23	57.72230	134.43275	57.73615	134.44995
RU-10143	13/31	56.10592	101.43290	56.10240	101.44270
S28	10/28	48.99890	-100.04900	48.99580	-100.03800
S31	16/34	48.48790	-122.93800	48.47990	-122.93800
S35	04/22	48.36010	-119.57200	48.36370	-119.56300
S43	15L/33R	47.90830	-122.10400	47.90130	-122.10100
S43	15R/33L	47.90820	-122.10500	47.90170	-122.10200
S51	11/29	41.51410	-123.99900	41.51000	-123.99200
S66	13/31	43.61800	-116.92400	43.61120	-116.91900
S81	04/22	44.75750	-115.11500	44.76480	-115.10000
S89	07/25	46.24750	-116.48500	46.24790	-116.47400
S93	07/25	47.19410	-120.88900	47.19440	-120.87800
SA01	3/21	-25.11120	-66.16040	-25.09880	-66.15400
SA02	15/33	-26.04770	-65.94280	-26.06440	-65.93090
SA03	1/19	-28.62410	-61.60450	-28.61610	-61.60300
SA04	17/35	-34.17670	-58.24880	-34.18760	-58.24500
SA05	18/36	-32.65170	-62.70200	-32.66670	-62.70230
SA05	18L/36R	-32.65550	-62.70180	-32.66550	-62.70200
SA06	3/21	-35.83450	-60.15020	-35.82220	-60.14310
SA07	10/28	-37.19205	-69.62235	-37.19656	-69.60296
SA10	16/34	-26.28940	-59.53730	-26.30250	-59.53340
SA11	7/25	-27.07620	-66.59470	-27.06830	-66.57750
SA12	17/35	-36.05440	-63.63100	-36.06300	-63.63130
SA13	5/23	-37.56380	-58.67170	-37.55500	-58.66030
SA14	18/36	-38.21850	-57.87140	-38.23350	-57.87100
SA14	4/22	-38.23230	-57.87420	-38.22460	-57.86500
SA14	9/27	-38.22500	-57.87990	-38.22640	-57.86320
SA16	05/23	-32.96620	-68.87850	-32.95940	-68.86890
SA17	01L/19R	-33.16460	-64.33960	-33.15660	-64.33680
SA17	01R/19L	-33.16510	-64.33830	-33.15780	-64.33580
SA20	9/27	-38.41330	-68.74270	-38.41420	-68.73190
SA21	4/22	-37.81260	-67.66550	-37.80690	-67.65320
SA22	18/36	-22.28080	-62.71410	-22.29070	-62.71340
SA23	6/24	-27.90880	-55.77200	-27.89760	-55.75900
SA24	8/26	-23.78420	-64.75790	-23.77950	-64.74110
SA25	10/28	-46.53900	-67.56390	-46.54390	-67.54760
SA25	6/24	-46.53930	-67.56580	-46.53670	-67.55220
SA26	17/35	-28.52110	-59.03830	-28.53130	-59.03880
SA29	9/27	-39.28520	-65.62250	-39.28760	-65.59820
SA31	18/36	-33.38580	-60.19530	-33.39550	-60.19600
SA31	9/27	-33.39180	-60.20210	-33.39240	-60.19310
SA32	3/21	-33.68570	-61.95910	-33.67790	-61.95370
SA33	8/26	-49.99510	-68.96150	-49.99500	-68.94470
SA34	01/19	-43.23770	-65.33000	-43.22560	-65.32690
SA34	04/22	-43.23750	-65.33190	-43.22700	-65.31810
SA34	13/31	-43.22680	-65.33550	-43.23710	-65.31930
SA34	8/26	-43.23610	-65.33640	-43.23520	-65.31180
SA35	7/25	-27.63030	-66.34900	-27.62590	-66.33450
SA36	13/31	-35.60320	-59.81580	-35.60820	-59.80930
SA36	18/36	-35.59970	-59.81710	-35.61050	-59.81720
SA38	10/28	-38.53680	-70.34580	-38.54110	-70.32830
SA39	11/29	-24.23480	-65.27480	-24.23820	-65.26330
SA40	18/36	-31.59570	-68.54610	-31.61000	-68.54860
SA42	18/36	-26.66570	-66.02340	-26.68110	-66.02460
SA44	7/25	-27.70980	-67.10320	-27.70610	-67.08700
SA45	13/31	-28.62440	-65.11950	-28.63530	-65.10580
SAAC	4/22	-31.30330	-58.00060	-31.29050	-57.99270
SAAG	1/19	-33.01170	-58.61380	-32.99980	-58.61340
SAAN	13/31	-33.91420	-60.65630	-33.91930	-60.64980
SAAN	4/22	-33.92280	-60.65240	-33.91510	-60.64350
SAAP	1/19	-31.80410	-60.48200	-31.78540	-60.47870
SAAR	02/20	-32.91680	-60.78760	-32.89030	-60.78160
SAAV	3/21	-31.72043	-60.81607	-31.70112	-60.80656
SABE	13/31	-34.55390	-58.42510	-34.56450	-58.40610
SACA	16/34	-31.43650	-64.26070	-31.44730	-64.25580
SACO	01/19	-31.32440	-64.20800	-31.29580	-64.20810
SACO	05/23	-31.32480	-64.20930	-31.30890	-64.19120
SADF	5/23	-34.45980	-58.59710	-34.44740	-58.58280
SADL	2/20	-34.97550	-57.89500	-34.96300	-57.89120
SADM	02/20	-34.68880	-58.64640	-34.66380	-58.63910
SADO	18/36	-34.52650	-58.67230	-34.54240	-58.67120
SADP	17/35	-34.60120	-58.61700	-34.61870	-58.60820
SAET	2/20	-35.97650	-62.77480	-35.96640	-62.77010
SAEZ	11/29	-34.81910	-58.55350	-34.82540	-58.51820
SAEZ	17/35	-34.80830	-58.53390	-34.83520	-58.52460
SAFR	01L/19R	-31.28600	-61.51010	-31.27620	-61.50790
SAFR	01R/19L	-31.28750	-61.50290	-31.27750	-61.50060
SAFR	6/24	-31.28570	-61.51100	-31.27990	-61.50170
SAHC	12/30	-37.44080	-70.22950	-37.44860	-70.21540
SAHR	9/27	-38.99990	-67.63290	-39.00140	-67.60810
SAHS	10/28	-37.38910	-68.91280	-37.39210	-68.89560
SAHZ	9/27	-38.97410	-70.12620	-38.97690	-70.10100
SAME	18/36	-32.81920	-68.79270	-32.84430	-68.79310
SAMM	14/32	-35.48390	-69.58280	-35.50330	-69.56580
SAMM	9/27	-35.48410	-69.58290	-35.48580	-69.56370
SAMR	11/29	-34.58452	-68.41553	-34.59130	-68.39112
SANC	02/20	-28.60780	-65.75460	-28.58330	-65.74870
SANE	3/21	-27.77530	-64.31580	-27.75600	-64.30440
SANL	3/21	-29.39290	-66.80280	-29.37030	-66.78880
SANO	17/35	-29.21450	-67.44010	-29.23330	-67.43750
SANR	01/19	-27.50810	-64.93660	-27.48550	-64.93610
SANT	02/20	-26.85380	-65.10730	-26.82800	-65.10230
SANU	18/36	-31.56040	-68.41830	-31.58260	-68.41810
SAOC	05/23	-33.09947	-64.27780	-33.08485	-64.26084
SAOC	18/36	-33.08359	-64.26149	-33.10230	-64.26123
SAOD	17/35	-31.93880	-65.14680	-31.95150	-65.14570
SAOL	16/34	-22.15088	-65.57759	-22.17302	-65.56660
SAOM	7/25	-32.68560	-62.16380	-32.68170	-62.15180
SAOR	10/28	-33.72980	-65.38850	-33.73390	-65.36300
SAOR	6/24	-33.73090	-65.38910	-33.71950	-65.36710
SAOS	2/20	-32.39560	-65.18980	-32.37370	-65.18330
SAOU	19/01	-33.26000	-66.35460	-33.28640	-66.35830
SARC	2/20	-27.45480	-58.76330	-27.43620	-58.76040
SARE	3/21	-27.46170	-59.06110	-27.43830	-59.05110
SARF	4/22	-26.22010	-58.23190	-26.20540	-58.22430
SARI	13/31	-25.73100	-54.48840	-25.74350	-54.45850
SARL	18/36	-29.67930	-57.15390	-29.69950	-57.15020
SARM	18/36	-30.26670	-57.64090	-30.27710	-57.63950
SARM	18L/36R	-30.26460	-57.63990	-30.27640	-57.63850
SARP	02/20	-27.39600	-55.97060	-27.37570	-55.97090
SASA	02/20	-24.87280	-65.48990	-24.84640	-65.48410
SASA	06/24	-24.85810	-65.48960	-24.84480	-65.47080
SASJ	16/34	-24.38120	-65.10510	-24.40430	-65.09060
SASO	1/19	-23.15930	-64.33050	-23.14620	-64.32810
SASQ	16/34	-22.15110	-65.57560	-22.17360	-65.56420
SAST	02/20	-22.62640	-63.79460	-22.61300	-63.79270
SATD	1/19	-26.40390	-54.57420	-26.39110	-54.57500
SATG	4/22	-29.11410	-59.22580	-29.09800	-59.21150
SATO	17/35	-27.51040	-55.12710	-27.52590	-55.12120
SATR	02/20	-29.21020	-59.69090	-29.19890	-59.68920
SATR	10/28	-29.21040	-59.69430	-29.21020	-59.66550
SATU	01/19	-29.78010	-57.97900	-29.76070	-57.97860
SAVB	18/36	-41.93780	-71.53170	-41.94940	-71.53410
SAVC	7/25	-45.78780	-67.48340	-45.78290	-67.44770
SAVE	5/23	-42.90980	-71.14800	-42.89800	-71.12330
SAVE	8/26	-42.91200	-71.15120	-42.91200	-71.13530
SAVH	9/27	-46.53790	-68.97550	-46.53900	-68.95640
SAVJ	7/25	-41.32250	-69.58720	-41.31930	-69.56260
SAVN	12/30	-40.74650	-65.04310	-40.75590	-65.02570
SAVT	07/25	-43.21460	-65.28500	-43.20640	-65.25560
SAVV	10/28	-40.86700	-63.01110	-40.87310	-62.98200
SAVV	2/20	-40.87090	-63.00140	-40.85910	-62.99390
SAVY	5/23	-42.76510	-65.11570	-42.75320	-65.08980
SAWB	06/24	-64.24010	-56.64320	-64.23650	-56.61850
SAWC	7/25	-50.28140	-72.07090	-50.27920	-72.03530
SAWD	6/24	-47.73810	-65.91320	-47.73240	-65.89500
SAWE	7/25	-53.77810	-67.76450	-53.77730	-67.73430
SAWG	7/25	-51.61010	-69.33820	-51.60760	-69.28710
SAWH	7/25	-54.84420	-68.31750	-54.84240	-68.27400
SAWJ	07/25	-49.30850	-67.81610	-49.30500	-67.78910
SAWP	07/25	-46.53610	-70.98190	-46.53570	-70.97080
SAWP	10/28	-46.53520	-70.98900	-46.54080	-70.96840
SAWP	11/29	-46.53750	-70.98270	-46.54480	-70.96870
SAWU	07/25	-50.01900	-68.59280	-50.01520	-68.56560
SAZA	17/35	-36.83077	-59.88182	-36.84277	-59.87980
SAZA	9/27	-36.83666	-59.88880	-36.83723	-59.87994
SAZB	06/24	-38.72750	-62.18057	-38.71878	-62.16071
SAZB	17L/35R	-38.71667	-62.15738	-38.73750	-62.14960
SAZB	17R/35L	-38.71972	-62.18432	-38.73270	-62.17962
SAZC	17/35	-37.44030	-61.89070	-37.45200	-61.88790
SAZF	04/22	-36.89750	-60.22470	-36.88260	-60.20850
SAZF	13/31	-36.88550	-60.22790	-36.89040	-60.21910
SAZG	03/21	-35.69560	-63.76840	-35.68920	-63.76350
SAZG	16/34	-35.68620	-63.76280	-35.70620	-63.75380
SAZH	14/32	-38.38010	-60.33050	-38.38570	-60.32310
SAZH	18/36	-38.38150	-60.33020	-38.39230	-60.32900
SAZH	4/22	-38.39030	-60.32800	-38.38570	-60.32240
SAZI	14/32	-36.18220	-61.07370	-36.18920	-61.06470
SAZI	2/20	-36.19180	-61.07820	-36.18140	-61.07460
SAZL	17/35	-36.53570	-56.72320	-36.54900	-56.72030
SAZM	13/31	-37.92890	-57.58390	-37.93950	-57.56290
SAZN	9/27	-38.94900	-68.17050	-38.94900	-68.14090
SAZO	13/31	-38.48970	-58.81430	-38.49430	-58.80720
SAZO	17/35	-38.48510	-58.80920	-38.49490	-58.80800
SAZO	18/36	-38.48290	-58.81560	-38.49640	-58.81660
SAZP	18/36	-35.83780	-61.85760	-35.85130	-61.85760
SAZR	1/19	-36.59850	-64.27820	-36.57820	-64.27320
SAZS	11/29	-41.14680	-71.17030	-41.15560	-71.14480
SAZT	1/19	-37.24570	-59.22990	-37.22290	-59.22740
SAZV	11/29	-37.23364	-57.03938	-37.23701	-57.01935
SAZW	3/21	-38.94460	-69.27350	-38.93580	-69.26430
SAZW	7/25	-38.94060	-69.27430	-38.93880	-69.25500
SAZY	06/24	-40.07960	-71.15090	-40.07120	-71.12360
SB06	15/33	-15.84580	-48.98780	-15.85180	-48.97740
SB29	06/24	-6.87643	-48.53890	-6.86544	-48.53090
SBAC	09/27	-4.57156	-37.81271	-4.56620	-37.79738
SBAE	17/35	-22.15259	-49.07463	-22.16889	-49.06605
SBAQ	17/35	-21.80491	-48.13774	-21.81875	-48.12858
SBAR	12/30	-10.98369	-37.08035	-10.98437	-37.06031
SBBE	03/21	-1.39055	-48.47715	-1.37406	-48.47575
SBBE	07/25	-1.38802	-48.48501	-1.37025	-48.46708
SBBG	6/24	-31.39510	-54.11780	-31.38580	-54.10640
SBBH	13/31	-19.84707	-43.96048	-19.85463	-43.93939
SBBI	18/36	-25.39926	-49.23462	-25.41087	-49.22939
SBBP	16/34	-22.97917	-46.53750	-22.97917	-46.53750
SBBR	11L/29R	-15.86360	-47.92350	-15.86170	-47.89770
SBBR	11R/29L	-15.88070	-47.94000	-15.87870	-47.90920
SBBU	14/32	-22.34230	-49.05830	-22.34870	-49.04760
SBCA	15/33	-24.99454	-53.50753	-25.00583	-53.49510
SBCB	10/28	-22.92385	-42.08385	-22.91904	-42.05974
SBCF	16/34	-19.62350	-43.97820	-19.64800	-43.95560
SBCG	06/24	-20.47866	-54.68233	-20.46128	-54.66557
SBCJ	10/28	-6.11889	-50.01250	-6.11694	-49.99444
SBCR	09/27	-19.01321	-57.67755	-19.00955	-57.66384
SBCT	11/29	-25.52829	-49.18016	-25.52878	-49.16227
SBCT	15/33	-25.52209	-49.18291	-25.53614	-49.16718
SBCX	15/33	-29.19250	-51.19283	-29.20333	-51.18050
SBCY	17/35	-15.64375	-56.12157	-15.66222	-56.11175
SBDN	12/30	-22.17363	-51.43479	-22.17644	-51.41469
SBDO	06/24	-22.20869	-54.93272	-22.19504	-54.92077
SBEG	11/29	-3.03856	-60.06185	-3.03862	-60.03755
SBFI	15/33	-25.58585	-54.50012	-25.60176	-54.47971
SBFL	03/21	-27.67528	-48.55417	-27.66472	-48.55167
SBFL	14/32	-27.66572	-48.55121	-27.67694	-48.53040
SBFZ	13/31	-3.77301	-38.54492	-3.77943	-38.52095
SBGL	10/28	-22.80180	-43.25520	-22.79220	-43.21770
SBGL	15/33	-22.81240	-43.26370	-22.82910	-43.23850
SBGO	14/32	-16.62630	-49.23120	-16.63760	-49.21100
SBGP	02L/20R	-21.77254	-48.40472	-21.75635	-48.40472
SBGP	02R/20L	-21.77840	-48.40491	-21.75131	-48.40540
SBGR	10L/28R	-23.43406	-46.48255	-23.42504	-46.44920
SBGR	10R/28L	-23.43880	-46.48700	-23.43120	-46.45890
SBGV	07/25	-18.90168	-41.98890	-18.89074	-41.97757
SBIH	05/23	-4.24803	-56.00510	-4.23588	-55.99580
SBJA	05/23	-28.68464	-49.06668	-28.66591	-49.05245
SBJD	18/36	-23.17495	-46.94665	-23.18658	-46.94127
SBJE	08/26	-2.91085	-40.36620	-2.90199	-40.34850
SBJH	12/30	-23.42599	-47.17799	-23.42766	-47.15389
SBJR	03/21	-22.99083	-43.37250	-22.98278	-43.37194
SBKP	15/33	-22.99850	-47.14700	-23.01640	-47.12200
SBLO	13/31	-23.33036	-51.13972	-23.33687	-51.12041
SBMA	7/25	-5.37444	-49.14500	-5.36278	-49.13111
SBMG	10/28	-23.47863	-52.02918	-23.47414	-52.00646
SBMK	12/30	-16.70583	-43.82889	-16.70806	-43.80917
SBMT	12/30	-23.50830	-46.64250	-23.51020	-46.63140
SBNF	08/26	-26.88374	-48.65803	-26.87511	-48.64388
SBNM	12/30	-28.28112	-54.17775	-28.28387	-54.16148
SBPA	11/29	-29.99438	-51.18301	-29.99485	-51.15939
SBPF	09/27	-28.24699	-52.33643	-28.24142	-52.32052
SBPJ	14/32	-10.28530	-48.36651	-10.29779	-48.34749
SBPK	07/25	-31.72186	-52.33467	-31.71172	-52.31985
SBPO	07/25	-26.22131	-52.70101	-26.21289	-52.68779
SBPS	10/28	-16.44070	-39.08880	-16.43630	-39.07260
SBRB	07/25	-9.87433	-67.90220	-9.86374	-67.88567
SBRJ	02L/20R	-22.91583	-43.16333	-22.90472	-43.16389
SBRJ	02R/20L	-22.91639	-43.16250	-22.90472	-43.16333
SBRP	18/36	-21.12683	-47.77645	-21.14237	-47.77151
SBSG	12/30	-5.76764	-35.37988	-5.77198	-35.35324
SBSJ	16/34	-23.21970	-45.87200	-23.23680	-45.85350
SBSP	17L/35R	-23.62080	-46.65800	-23.63170	-46.65050
SBSP	17R/35L	-23.62100	-46.66040	-23.63430	-46.65120
SBSR	7/25	-20.82160	-49.41290	-20.81240	-49.40060
SBTA	08/26	-23.04383	-45.52200	-23.03633	-45.51000
SBTG	07/25	-20.75800	-51.68960	-20.74730	-51.68960
SBTR	05/23	-29.41500	-49.81000	-29.41500	-49.81000
SBTS	10/28	2.22348	-55.95159	2.22614	-55.93380
SBTV	15/33	-16.53680	-39.11340	-16.54490	-39.10210
SBUY	09/27	-4.88550	-65.36120	-4.88303	-65.34972
SBVG	04/22	-21.60015	-45.47771	-21.58628	-45.47204
SBVT	02/20	-20.26583	-40.27833	-20.24750	-40.28111
SBVT	06/24	-20.26440	-40.29110	-20.25080	-40.28220
SBYS	02C/20C	-21.99379	-47.34117	-21.97535	-47.34124
SBYS	02L/20R	-21.99379	-47.34267	-21.97535	-47.34274
SBYS	02R/20L	-21.99297	-47.32684	-21.97639	-47.32693
SC1A	08/26	-20.42900	-69.65620	-20.42520	-69.62670
SC99	09/27	33.96330	-81.36410	33.96450	-81.35430
SCAE	09/27	-18.50933	-70.29635	-18.50848	-70.28504
SCAP	07/25	-43.61195	-71.81132	-43.61108	-71.79954
SCAR	03/21	-18.36315	-70.34409	-18.33923	-70.33534
SCAT	17/35	-27.25140	-70.78010	-27.27110	-70.77830
SCBA	09/27	-45.91420	-71.70540	-45.91790	-71.67350
SCBE	14/31	-22.13590	-70.06800	-22.14630	-70.05780
SCBQ	02/20	-33.56900	-70.69320	-33.55460	-70.68360
SCCC	12/30	-46.57940	-71.69280	-46.58730	-71.68200
SCCF	10/28	-22.49911	-68.91782	-22.50113	-68.88834
SCCH	04/22	-36.58810	-72.03830	-36.57690	-72.02450
SCCI	01/19	-53.00800	-70.85500	-52.99480	-70.84300
SCCI	07/25	-53.00120	-70.87530	-53.00060	-70.83380
SCCI	12/30	-52.99750	-70.86870	-53.01380	-70.84520
SCCL	11/29	-27.07630	-70.80110	-27.07980	-70.78950
SCCY	03/21	-45.59900	-72.11320	-45.58940	-72.09910
SCDA	01/19	-20.55033	-70.18217	-20.52017	-70.18050
SCDW	04/22	-53.61610	-70.48210	-53.60980	-70.46860
SCDW	12/30	-53.60190	-70.48400	-53.61190	-70.46870
SCEC	02/20	-29.15020	-70.89050	-29.13930	-70.88510
SCEL	17L/35R	-33.37610	-70.78670	-33.40990	-70.78520
SCEL	17R/35L	-33.37190	-70.80370	-33.40690	-70.80190
SCER	02/20	-32.79520	-71.52410	-32.78519	-71.51940
SCER	18/36	-32.78715	-71.51798	-32.80904	-71.52079
SCES	09/27	-26.31130	-69.77670	-26.31090	-69.75370
SCFA	01/19	-23.45786	-70.44669	-23.43272	-70.44361
SCFM	03/21	-53.25110	-70.33310	-53.24520	-70.32270
SCFM	09/27	-53.24980	-70.33690	-53.25760	-70.30150
SCFT	09/27	-43.18820	-71.85700	-43.19020	-71.84530
SCFX	11/29	-26.28920	-80.10470	-26.29860	-80.08770
SCGE	18/36	-37.39410	-72.42460	-37.40940	-72.42630
SCGZ	08/26	-54.93100	-67.63750	-54.93120	-67.61500
SCHR	07/25	-47.24410	-72.59510	-47.24360	-72.58170
SCIE	02/20	-36.78204	-73.06860	-36.76081	-73.05621
SCIL	02/20	-31.58240	-71.11340	-31.57320	-71.10830
SCIP	10/28	-27.15800	-109.43700	-27.17160	-109.40700
SCJO	15/33	-40.60230	-73.06610	-40.61820	-73.05650
SCKP	10/28	-20.73530	-68.68840	-20.73650	-68.67860
SCKP	17/35	-20.73750	-68.68520	-20.76590	-68.67970
SCLL	10/28	-28.59550	-70.76310	-28.59730	-70.74890
SCNT	10/28	-51.66760	-72.53940	-51.67540	-72.51730
SCOT	07/25	-30.67800	-71.40560	-30.67510	-71.39630
SCOV	04/22	-30.56325	-71.17996	-30.55539	-71.17211
SCPC	09/27	-39.29110	-71.92560	-39.29450	-71.90610
SCPE	14/32	-22.91560	-68.16530	-22.92790	-68.15150
SCPQ	17/35	-42.33144	-73.71467	-42.34938	-73.71664
SCQP	01/19	-38.93640	-72.65575	-38.91540	-72.64743
SCQT	17/35	-30.09150	-71.36460	-30.10130	-71.36360
SCQY	09/27	-38.44980	-71.36070	-38.44990	-71.34900
SCRA	09/27	-26.33180	-70.61330	-26.33330	-70.60130
SCRD	18/36	-33.06460	-71.55669	-33.07213	-71.55832
SCRG	03/21	-34.17990	-70.78110	-34.16760	-70.77030
SCRM	11/29	-62.18780	-58.99720	-62.19390	-58.97610
SCSE	12/30	-29.91240	-71.20850	-29.92000	-71.19050
SCSN	05/23	-33.65870	-71.61930	-33.65470	-71.61210
SCTB	01/19	-33.46130	-70.54800	-33.45120	-70.54530
SCTC	06/24	-38.76980	-72.64610	-38.76380	-72.62810
SCTE	17/35	-41.42700	-73.09350	-41.45080	-73.09440
SCTL	03/21	-35.38170	-71.60550	-35.37390	-71.59780
SCTN	01/19	-42.78667	-72.83751	-42.77585	-72.83172
SCTO	01/19	-38.25010	-72.35040	-38.24100	-72.34680
SCTT	15/33	-25.55930	-70.37820	-25.56930	-70.37360
SCVD	17/35	-39.64050	-73.08650	-39.65940	-73.08580
SCVL	17L/35R	-39.79110	-73.24110	-39.80280	-73.24190
SCVM	05/23	-32.95440	-71.48600	-32.94480	-71.47120
SD32	9/27	45.43472	-98.44539	45.43472	-98.44222
SD50	15/33	44.53420	-99.74920	44.52840	-99.74610
SDAM	16/34	-22.85520	-47.11205	-22.86310	-47.10406
SDCO	01/19	-23.48450	-47.48783	-23.47167	-47.49217
SDCZ	11/29	-22.93504	-44.09800	-22.93494	-44.08549
SDEN	15/33	-27.16276	-48.62666	-27.17007	-48.61721
SDHX	15/33	-30.74818	-51.53657	-30.75127	-51.53343
SDJX	03/21	-13.10891	-48.38267	-13.09998	-48.38122
SDKA	13/31	4.16582	-59.83677	4.16418	-59.83323
SDMC	09/27	-22.92090	-42.83390	-22.91740	-42.82650
SDMV	02/20	-22.27823	-48.60409	-22.26981	-48.60442
SDPI	15/33	4.68947	-60.24641	4.68609	-60.24303
SDRA	16/34	-23.87242	-48.05296	-23.87998	-48.04978
SDRT	08/26	4.64641	-60.79134	4.64970	-60.78421
SDVF	12/30	4.59052	-60.18439	4.58892	-60.17839
SDXA	05/23	4.20999	-60.00580	4.21389	-60.00309
SDXK	11/29	4.41351	-60.11869	4.41316	-60.11464
SDYT	15/33	3.76554	-63.98848	3.76224	-63.98541
SDZC	01/19	2.70617	-62.66877	2.70994	-62.66901
SE01	08/26	-2.16798	-79.28820	-2.16610	-79.27940
SE02	03/21	-2.77729	-79.70460	-2.76951	-79.70030
SE03	11/29	-2.94561	-80.10500	-2.94870	-80.09650
SE08	17/35	-2.04893	-79.43410	-2.06051	-79.43200
SE09	18/36	-2.17579	-79.23670	-2.18754	-79.23660
SE10	03/21	-1.59971	-79.72810	-1.59251	-79.72410
SE11	01/19	-0.54203	-79.36970	-0.53132	-79.36800
SE22	02/20	-3.28355	-79.80250	-3.27510	-79.79930
SE58	10/28	-3.34002	-79.86800	-3.34186	-79.85960
SE59	01/19	-3.20712	-79.79880	-3.19873	-79.79770
SE60	12/30	-2.44180	-79.40310	-2.44470	-79.39550
SEAM	01/19	-1.22060	-78.57630	-1.20354	-78.57300
SECM	01/19	-1.71041	-79.38060	-1.70214	-79.37730
SECO	16/34	-0.45258	-76.99190	-0.46927	-76.98370
SECU	06/24	-2.89473	-78.99110	-2.88420	-78.97770
SEGS	14/32	-0.44499	-90.27230	-0.46252	-90.25960
SEGU	03/21	-2.16827	-79.88990	-2.14657	-79.87720
SEGZ	15/33	-3.41494	-78.57060	-3.43148	-78.56340
SEII	17/35	-0.93593	-90.95410	-0.94933	-90.95200
SEJD	09/27	-1.06018	-77.59173	-1.06021	-77.56927
SEKK	17/35	0.18842	-79.39200	0.17999	-79.39190
SELJ	03/21	-1.70833	-79.55450	-1.70044	-79.55000
SELT	18/36	-0.89018	-78.61450	-0.92349	-78.61700
SEMA	01/19	-4.38296	-79.94200	-4.37350	-79.94000
SEMC	01/19	-2.31011	-78.12360	-2.28822	-78.11800
SEMO	08/26	-2.06751	-76.98220	-2.06627	-76.96930
SEMT	05/23	-0.95333	-80.68940	-0.93883	-80.66820
SEMX	09/27	-2.85075	-79.80810	-2.85145	-79.79910
SENF	15/33	-2.52005	-76.99198	-2.52509	-76.98921
SEPC	02/20	-2.75823	-78.26680	-2.74522	-78.26040
SEPS	10/28	-3.31822	-79.77420	-3.32108	-79.76410
SEPV	12/30	-1.03533	-80.48030	-1.04796	-80.46410
SEQE	18/36	-0.98321	-79.46530	-0.99547	-79.46490
SEQM	18/36	-0.10562	-78.35521	-0.14265	-78.35362
SERB	05/23	-1.65749	-78.66210	-1.64937	-78.65020
SERO	07/25	-3.44610	-80.00700	-3.43770	-79.98640
SESA	08/26	-2.20349	-80.99220	-2.20202	-80.98230
SESA	13/31	-2.20293	-80.99360	-2.21692	-80.97670
SESC	17/35	-2.47070	-78.16940	-2.47690	-78.16860
SESD	11/29	-0.24658	-79.21940	-0.24986	-79.20950
SESM	12A/30D	-1.50183	-78.06870	-1.50866	-78.05670
SEST	16/34	-0.90179	-89.61900	-0.91862	-89.61590
SESV	15/33	-0.59937	-80.40740	-0.61685	-80.39790
SETA	03/21	-2.27340	-79.68610	-2.24868	-79.67420
SETE	10/28	-0.98565	-77.82480	-0.98785	-77.81410
SETM	06/24	-4.00003	-79.38020	-3.99175	-79.36370
SETN	18/36	0.98936	-79.62620	0.96768	-79.62720
SETR	12/30	-0.11901	-76.34380	-0.12690	-76.33170
SETU	05/23	0.80308	-77.71710	0.81593	-77.69900
SFAL	09/27	-51.68600	-57.78040	-51.68590	-57.76710
SFAL	18/36	-51.68400	-57.78160	-51.68710	-57.78160
SG67	03/21	-23.23010	-55.94880	-23.21780	-55.94390
SGAS	02/20	-25.25460	-57.52270	-25.22510	-57.51550
SGAY	02/20	-27.37890	-56.85560	-27.36240	-56.85230
SGCO	03/21	-23.44980	-57.42960	-23.43370	-57.42460
SGES	05/23	-25.46710	-54.85460	-25.44390	-54.83260
SGIB	03/21	-25.41430	-54.62190	-25.40140	-54.61690
SGME	01/19	-22.06080	-60.62100	-22.02920	-60.62230
SGPI	02/20	-26.88820	-58.31870	-26.87470	-58.31740
SGPJ	03/21	-22.64930	-55.83220	-22.63360	-55.82780
SGST	02/20	-22.63190	-56.63560	-22.61580	-56.63350
SIKX	08/26	-20.23810	-48.65540	-20.23370	-48.64670
SILQ	08/26	-24.93000	-53.49830	-24.92820	-53.49370
SILT	06/24	-20.23193	-50.97172	-20.22616	-50.96716
SJKX	11/29	4.16710	-59.75000	4.16660	-59.74520
SJKZ	07/25.	4.44390	-60.43790	4.44595	-60.43450
SJLA	11/29	4.66673	-60.29285	4.66655	-60.28762
SJLC	12/30	2.72260	-63.58050	2.72180	-63.57515
SJMH	1/19	3.32663	-62.97127	3.33180	-62.97109
SJRG	6/24	-32.08851	-52.17267	-32.07720	-52.16038
SJSH	05/23	-27.37776	-48.61774	-27.36716	-48.61163
SJYQ	09/27	4.32990	-60.28904	4.33177	-60.28207
SK-0001	17/35	48.49098	19.10126	48.48657	19.10229
SK-434	01/19	3.19419	-75.64272	3.20022	-75.64130
SK-467	17/35	4.38070	-76.07540	4.36990	-76.07270
SK53	07/25	3.87914	-73.34530	3.88411	-73.33490
SKAP	10/28	4.07709	-73.57390	4.07506	-73.55150
SKAR	02/20	4.44339	-75.76870	4.46216	-75.76430
SKAS	01/19	0.49797	-76.50190	0.51248	-76.49970
SKBC	10/28	9.04647	-73.98040	9.04461	-73.96940
SKBG	17/35	7.13606	-73.18840	7.11694	-73.18110
SKBN	03/21	10.88180	-72.90350	10.89400	-72.89730
SKBO	14L/32R	4.71339	-74.15210	4.69270	-74.12470
SKBO	14R/32L	4.71050	-74.16920	4.68979	-74.14180
SKBQ	05/23	10.87920	-74.78970	10.89990	-74.77200
SKBS	18/36	6.20835	-77.39530	6.19749	-77.39410
SKBU	09/27	3.81924	-76.99520	3.82001	-76.98440
SKCC	03/21	7.91789	-72.51450	7.93460	-72.50940
SKCC	16/34	7.94034	-72.51960	7.92242	-72.50820
SKCG	01/19	10.43086	-75.51338	10.45247	-75.51249
SKCL	02/20	3.52990	-76.38390	3.55654	-76.37930
SKCN	04/22	6.31296	-70.21400	6.32072	-70.20750
SKCO	06/24	1.81017	-78.75510	1.81867	-78.74340
SKCU	01/19	7.96339	-75.19970	7.97354	-75.19720
SKCV	05/23	9.39703	-75.69600	9.40482	-75.68660
SKCZ	02/20	9.32636	-75.28790	9.33912	-75.28330
SKEB	18/36	7.60241	-74.80850	7.59053	-74.80940
SKEJ	04/22	7.01735	-73.81100	7.03131	-73.80260
SKFL	12/30	1.59213	-75.57050	1.58625	-75.55830
SKGB	06/24	3.45489	-76.50420	3.46308	-76.48910
SKGI	02/20	4.26916	-74.79820	4.28332	-74.79510
SKGO	01/19	4.74812	-75.95660	4.76812	-75.95490
SKGP	01/19	2.56456	-77.90040	2.57571	-77.89680
SKGY	11/29	4.81408	-74.07250	4.81058	-74.05740
SKIB	14/32	4.42695	-75.13940	4.41627	-75.12720
SKIO	06/24	9.26552	-74.65710	9.27204	-74.64760
SKIP	08/26	0.85926	-77.67850	0.86371	-77.65648
SKLC	15/33	7.82046	-76.72140	7.80346	-76.71140
SKLG	12/30	-0.17978	-74.77560	-0.18478	-74.76600
SKLM	09/27	11.23250	-72.49690	11.23250	-72.48330
SKLT	03/21	-4.20110	-69.94570	-4.18523	-69.93970
SKMA	06/24	4.72348	-74.28250	4.73212	-74.26830
SKMD	02/20	6.20875	-75.59260	6.23117	-75.58840
SKME	05L/23R	4.21588	-74.63700	4.21866	-74.63470
SKME	05R/23L	4.21250	-74.63850	4.22038	-74.63160
SKMG	11/29	9.28610	-74.85280	9.28337	-74.83940
SKMJ	07/25	11.38760	-72.24620	11.39220	-72.23210
SKML	18/36	7.97662	-75.43300	7.96686	-75.43200
SKMP	02/20	9.25334	-74.43950	9.26410	-74.43640
SKMR	14/32	8.83016	-75.83170	8.81733	-75.82000
SKMU	02/20	1.24570	-70.23550	1.26163	-70.23230
SKMZ	10/28	5.03013	-75.47130	5.02906	-75.45810
SKNV	02/20	2.94230	-75.29600	2.95801	-75.29200
SKOC	01/19	8.30964	-73.35890	8.32049	-73.35770
SKOT	16/34	7.01438	-74.71700	7.00636	-74.71400
SKPA	05/23	5.75861	-73.10990	5.77047	-73.10100
SKPB	09/27	12.22050	-71.99250	12.22240	-71.97710
SKPC	07/25	6.18069	-67.50020	6.18873	-67.48610
SKPD	17/35	3.86151	-67.90780	3.84554	-67.90460
SKPE	08/26	4.80990	-75.74820	4.81544	-75.73080
SKPI	06/24	1.85440	-76.09160	1.86114	-76.07990
SKPN	06/24	6.20851	-74.59490	6.21153	-74.58630
SKPP	07/25	2.45162	-76.61740	2.45724	-76.60140
SKPQ	01/19	5.46986	-74.65800	5.49736	-74.65670
SKPR	18/36	6.46613	-74.41120	6.45456	-74.40980
SKPS	02/20	1.38620	-77.29430	1.40629	-77.28860
SKPV	17/35	13.36210	-81.35940	13.35170	-81.35740
SKPZ	04/22	5.87045	-71.89030	5.88184	-71.88290
SKQU	01/19	5.20443	-74.88400	5.22069	-74.88330
SKRG	01/19	6.14927	-75.42302	6.18037	-75.42323
SKRH	09/27	11.52600	-72.93350	11.52640	-72.91840
SKSA	16/34	6.95340	-71.85810	6.94120	-71.85450
SKSI	04/22	4.72760	-72.32610	4.73669	-72.32020
SKSJ	01/19	2.57296	-72.64000	2.58642	-72.63870
SKSM	01/19	11.11200	-74.23050	11.12730	-74.23080
SKSO	04/22	5.66973	-72.97580	5.68269	-72.96480
SKSP	06/24	12.57820	-81.72060	12.58900	-81.70170
SKSV	14/32	2.15665	-74.77140	2.14770	-74.76130
SKTB	09/27	8.63074	-72.73720	8.63230	-72.72360
SKTI	04/22	4.23434	-74.65700	4.25526	-74.64280
SKTI	04L/22R	4.25432	-74.64610	4.25757	-74.64380
SKTJ	04/22	5.53727	-73.34730	5.54554	-73.34170
SKTM	07/25	6.44643	-71.76810	6.45573	-71.75240
SKTQ	07/25	0.74211	-75.24170	0.74969	-75.22640
SKUA	03/21	5.51791	-68.68150	5.53828	-68.67250
SKUA	07/25	5.52031	-68.69390	5.52866	-68.67730
SKUC	11/29	7.07013	-70.74640	7.06763	-70.72750
SKUI	13/31	5.69415	-76.64650	5.68737	-76.63580
SKUL	01/19	4.08364	-76.23610	4.09308	-76.23420
SKVG	16/34	0.98454	-76.60700	0.97299	-76.60410
SKVL	15/33	5.94566	-74.46070	5.93243	-74.45320
SKVP	02/20	10.42570	-73.25110	10.44440	-73.24790
SKVV	05/23	4.16188	-73.61860	4.17387	-73.60890
SKYP	05/23	5.31088	-72.39220	5.32734	-72.37570
SLBJ	01/19	-22.78010	-64.31310	-22.76660	-64.31260
SLCB	05/23	-17.42980	-66.18410	-17.41080	-66.16890
SLCB	14/32	-17.40900	-66.19110	-17.43200	-66.16450
SLCO	02/20	-11.04930	-68.78460	-11.03150	-68.78120
SLCP	17/35	-16.13640	-62.02963	-16.15047	-62.02271
SLET	16/34	-17.80140	-63.17930	-17.82180	-63.16370
SLHI	17/35	-16.98370	-65.14360	-16.99630	-65.13940
SLLP	10/28	-16.51270	-68.21100	-16.51390	-68.17350
SLLP	10L/28R	-16.50410	-68.19840	-16.50660	-68.17930
SLOR	09/27	-17.96290	-67.08230	-17.96380	-67.06470
SLOR	18/36	-17.95150	-67.07580	-17.97370	-67.07670
SLPO	06/24	-19.55010	-65.73470	-19.53610	-65.71270
SLPS	05/23	-18.98300	-57.82560	-18.96760	-57.81560
SLRB	18/36	-18.32236	-59.76706	-18.33277	-59.76390
SLSA	14/32	-13.75700	-65.43980	-13.76740	-65.43050
SLSI	18/36	-16.37927	-60.96358	-16.38998	-60.96184
SLSR	01/19	-14.07969	-66.78743	-14.06612	-66.78733
SLSU	05/23	-19.01600	-65.29840	-18.99810	-65.27910
SLSV	18/36	-16.38900	-61.04750	-16.41340	-61.04280
SLTI	03/21	-16.34717	-58.40367	-16.33042	-58.39974
SLTJ	13/31	-21.54800	-64.71340	-21.56350	-64.68920
SLTR	14/32	-14.81110	-64.92590	-14.82640	-64.91010
SLUY	13/31	-20.43197	-66.87380	-20.45053	-66.84094
SLVM	18/36	-21.24790	-63.40620	-21.26140	-63.40500
SLVR	16/34	-17.63150	-63.14430	-17.65800	-63.12640
SLYA	02/20	-21.96980	-63.65520	-21.95200	-63.64810
SMJP	11/29	5.45274	-55.20350	5.45292	-55.17210
SN52	18/36	37.48250	-97.01260	37.47590	-97.01260
SNAV	14/32	-9.50296	-40.37324	-9.50611	-40.36569
SNBS	15/33	-7.52060	-46.05810	-7.52680	-46.05190
SNCP	09/27	-27.63632	-50.36709	-27.63203	-50.34947
SNDV	17/35	-20.17480	-44.87483	-20.18662	-44.86700
SNLN	06/24	-19.36013	-40.07330	-19.35020	-40.06577
SNQN	06/24	-13.15622	-52.56941	-13.14933	-52.56337
SNRD	11/29	-17.29708	-39.27614	-17.29681	-39.26608
SNRZ	03/21	-20.71980	-44.86640	-20.70930	-44.86410
SNSM	09/27	-0.69852	-47.34298	-0.69352	-47.32907
SNTF	11/29	-17.52442	-39.67533	-17.52442	-39.66159
SNVB	04/22	-13.30424	-38.99439	-13.28851	-38.99041
SNZR	11/29	-17.24313	-46.89001	-17.24231	-46.87597
SOCA	08/26	4.81378	-52.37350	4.82584	-52.34740
SOOA	07/25	3.65252	-54.04400	3.65875	-54.03520
SOOG	04/22	3.89244	-51.80580	3.90276	-51.80240
SOOR	06/24	4.31070	-52.13500	4.31630	-52.13050
SOOY	11/29	5.37361	-52.94770	5.37366	-52.94289
SPAB	18/36	-5.25180	-79.44300	-5.26173	-79.44270
SPAS	12/30	-2.79163	-76.47470	-2.80063	-76.45850
SPAY	04/22	-10.73390	-73.77140	-10.72440	-73.76170
SPBC	12/30	-3.91321	-70.51540	-3.92050	-70.50100
SPBR	13/31	-11.40800	-69.49370	-11.41520	-69.48370
SPCL	02/20	-8.38984	-74.57870	-8.36604	-74.56990
SPCM	09/27	-7.33561	-74.99658	-7.33594	-74.98847
SPDR	10/28	-3.80396	-75.04740	-3.80806	-75.03120
SPEE	13/31	-2.45116	-72.67510	-2.45696	-72.66610
SPEO	01/19	-9.15769	-78.52490	-9.14154	-78.52280
SPEP	07/25	-9.77071	-70.71430	-9.76555	-70.69870
SPEQ	06/24	-17.18230	-70.93850	-17.17570	-70.92310
SPGB	17/35	-4.02518	-77.75990	-4.03858	-77.75770
SPGM	01/19	-9.29878	-76.00597	-9.27997	-76.00411
SPGP	05/23	-0.12318	-75.25210	-0.11493	-75.24380
SPHI	01/19	-6.79868	-79.82950	-6.77627	-79.82670
SPHO	02/20	-13.16650	-74.20940	-13.14310	-74.19950
SPHY	03/21	-13.71620	-73.35660	-13.69660	-73.34420
SPHZ	16/34	-9.33449	-77.60270	-9.36040	-77.59410
SPIM	16L/34R	-12.00761	-77.12136	-12.03127	-77.10968
SPIM	16R/34L	-12.01205	-77.13110	-12.03505	-77.11977
SPJA	16/34	-6.05959	-77.16210	-6.07614	-77.15790
SPJE	16/34	-5.58209	-78.77710	-5.60287	-78.77080
SPJI	03/21	-7.17698	-76.73390	-7.16122	-76.72320
SPJJ	13/31	-11.77530	-75.48360	-11.79090	-75.46320
SPJL	12/30	-15.46000	-70.17630	-15.47420	-70.14000
SPJN	15/33	-15.34950	-75.13891	-15.35604	-75.13570
SPJR	16/34	-7.12877	-78.49370	-7.14960	-78.48510
SPLC	17/35	-16.77360	-71.88860	-16.80940	-71.88460
SPLN	10/28	-6.38971	-77.50890	-6.39491	-77.49350
SPLO	12/30	-17.69030	-71.35470	-17.69980	-71.33320
SPLP	02/20	-12.17120	-77.00240	-12.15020	-76.99550
SPME	14/32	-3.54342	-80.38808	-3.56111	-80.37405
SPMF	15/33	-11.31840	-74.53950	-11.33240	-74.53180
SPMS	09/27	-5.89315	-76.12630	-5.89439	-76.11010
SPNC	07/25	-9.88314	-76.21540	-9.87448	-76.19420
SPPH	03/21	-7.20378	-75.29569	-7.19836	-75.29239
SPPY	13/31	-6.19584	-77.86270	-6.20777	-77.84940
SPQT	06/24	-3.79095	-73.31820	-3.77853	-73.29940
SPQU	10/28	-16.33980	-71.58470	-16.34130	-71.55690
SPRM	01/19	-11.13280	-75.35140	-11.12440	-75.34960
SPRU	02/20	-8.09449	-79.11280	-8.06833	-79.10480
SPSO	04/22	-13.75560	-76.22890	-13.73410	-76.21170
SPST	17/35	-6.49717	-76.37530	-6.52031	-76.37120
SPTN	02/20	-18.06390	-70.27980	-18.04260	-70.27190
SPTU	01/19	-12.62890	-69.22880	-12.59730	-69.22760
SPUR	01/19	-5.21679	-80.61890	-5.19473	-80.61400
SPYL	17/35	-4.56568	-81.25610	-4.58757	-81.25220
SPZA	07/25	-14.85580	-74.96590	-14.85210	-74.95720
SPZO	10/28	-13.53410	-71.95440	-13.53730	-71.92320
SRV	18/36	61.79310	-156.58600	61.78640	-156.59100
SSBL	19/01	-26.82716	-49.09469	-26.83648	-49.09236
SSBN	9/27	-30.19046	-51.18721	-30.18727	-51.17637
SSHX	18/36	-23.91966	-55.30130	-23.92654	-55.29870
SSIJ	18/36	-28.36330	-53.84840	-28.37407	-53.84449
SSKT	03/21	-27.61727	-48.67435	-27.60671	-48.67226
SSKZ	11/29	-28.32073	-52.82419	-28.32287	-52.80839
SSOK	11/29	-23.21462	-51.18956	-23.21456	-51.17948
SSUM	04/22	-23.80522	-53.31654	-23.79319	-53.31146
SUAA	01/19	-34.79458	-56.26455	-34.78344	-56.26533
SUCM	17/35	-33.96146	-58.32709	-33.97060	-58.32369
SUDU	03/21	-33.36940	-56.50460	-33.35050	-56.49490
SUDU	10/28	-33.35960	-56.51080	-33.35880	-56.49530
SULS	01/19	-34.86460	-55.09380	-34.85020	-55.09450
SULS	08/26	-34.85980	-55.11230	-34.85400	-55.09010
SUMO	07/25	-32.34138	-54.22361	-32.33498	-54.21088
SUMU	01/19	-34.84192	-56.03073	-34.82170	-56.03095
SUMU	07/25	-34.84400	-56.04000	-34.82680	-56.01190
SUPE	02/20	-34.91196	-54.92038	-34.90685	-54.91988
SUPU	02/20	-32.37009	-58.06336	-32.35833	-58.06121
SUSO	05/23	-31.44410	-57.99050	-31.43290	-57.98010
SUSO	13/31	-31.43080	-57.98910	-31.43380	-57.98210
SV02	07/25	8.40071	-65.02120	8.40815	-65.00990
SV73	11/29	8.67055	-62.62990	8.67009	-62.62080
SV74	07/25	9.57799	-72.79710	9.58575	-72.77900
SV75	01/19	10.08040	-72.55540	10.09620	-72.55430
SVAC	05/23	9.54602	-69.24130	9.55103	-69.23670
SVAC	11/29	9.55558	-69.24560	9.55126	-69.22950
SVAE	09/27	10.32890	-72.48640	10.32830	-72.47500
SVAJ	11/29	8.81971	-65.89270	8.81766	-65.88070
SVAN	09/27	9.43027	-64.47640	9.43018	-64.46540
SVAS	05/23	6.57300	-66.82150	6.58153	-66.81230
SVAX	01/19	9.99573	-72.58310	10.00490	-72.58300
SVBC	02/20	10.09740	-64.69140	10.11950	-64.68640
SVBC	15/33	10.12180	-64.70050	10.10030	-64.68390
SVBI	03/21	8.61216	-70.22600	8.62119	-70.22010
SVBI	13/31	8.62016	-70.22180	8.61035	-70.20660
SVBK	04/22	9.26133	-70.23390	9.27084	-70.22680
SVBL	09/27	10.18130	-67.57150	10.18540	-67.54310
SVBM	09/27	10.04030	-69.37180	10.04440	-69.34590
SVBS	06/24	10.24530	-67.65510	10.25310	-67.64540
SVBS	11/29	10.25300	-67.66150	10.24830	-67.64310
SVCB	07/25	8.11763	-63.54380	8.12615	-63.53110
SVCD	11/29	7.62744	-66.17160	7.62471	-66.15820
SVCE	12/30	9.35174	-65.28510	9.34887	-65.27620
SVCG	10/28	8.75662	-72.54140	8.75616	-72.53180
SVCJ	15/33	9.65481	-68.58030	9.64063	-68.56900
SVCL	09/27	8.92392	-67.42370	8.92539	-67.41050
SVCN	01/19	6.22230	-62.85340	6.24167	-62.85550
SVCP	17/35	10.66890	-63.26370	10.65110	-63.25970
SVCR	09/27	11.41310	-69.69090	11.41670	-69.67240
SVCS	10/28	10.28720	-66.82530	10.28590	-66.80710
SVCU	08/26	10.44380	-64.14300	10.45680	-64.11790
SVCZ	08/26	9.36934	-66.93630	9.37500	-66.90960
SVDW	07/25	7.49074	-63.27710	7.49477	-63.26330
SVEB	09/27	8.67623	-72.33930	8.67601	-72.33020
SVED	08/26	6.71520	-61.64470	6.71567	-61.63370
SVEN	05/23	9.03394	-72.25220	9.04159	-72.24370
SVEP	08/26	10.19530	-67.44940	10.19990	-67.43900
SVET	10/28	7.35046	-62.53790	7.35039	-62.52700
SVEZ	07/25	7.05846	-69.50190	7.06098	-69.49140
SVFM	11/29	10.48690	-66.85230	10.48310	-66.83470
SVFU	08/26	7.55070	-71.47550	7.55319	-71.46680
SVGC	03/21	9.77230	-72.48940	9.78185	-72.48420
SVGD	05/23	7.20584	-70.76430	7.21632	-70.74860
SVGI	05/23	10.56640	-62.31760	10.58160	-62.30770
SVGU	05/23	9.02122	-69.76090	9.03267	-69.74940
SVHD	12/30	9.89861	-72.55420	9.89472	-72.54670
SVHG	08/26	10.46060	-66.09790	10.46430	-66.08760
SVHH	12/30	10.81000	-69.64380	10.80510	-69.63300
SVIE	09/27	10.79420	-63.98700	10.79470	-63.97620
SVJC	09/27	11.77970	-70.16430	11.78190	-70.13870
SVJM	06/24	9.90242	-67.38490	9.91148	-67.37440
SVLF	01/19	8.23000	-72.27110	8.24831	-72.27100
SVLM	07/25	9.49347	-62.90586	9.49991	-62.89668
SVLO	08/26	11.80460	-66.19200	11.81310	-66.16620
SVMC	03L/21R	10.54590	-71.73410	10.57090	-71.72350
SVMC	03R/21L	10.54760	-71.73130	10.56840	-71.72250
SVMD	06/24	8.57829	-71.16750	8.58565	-71.15530
SVMG	09/27	10.90930	-63.98090	10.91520	-63.95230
SVMG	09L/27R	10.91090	-63.98200	10.91640	-63.95480
SVMI	09/27	10.59870	-66.99770	10.60520	-66.97110
SVMI	10/28	10.60380	-67.01280	10.60480	-66.98080
SVMP	08/26	10.13180	-66.79420	10.13460	-66.78150
SVMT	06/24	9.74282	-63.16050	9.75532	-63.14630
SVMZ	08/26	7.55503	-69.14590	7.56050	-69.13699
SVNX	08/26	8.82620	-63.10150	8.83010	-63.08850
SVOE	08/26	8.74293	-69.91880	8.74534	-69.90890
SVOF	10/28	9.70231	-63.63040	9.70221	-63.62030
SVOK	08/26	9.06106	-63.44950	9.06191	-63.43990
SVON	06/24	10.32540	-71.32960	10.33480	-71.31540
SVPA	04/22	5.61017	-67.61190	5.62981	-67.60030
SVPC	10/28	10.48150	-68.08260	10.47950	-68.06340
SVPE	09/27	9.97694	-62.23680	9.98049	-62.22570
SVPF	10/28	8.81916	-64.74440	8.81907	-64.73490
SVPM	02/20	7.79664	-72.20387	7.80622	-72.20172
SVPP	09/27	5.78883	-61.44880	5.79320	-61.43270
SVPR	07/25	8.28450	-62.76870	8.29256	-62.75200
SVPT	05/23	7.57247	-70.17840	7.57894	-70.17020
SVQL	10/28	7.75971	-63.09030	7.75581	-63.07440
SVQU	09/27	8.74958	-69.72730	8.74868	-69.71710
SVRA	10/28	10.57380	-62.98970	10.57440	-62.98060
SVRB	08/26	11.51110	-69.32010	11.51380	-69.30950
SVRX	13/31	9.84634	-72.55170	9.84061	-72.54280
SVS	05/23	66.01540	-149.06700	66.01900	-149.04201
SVSA	17/35	7.84901	-72.44190	7.83265	-72.43760
SVSB	12/30	7.80632	-71.17300	7.80074	-71.15866
SVSE	11/29	4.55629	-61.15220	4.55316	-61.13760
SVSN	09/27	8.87397	-66.84640	8.87652	-66.83330
SVSO	11/29	7.56992	-72.04810	7.56031	-72.02220
SVSP	05/23	10.27330	-68.75920	10.28420	-68.75120
SVSR	11/29	7.88599	-67.45250	7.88065	-67.43560
SVST	08/26	8.94193	-64.15920	8.94837	-64.14290
SVSZ	18/36	8.98660	-71.94320	8.96226	-71.94290
SVTC	07/25	9.08578	-62.10110	9.09221	-62.08720
SVTK	07/25	7.10542	-69.79510	7.11128	-69.78310
SVTM	08/26	7.24434	-61.54140	7.25443	-61.51640
SVTP	11/29	10.14184	-65.44156	10.14016	-65.43317
SVUP	12/30	7.98140	-62.33330	7.97681	-62.32430
SVVA	10/28	10.15040	-67.94200	10.14910	-67.91480
SVVG	09/27	8.62204	-71.68740	8.62616	-71.65820
SVVL	03/21	9.33185	-70.58700	9.34974	-70.58120
SVVP	08/26	9.21994	-66.00020	9.22408	-65.98700
SVVQ	13/31	10.24540	-70.50610	10.23980	-70.49720
SVWB	09/27	10.47940	-68.47830	10.47950	-68.46740
SVWQ	16/34	8.60289	-69.76180	8.59371	-69.75810
SWHP	03/21	-14.02670	-52.15370	-14.01300	-52.15020
SWIT	01/19	-25.48926	-54.44104	-25.48061	-54.44162
SWKQ	16/34	-9.07812	-42.64988	-9.08866	-42.63934
SWMK	7/25	0.62618	-66.11987	0.63013	-66.11047
SWNV	14/32	-16.62376	-49.34945	-16.62555	-49.34945
SWQS	12/30	-20.94593	-53.44085	-20.94795	-53.43193
SWVW	06/24	-20.53780	-45.60610	-20.53270	-45.60170
SWVX	17/35	-10.23720	-60.14270	-10.24570	-60.13910
SWWH	03/21	-21.98730	-53.90470	-21.97820	-53.90330
SYCJ	06/24	6.49190	-58.26080	6.50642	-58.24630
SYCJ	11/29	6.49859	-58.26240	6.49859	-58.24870
SYLD	11/29	5.96604	-58.27730	5.96580	-58.26360
SYLT	07/25	3.36839	-59.79640	3.37714	-59.78250
TA24	16/34	31.48030	-98.71360	31.47000	-98.70920
TA34	13/31	28.77140	-100.08900	28.76220	-100.07700
TA50	NE/SW	31.90580	-106.64600	31.91280	-106.63600
TA52	16/34	29.82110	-99.99780	29.81280	-99.99440
TA65	16/34	32.83191	-98.48108	32.82042	-98.47971
TA70	17/35	31.78780	-95.89830	31.77940	-95.89670
TA78	17/35	31.97710	-98.06240	31.96760	-98.06040
TA81	13/31	29.79670	-100.88300	29.79110	-100.87500
TA89	01/19	31.51700	-98.80170	31.53050	-98.79890
TAPA	07/25	17.13020	-61.80370	17.14320	-61.78170
TBPB	09/27	13.07090	-59.50750	13.07830	-59.47740
TDCF	01/19	15.33240	-61.39190	15.34100	-61.39250
TDPD	09/27	15.54480	-61.30640	15.54930	-61.29360
TE26	12/30	28.78800	-98.35700	28.77920	-98.34300
TE27	16/34	28.26110	-99.60110	28.24780	-99.59740
TE37	15/33	30.27650	-100.45600	30.26170	-100.44600
TE62	09/27	27.85470	-97.68740	27.85380	-97.67720
TE78	04/22	29.56310	-99.97990	29.57430	-99.96910
TE83	16/34	28.92740	-99.75890	28.91420	-99.75340
TE99	14/32	32.02520	-97.25680	32.01780	-97.25070
TFFA	09/27	16.29690	-61.08440	16.29790	-61.08190
TFFF	10/28	14.58846	-61.01829	14.59278	-60.99313
TFFG	12/30	18.10150	-63.05270	18.09830	-63.04180
TFFJ	10/28	17.90432	-62.84661	17.90446	-62.84051
TFFM	09/27	15.86760	-61.27580	15.86990	-61.26450
TFFR	12/30	16.26830	-61.54790	16.26230	-61.51570
TFFS	09/27	15.86490	-61.58330	15.86590	-61.57830
TGPY	10/28	12.00430	-61.79880	12.00420	-61.77360
TH-0036	02/20	14.01601	101.70082	14.02699	101.70541
TIST	10/28	18.33690	-64.98340	18.33770	-64.96330
TISX	10/28	17.70010	-64.81620	17.70290	-64.78770
TJ-0011	03/21	38.36057	69.98325	38.36906	69.99053
TJ-UT44	07/25	38.18640	74.01140	38.19440	74.03810
TJ-UT45	08/26	38.51090	68.65810	38.51370	68.68680
TJ-UT46	04/22	37.46720	69.37780	37.47250	69.38390
TJAB	08/26	18.44790	-66.68060	18.45200	-66.67000
TJBQ	08/26	18.49000	-67.14540	18.49970	-67.11310
TJIG	09/27	18.45590	-66.10570	18.45770	-66.09050
TJMZ	09/27	18.25400	-67.15550	18.25730	-67.14140
TJPS	12/30	18.01120	-66.57250	18.00540	-66.55360
TJSJ	08/26	18.43880	-66.01490	18.44950	-65.98830
TJSJ	10/28	18.43360	-66.01370	18.43350	-65.99060
TJVQ	09/27	18.13340	-65.49960	18.13620	-65.48760
TKPK	07/25	17.30550	-62.72780	17.31690	-62.70950
TKPN	10/28	17.20560	-62.59560	17.20570	-62.58410
TLPC	09/27	14.01770	-61.00120	14.02170	-60.98560
TLPL	10/28	13.73320	-60.96530	13.73320	-60.93990
TLT	15/33	61.09197	-160.92651	61.08348	-160.92010
TM-UT50	07/25	36.48900	61.25600	36.49480	61.27700
TM-UT52	17/35	37.67790	61.82650	37.65080	61.82740
TM-UT55	10/28	38.98650	56.34340	38.98200	56.37050
TM-UT56	17/35	37.81250	65.96460	37.79930	65.96630
TM-UT58	02/20	35.65220	62.55000	35.67350	62.55970
TN44	03/21	36.34300	-84.01490	36.35040	-84.00960
TN65	01/19	35.66950	-86.48400	35.67600	-86.48260
TN85	04/22	35.63560	-85.40030	35.64210	-85.39410
TNCA	11/29	12.50440	-70.02750	12.49840	-70.00300
TNCB	10/28	12.13140	-68.28180	12.13060	-68.25530
TNCC	11/29	12.19210	-68.97510	12.18560	-68.94450
TNCE	06/24	17.49270	-62.98420	17.50030	-62.97470
TNCM	10/28	18.03939	-63.11970	18.04246	-63.09822
TNCS	12/30	17.64608	-63.22231	17.64470	-63.21881
TQPF	11/29	18.20490	-63.06170	18.20470	-63.04600
TR-0018	06/24	40.74498	31.64165	40.75228	31.66195
TR-0041	06/24	39.09220	27.14700	39.09330	27.14980
TR-0295	05/23	39.29786	31.49078	39.30779	31.50680
TS04	15/33	29.83940	-100.98100	29.83210	-100.97600
TS36	17/35	30.22470	-99.14190	30.21440	-99.13980
TS65	17/35	31.36350	-100.61400	31.35350	-100.61200
TSG	06/24	63.37440	-143.33600	63.37490	-143.30499
TSG	12/30	63.37810	-143.34100	63.36690	-143.32401
TT-TT01	10/28	10.42620	-61.44550	10.42622	-61.43810
TT12	15/33	32.27480	-97.69500	32.27010	-97.69180
TT16	18/36	32.94040	-98.39760	32.93300	-98.39730
TT19	18/36	30.16047	-94.70963	30.15449	-94.71016
TT40	18/36	33.07920	-98.79910	33.07220	-98.79960
TT65	12/30	30.03242	-96.41977	30.03080	-96.41750
TT66	2/20	32.10480	-96.81060	32.11150	-96.80640
TT75	18/36	30.43549	-95.74589	30.42962	-95.74576
TTCP	11/29	11.15060	-60.84470	11.14880	-60.81970
TTPP	10/28	10.59530	-61.35190	10.59540	-61.32260
TUPJ	07/25	18.44240	-64.54740	18.44870	-64.53580
TVSB	12/30	12.98960	-61.26700	12.98730	-61.25710
TVSC	13/31	12.70504	-61.35209	12.69656	-61.33804
TVSM	09/27	12.88650	-61.18450	12.88940	-61.17580
TX07	16/34	29.94200	-101.23700	29.92650	-101.23100
TX13	1/19	35.88130	-101.03300	35.89720	-101.02700
TX25	17/35	31.99610	-95.95250	31.98280	-95.94970
TX31	02/20	32.06690	-101.56700	32.08060	-101.56100
TX82	15/33	31.86600	-97.38270	31.86140	-97.37970
TXKF	12/30	32.36670	-64.69410	32.36140	-64.66330
U37	02/20	43.44940	-112.81100	43.45780	-112.80300
U41	16/34	44.16860	-112.22200	44.15610	-112.21900
U46	01/19	43.42950	-113.05800	43.43570	-113.05300
U48	7/25	43.21735	-113.23326	43.21816	-113.22253
U53	06/24	44.63330	-111.35100	44.63620	-111.33400
U61	03/21	43.93790	-114.11300	43.94950	-114.10800
U65	07/25	43.30880	-113.94100	43.30880	-113.93100
U74	05/23	40.41630	-116.57000	40.42140	-116.55200
U74	14/32	40.41820	-116.57000	40.40690	-116.56200
U86	07/25	43.34190	-114.80400	43.34190	-114.79300
U87	14/32	43.91790	-114.80000	43.90680	-114.79300
U88	10/28	44.06930	-115.93800	44.06470	-115.92500
U91	05/23	42.37200	-115.88400	42.37460	-115.87500
U92	05/23	43.67620	-113.60900	43.67800	-113.59600
U93	03/21	43.27610	-114.40300	43.28260	-114.39100
U93	09/27	43.28470	-114.39800	43.28260	-114.39200
U94	06/24	42.57520	-114.14100	42.57720	-114.13100
U99	07/25	43.03710	-113.73800	43.03700	-113.72900
UA30	14/32	40.04940	70.83170	40.03600	70.84450
UA34	03/21	41.27080	67.96470	41.28210	67.97720
UA36	08/26	42.97240	72.71260	42.97320	72.74330
UA36	08L/26R	42.97400	72.70640	42.97500	72.74320
UA66	08/26	41.51500	69.56060	41.51860	69.59010
UAAA	05L/23R	43.34730	77.02520	43.37010	77.07110
UAAA	05R/23L	43.34124	77.01746	43.36348	77.06235
UAAH	05/23	46.88730	74.99170	46.90110	75.01780
UAAT	02/20	45.11050	78.43438	45.13472	78.45119
UACC	04/22	51.01100	71.44960	51.03340	71.48460
UACK	02/20	53.31940	69.58460	53.33880	69.60470
UACP	05/23	54.76970	69.16630	54.77900	69.20170
UADD	13/31	42.86310	71.29160	42.84400	71.31580
UAFM	07/25	43.05800	74.45220	43.06460	74.50300
UAFO	12/30	40.61584	72.78065	40.60006	72.80959
UAFW	11/29	42.85840	74.83110	42.84840	74.86100
UAII	10/28	42.36780	69.46280	42.36070	69.49540
UAIT	05/23	43.30278	68.53361	43.31952	68.56722
UAKD	04/22	47.70150	67.72560	47.71600	67.75280
UAKK	05/23	49.66300	73.31510	49.67860	73.35400
UAOO	05/23	44.70052	65.57577	44.71218	65.60567
UARR	04/22	51.14429	51.52816	51.15978	51.55971
UASK	12/30	50.04390	82.48090	50.02930	82.50750
UASK	12L/30R	50.03720	82.49480	50.02630	82.51450
UASP	03/21	52.18670	77.06170	52.20310	77.08640
UASS	02/20	50.34530	80.23050	50.35360	80.23610
UASS	08/26	50.34980	80.21270	50.35280	80.25600
UATE	12/30	43.86650	51.07810	43.85360	51.10590
UATG	14/32	47.13360	51.81140	47.11030	51.83120
UATT	12/30	50.25550	57.19180	50.23580	57.22240
UAUR	08/26	50.31890	66.93480	50.31860	66.96990
UAUU	14/32	53.22021	63.53991	53.19694	63.55641
UB12	17/35	40.60280	49.55750	40.58030	49.55740
UB13	05/23	39.89640	46.77620	39.90650	46.79790
UB14	08/26	40.27320	48.14890	40.27390	48.17830
UB16	13/31	41.75740	46.35040	41.74930	46.36010
UB18	18/36	40.41850	50.20000	40.39470	50.20040
UBBB	16/34	40.49093	50.03043	40.45592	50.04143
UBBB	17/35	40.48670	50.06330	40.45670	50.06330
UBBF	11/29	39.59674	47.18613	39.58487	47.21750
UBBG	12/30	40.74802	46.30480	40.72979	46.33547
UBBL	15/33	38.77164	48.79715	38.74572	48.81549
UBBN	14L/32R	39.19900	45.44560	39.17720	45.47130
UBBN	14R/32L	39.19830	45.44450	39.17650	45.47040
UBBZ	03/21	39.10162	46.73377	39.12467	46.75190
UCFL	07/25	42.58500	76.70170	42.59000	76.72500
UD21	05/23	40.29630	44.55610	40.30070	44.56630
UD21	18/36	40.29800	44.57190	40.28910	44.57060
UDLS	13/31	41.05430	44.32820	41.04260	44.34620
UDSG	02/20	40.73710	43.85170	40.76360	43.86700
UDYE	03/21	40.11150	44.45630	40.13270	44.47370
UDYZ	08/26	40.14720	44.37330	40.14740	44.41850
UEEE	05R/23L	62.08190	129.75700	62.10630	129.79601
UELL	08/26	56.90810	124.88600	56.91970	124.94100
UERP	17/35	66.41370	112.02100	66.38710	112.04000
UERR	07/25	62.52770	114.01700	62.54170	114.06100
UEST	03/21	71.68430	128.89700	71.71100	128.90900
UG-0001	18/36	-1.27830	29.71890	-1.28840	29.72040
UG0U	15/33	43.11580	40.57040	43.09230	40.58810
UG11	10/28	40.89150	45.94310	40.88370	45.97090
UG22	09/27	41.45940	44.76830	41.45890	44.79800
UG24	14/32	41.65780	44.92690	41.64060	44.94600
UG25	10/28	41.95500	45.49800	41.95180	45.51800
UG27	14/32	41.63700	45.02170	41.61910	45.03980
UG28	13/31	41.38830	46.35610	41.37080	46.37850
UGAM	11/29	42.52899	43.12940	42.52479	43.14152
UGKO	07/25	42.17480	42.46770	42.17850	42.49750
UGSB	12/30	41.61620	41.59020	41.60310	41.61050
UGSS	12/30	42.86710	41.10930	42.84940	41.14700
UGTB	13R/31L	41.67780	44.94010	41.65820	44.96490
UHBB	18/36	50.43780	127.40800	50.41300	127.41700
UHHH	05L/23R	48.51640	135.17000	48.53970	135.20200
UHHH	05R/23L	48.51470	135.17300	48.54130	135.20900
UHMA	02/20	64.71980	177.73200	64.75010	177.75101
UHMD	02/20	64.36900	-173.25200	64.38730	-173.23500
UHMM	10/28	59.91190	150.69000	59.91010	150.75101
UHMP	17/35	69.79420	170.59000	69.77240	170.60400
UHPP	16R/34L	53.18420	158.44400	53.15600	158.46400
UHSS	01/19	46.87040	142.71699	46.90080	142.71800
UHWW	07R/25L	43.39370	132.14200	43.40450	132.16901
UIAA	11/29	52.02870	113.28500	52.02390	113.32600
UIAA	11L/29R	52.03030	113.28600	52.02720	113.31100
UIBB	12/30	56.37650	101.67500	56.36460	101.72200
UIII	12/30	52.27370	104.37000	52.26230	104.41300
UIUU	08/26	51.80670	107.41700	51.81300	107.46500
UK59	17/35	49.84930	36.63910	49.82700	36.64330
UK61	13/31	49.74630	23.65750	49.72940	23.68030
UKBB	18L/36R	50.36060	30.90810	50.32470	30.90560
UKBB	18R/36L	50.35220	30.88310	50.32080	30.88080
UKCM	02/20	47.06530	37.44350	47.08690	37.45570
UKCM	11/29	47.07750	37.45330	47.07280	37.47060
UKDD	09/27	48.35720	35.08140	48.35720	35.11970
UKDE	02/20	47.85670	35.30910	47.87740	35.32230
UKDR	18/36	48.05440	33.21170	48.03220	33.20830
UKFF	01L/19R	45.03610	33.96970	45.06830	33.98060
UKFK	07/25	45.37070	36.39270	45.37510	36.41290
UKHH	08/26	49.92490	36.27450	49.92470	36.30540
UKKE	15/33	49.42520	31.98660	49.40590	32.00400
UKKK	08/26	50.40110	30.43510	50.40240	30.46720
UKKM	15/33	50.61770	30.18130	50.58930	30.20260
UKLH	16/34	49.36870	26.93030	49.34960	26.93760
UKLI	10/28	48.88670	24.67000	48.88170	24.70330
UKLL	13/31	49.82080	23.94390	49.80440	23.96830
UKLN	15/33	48.26820	25.97400	48.25040	25.98760
UKLR	11/29	50.61270	26.12540	50.60160	26.15790
UKLT	10/28	49.52640	25.68690	49.52200	25.71320
UKLU	10/28	48.63640	22.24990	48.63220	22.27680
UKOH	03/21	46.66656	32.49737	46.68541	32.51515
UKON	05/23	47.05060	31.90670	47.06520	31.93290
UKON	05L/23R	47.05540	31.91370	47.06560	31.93220
UKOO	07/25	46.42700	30.66730	46.42820	30.67420
UKOO	16/34	46.43880	30.67130	46.41470	30.68170
ULAA	08/26	64.60160	40.69070	64.59900	40.74260
ULLI	10L/28R	59.80970	30.24540	59.80110	30.30350
ULLI	10R/28L	59.79990	30.21830	59.79040	30.28290
ULLP	03/21	59.67500	30.32500	59.69400	30.35000
ULMM	13/31	68.79100	32.73360	68.77240	32.76800
ULOO	01/19	57.77540	28.39040	57.79250	28.40080
ULPB	02/20	61.87480	34.14540	61.89550	34.16410
ULWC	03/21	59.26760	38.00380	59.28450	38.03360
UMBB	11/29	52.11300	23.87880	52.10350	23.91370
UMGG	10/28	52.53110	30.99900	52.52290	31.03440
UMII	06/24	55.12100	30.33160	55.13200	30.36770
UMKK	06/24	54.88546	20.57479	54.89779	20.62241
UMMG	09/27	53.59700	24.04280	53.59710	24.05280
UMMG	17/35	53.61340	24.05310	53.59050	24.05440
UMMS	13L/31R	53.90530	28.03330	53.88030	28.07040
UMMS	13R/31L	53.89476	28.01247	53.87017	28.04897
UMOO	13/31	53.96320	30.08170	53.94660	30.10840
UNAA	02/20	53.72680	91.37470	53.75320	91.39550
UNBB	06/24	53.35880	83.51880	53.36870	83.55830
UNBG	02/20	51.95995	85.82938	51.97857	85.84359
UNCC	02/20	55.10000	82.90000	55.10000	82.90000
UNEE	05/23	55.26160	86.08690	55.27860	86.12750
UNKL	11/29	56.17950	92.46590	56.16640	92.52070
UNNT	07/25	55.01010	82.62290	55.01510	82.67850
UNNT	16/34	55.05000	82.59333	55.01667	82.60333
UNOO	06/24	54.96630	73.28900	54.97210	73.33270
UNOO	07/25	54.96450	73.29150	54.96960	73.32960
UNOO	15/33	54.96540	73.33960	54.95910	73.34260
UNTR	01/19	56.50000	84.70000	56.50000	84.70000
UNTT	03/21	56.37380	85.19940	56.39250	85.22170
UNWW	01/19	53.80064	86.87146	53.82327	86.88531
UOHH	06/24	71.97290	102.45500	71.98320	102.52600
UOOO	01/19	69.29804	87.30864	69.31941	87.34689
URKA	04/22	44.99370	37.33670	45.01050	37.35790
URKG	01/19	44.56850	38.00830	44.59550	38.01770
URKK	05L/23R	45.02910	39.14140	45.04110	39.16350
URKK	05R/23L	45.02600	39.17340	45.04240	39.20360
URML	14/32	42.82383	47.64646	42.80673	47.66098
URMM	11/29	44.23440	43.06130	44.21570	43.10250
URMN	06/24	43.50830	43.62440	43.51750	43.64870
URMO	09/27	43.20780	44.58860	43.20240	44.62470
URMS	09/27	43.32490	44.99370	43.32220	45.03060
URMT	07/25	45.10640	42.09660	45.11210	42.12910
URRP	05/23	47.48454	39.90536	47.50340	39.94419
URRT	10/28	47.20130	38.83180	47.19580	38.86380
URSS	02/20	43.43580	39.94580	43.45320	39.95910
URSS	06/24	43.43950	39.92590	43.45060	39.95850
URWA	09/27	46.28458	47.99014	46.28116	48.03136
URWA	11/29	46.28273	47.99466	46.27375	48.01633
URWI	09/27	46.37656	44.30328	46.37266	44.34447
URWI	09L/27R	46.37580	44.31710	46.37310	44.34670
URWW	05/23	48.77482	44.31850	48.78573	44.35284
US-0087	12/30	46.71690	-120.33200	46.70920	-120.32100
US-0248	17/35	35.40460	-120.61500	35.39600	-120.61700
US-0400	17/35	38.02840	-97.73392	38.02127	-97.73392
US-0408	3/21	37.39187	-93.96166	37.39603	-93.95827
US-0533	18/36	38.97225	-97.60230	38.96529	-97.60230
US-0655	18/36	37.25779	-96.96045	37.25224	-96.96029
US-0661	11/29	30.45788	-101.74011	30.45544	-101.73269
US-0688	02/20	61.42109	-142.97548	61.42881	-142.97549
US-0731	15/33	36.65565	-119.59073	36.64984	-119.58350
US-0778	4/22	46.02313	-121.27839	46.02647	-121.27158
US-0783	18/36	41.34767	-82.82882	41.34355	-82.82882
US-0784	18/36	43.00507	-96.87663	42.99325	-96.87658
US-0884	7/25	34.32742	-93.26177	34.32864	-93.25681
US-0885	17/35	39.04410	-100.23384	39.03312	-100.23392
US-0903	11/29	41.32474	-80.79444	41.32331	-80.78971
US-0916	16/34	38.80294	-121.83062	38.79554	-121.83075
US-0937	18/36	40.52264	-104.45834	40.51583	-104.45831
US-0951	7/25	46.69209	-85.42505	46.69511	-85.41745
US-0961	18/36	30.14608	-92.33333	30.13948	-92.33322
US-0962	10/28	34.87159	-113.58987	34.86992	-113.58340
US-0967	17/35	42.45002	-111.77790	42.44635	-111.77718
US-0F3	16/34	43.39150	-95.14050	43.38340	-95.13780
US-1000	16/34	45.61168	-112.32732	45.60628	-112.32869
US-1021	3/21	30.36514	-92.58511	30.37226	-92.58097
US-10378	13W/31W	43.89220	124.10690	43.88100	-124.09600
US-1062	5/23	46.34318	-113.62380	46.34686	-113.61725
US-1085	2/20	42.78077	-75.16648	42.78346	-75.16583
US-1107	6/24	37.29686	-95.26597	37.29943	-95.25982
US-1110	8/26	39.02662	-84.05094	39.02839	-84.04272
US-1113	9/27	42.97369	-94.04000	42.97369	-94.03181
US-1114	4/22	41.60328	-94.61793	41.60712	-94.61443
US-1116	3/21	44.73972	-114.92000	44.74306	-114.91695
US-1117	9/27	40.37224	-76.74654	40.37261	-76.74119
US-1144	17/35	31.92159	-108.78060	31.91370	-108.78084
US-1149	17/35	39.03065	-97.95992	39.02371	-97.95879
US-1170	9/27	44.06060	-120.78900	44.06060	-120.78900
US-1173	4/22	42.67344	-123.19211	42.67758	-123.18755
US-1192	18/36	41.95944	-94.08696	41.95395	-94.08692
US-1193	7/25	45.73390	-108.67910	45.73390	-108.67190
US-1262	12W/30W	58.65350	-156.58800	58.64410	-156.57700
US-1262	1W/19W	58.63428	-156.57573	58.64520	-156.55751
US-12648	13/31	36.10690	-119.59800	36.09810	-119.59100
US-1274	8/26	45.81849	-111.69946	45.81936	-111.69231
US-1504	1/19	45.28560	-106.14510	45.29875	-106.14440
US-1504	15/33	45.29110	-106.14750	45.28540	-106.14380
US-1586	6/24	35.94860	-106.96300	35.95500	-106.95200
US-1628	4/22	35.64194	-120.85500	35.64680	-120.84541
US-1833	9/27	30.41370	-85.75350	30.41360	-85.73700
US-1870	04/22	31.89719	-101.13052	31.90382	-101.12707
US-1953	10/28	40.14444	-79.37305	40.14467	-79.37305
US-2039	9/27	42.96350	-74.12820	42.96400	-74.12300
US-2402	07/25	33.08622	-116.46484	33.08653	-116.45733
US-2546	11/29	38.19770	-98.18570	38.19610	-98.17940
US-2569	18/36	32.98609	-116.43571	32.98070	-116.43506
US-2573	16/34	31.81860	-100.91330	31.80940	-100.91080
US-2573	9/27	31.81610	-100.91390	31.81610	-100.90940
US-2862	08/26	60.55297	-150.64612	60.55299	-150.63556
US-3052	18/36	30.25490	-98.82447	30.24941	-98.82448
US-3224	9W/27W	28.27430	-81.28970	28.27440	-81.28030
US-3281	8/26	45.33520	-122.41180	45.33490	-122.40720
US-3282	7/25	44.67310	-123.00890	44.67310	-123.00080
US-3283	9/27	35.13640	-89.65970	35.13670	-89.64970
US-3389	10/28	41.47778	-92.38417	41.47611	-92.37473
US-3409	3/21	34.55097	-83.04258	34.55475	-83.04044
US-3783	18/36	38.28224	-98.07797	38.27521	-98.07806
US-3785	16/34	29.47260	-90.75840	29.46330	-90.75560
US-3787	1/19	34.17000	-96.22510	34.17830	-96.22320
US-3T9	08/26	29.46940	-103.94500	29.46990	-103.92800
US-4185	3W/21W	41.19930	-85.01770	41.20945	-85.01100
US-4187	2/20	35.59430	-85.71950	35.59740	-85.71820
US-4189	12/30	35.63055	-81.34666	35.62778	-81.34084
US-4233	17/35	33.72300	-96.63830	33.71970	-96.63850
US-4238	5/23	36.59380	-93.63280	36.59790	-93.62670
US-4328	6/24	43.13680	-93.43780	43.14060	-93.42910
US-4492	18/36	39.52315	-84.62817	39.51983	-84.62820
US-4554	18/36	37.25800	-95.23150	37.25330	-95.23150
US-4572	2/20	34.47640	-86.77280	34.48280	-86.77780
US-4574	18/36	41.61470	-90.85890	41.60510	-90.85890
US-4578	4/22	42.98491	-77.65219	42.98848	-77.64978
US-4766	9/27	42.31370	-92.41690	42.31380	-92.40650
US-4842	18W/36W	42.18910	-85.55080	42.16740	-85.55080
US-4842	5W/23W	42.16430	-85.56059	42.17538	-85.54208
US-4844	12W/30W	30.53417	-81.48028	30.52778	-81.46528
US-4849	8/26	32.21642	-107.50340	32.21642	-107.49564
US-4853	9/27	43.11529	-76.91330	43.11541	-76.90802
US-4861	8/26	37.86194	-79.35889	37.86306	-79.35583
US-4940	17/35	48.62070	-110.32800	48.61110	-110.32500
US-4940	8/26	48.62070	-110.33500	48.62060	-110.32500
US-4950	16/34	29.55856	-99.51812	29.54240	-99.51433
US-4991	NW/SE	27.95992	-81.50391	27.99151	-81.54408
US-4992	11/29	61.94672	-151.04103	61.94408	-151.03291
US-4995	18/36	41.97928	-83.28207	41.97626	-83.28207
US-5005	6/24	36.16889	-82.55917	36.17166	-82.55333
US-5083	14/32	33.09227	-97.26944	33.08863	-97.26630
US-5154	18/36	36.73675	-89.58223	36.72890	-89.58206
US-5168	4/22	45.62754	-93.17776	45.63193	-93.17218
US-5175	18/36	39.83361	-96.16486	39.82756	-96.16486
US-5176	1/19	38.85584	-92.60184	38.86254	-92.60089
US-5178	17/35	37.18610	-96.88650	37.18310	-96.88910
US-5181	3W/21W	29.56790	-95.05473	29.57788	-95.04639
US-5182	9/27	33.60791	-83.35773	33.60791	-83.35278
US-5184	15/33	46.32622	-116.71463	46.32085	-116.71227
US-5185	10/28	44.07028	-120.80806	44.06694	-120.79861
US-5186	2/22	45.74943	-119.38600	45.75606	-119.38081
US-5187	9/27	33.30572	-79.95216	33.30717	-79.94511
US-5188	16/34	30.64616	-97.52177	30.63788	-97.51831
US-5212	1/19	37.39615	-94.21029	37.40333	-94.20890
US-52NK	8/26	43.23479	-75.68332	43.20875	-75.66817
US-5465	7/25	44.69772	-123.02117	44.69568	-123.01820
US-5473	18/36	39.78100	-95.14230	39.77450	-95.14230
US-5477	18/36	41.79041	-93.41238	41.78410	-93.41238
US-5478	14/32	44.02139	-114.84114	44.01483	-114.83789
US-5528	18/36	40.62048	-100.72641	40.61361	-100.72643
US-5643	9/27	41.38193	-86.43365	41.38191	-86.42995
US-5645	13/31	30.12056	-96.71361	30.11833	-96.71083
US-5647	6/24	43.07150	-86.03200	43.07370	-86.02720
US-5648	8/26	44.71371	-84.06836	44.71417	-84.06614
US-5649	10/28	38.91850	-84.97780	38.91780	-84.97070
US-5652	10/28	39.93951	-83.90582	39.93909	-83.89835
US-5653	12/30	31.21964	-92.17895	31.21644	-92.17052
US-5670	14/32	29.67305	-94.59488	29.66594	-94.58862
US-5805	1/19	26.48687	-97.96047	26.49388	-97.95928
US-5907	9/27	44.72359	-116.02634	44.72359	-116.01764
US-6120	8/26	29.16714	-95.36322	29.16867	-95.35886
US-6182	9/27	39.19200	-88.67490	39.19200	-88.66560
US-6204	9/27	41.82200	-80.95480	41.82180	-80.94520
US-6209	8/26	36.32446	-89.47332	36.32540	-89.46663
US-6300	18/36	35.58742	-98.30415	35.58033	-98.30405
US-6340	1/19	32.63050	-95.64800	32.63630	-95.64720
US-6345	1/19	26.47652	-98.38353	26.48248	-98.38251
US-6346	18/36	33.40258	-96.49823	33.39771	-96.49846
US-6364	18/36	32.20527	-97.84171	32.19569	-97.84299
US-6410	14W/32W	43.30696	-85.18798	43.30309	-85.18265
US-6415	7/25	61.58430	-149.80701	61.58440	-149.80099
US-6416	17/35	37.80860	-94.74139	37.80597	-94.74039
US-6422	18/36	41.09760	-96.28410	41.09600	-96.28410
US-6423	14S/32S	40.10310	-80.90030	40.10110	-80.89780
US-6427	5/23	39.49873	-83.71601	39.50513	-83.70773
US-6441	16/34	28.15500	-97.38240	28.14570	-97.38000
US-6442	9/27	29.58510	-99.55720	29.58510	-99.55090
US-6551	17/35	32.68900	-97.84000	32.68380	-97.83950
US-6554	18/36	45.06030	-85.65938	45.04789	-85.69527
US-6572	15/33	38.76610	-94.57820	38.75880	-94.57180
US-6573	1/19	40.15640	-82.73850	40.16280	-82.73680
US-6594	17/35	33.85050	-81.38280	33.84240	-81.37980
US-6665	18/36	41.53206	-85.97251	41.52918	-85.97250
US-6665	9/27	41.52918	-85.97250	41.52919	-85.96939
US-6773	12W/30W	45.07667	-92.99583	45.06944	-92.97817
US-6773	3W/21W	45.07417	-92.98944	45.08611	-92.97944
US-6777	2/20	37.58466	-91.78453	37.59069	-91.78215
US-6779	15/33	41.57000	-93.98222	41.56694	-93.97922
US-6781	9/27	40.79058	-89.66752	40.79058	-89.66391
US-6782	6/24	40.92529	-90.26829	40.92947	-90.26192
US-6807	9/27	40.97427	-89.00733	40.97446	-88.99828
US-6808	7W/25W	29.42835	-81.52542	29.43402	-81.51463
US-6835	3/21	38.32579	-79.03150	38.32934	-79.02903
US-6882	18/36	31.20544	-97.44185	31.20304	-97.44268
US-6883	13/31	41.73987	-101.80781	41.73579	-101.80288
US-6883	6/24	41.74011	-101.80836	41.74108	-101.80069
US-6888	9/27	46.29640	-116.95922	46.29626	-116.94919
US-6891	16/34	42.18834	-98.42063	42.18157	-98.41756
US-6951	9/27	32.45083	-84.25400	32.45083	-84.24436
US-6952	8/26	36.40694	-93.46833	36.40750	-93.46000
US-6955	18/36	38.51293	-95.02123	38.51101	-95.02137
US-8519	8/26	38.95850	-82.38767	38.95862	-82.38711
US-8894	1/19	36.22896	-89.30260	36.23661	-89.30163
US-OI05	13/31	33.09170	53.41120	33.08620	53.42350
USCC	09/27	55.30920	61.47890	55.30250	61.52780
USCM	36/18	53.37910	58.74880	53.40710	58.76250
USDA	04/22	71.20958	72.00462	71.21948	72.07325
USDB	10/28	70.32201	68.30486	70.30828	68.36236
USDD	04/22	66.58490	66.58410	66.59660	66.63790
USHH	06/24	61.02530	69.06100	61.03170	69.11110
USHN	16/34	62.12183	65.61486	62.09914	65.61281
USHQ	16/34	63.69758	66.70062	63.67837	66.69886
USHS	12/30	61.33330	63.59002	61.31556	63.61866
USKK	03/21	58.49531	49.32969	58.51163	49.36412
USKK	06/24	58.49996	49.32802	58.50188	49.33915
USMM	14/32	65.49324	72.68718	65.47137	72.70933
USNN	03/21	60.93870	76.46380	60.95980	76.50340
USPP	03/21	57.90450	56.00180	57.92450	56.04070
USRK	17/35	62.20150	74.53800	62.17930	74.52960
USRO	01/19	63.17370	75.25850	63.19410	75.27950
USRR	07/25	61.34360	73.37580	61.34380	73.42790
USSS	08L/26R	56.74480	60.78140	56.74480	60.82220
USSS	08R/26L	56.74240	60.77910	56.74050	60.82820
USTR	03/21	57.16920	65.28100	57.18730	65.31770
USTR	12/30	57.18980	65.32390	57.17270	65.35550
USUU	02/20	55.46496	65.40481	55.48517	65.42546
UT1A	08/26	40.11840	70.64250	40.12300	70.67610
UT1B	13/31	37.64490	69.64000	37.63590	69.65320
UT1C	16/34	37.50980	71.50930	37.49460	71.51710
UT1E	01/19	41.11680	61.41420	41.13200	61.41640
UT1F	06/24	40.04500	53.32100	40.03120	53.33630
UT1G	15/33	38.02260	58.18830	38.00130	58.20180
UT1J	12/30	39.41480	53.19090	39.40610	53.20550
UT1M	02/20	37.61440	67.51260	37.63430	67.52260
UT1Q	04/22	40.24300	67.89850	40.26240	67.92310
UT47	17/35	37.10408	-113.31212	37.09181	-113.31209
UT53	12/30	38.49240	-109.45500	38.48310	-109.44200
UT65	01/19	39.99360	-113.98000	40.00240	-113.97500
UTAA	11L/29R	38.00021	58.34311	37.98341	58.38080
UTAA	11R/29L	37.98993	58.33579	37.97313	58.37348
UTAE	16/34	37.83398	65.13118	37.81054	65.13942
UTAK	16L/34R	40.07429	53.00390	40.05267	53.01067
UTAK	16R/34L	40.08151	52.99934	40.05096	53.00891
UTAM	17L/35R	37.63280	61.89720	37.60780	61.89810
UTAM	17R/35L	37.62970	61.89560	37.60780	61.89640
UTAT	08/26	41.76130	59.82530	41.76130	59.85780
UTAV	13/31	38.94184	63.54714	38.91958	63.58058
UTDD	09/27	38.54350	68.80680	38.54350	68.84240
UTDK	01/19	37.97500	69.80170	38.00170	69.81170
UTDL	08/26	40.21350	69.67620	40.21730	69.71320
UTFN	10/28	40.98910	71.53830	40.98010	71.57520
UTKA	04/22	40.71840	72.28140	40.73710	72.30660
UTKF	18/36	40.37190	71.74610	40.34560	71.74390
UTNM	04/22	43.75070	59.02380	43.75970	59.03790
UTNN	07/25	42.48890	59.62450	42.49020	59.63160
UTNN	15/33	42.50143	59.61488	42.47699	59.63060
UTNU	13/31	41.59450	60.63000	41.57170	60.65670
UTSA	07/25	40.11343	65.14833	40.12126	65.19414
UTSB	01/19	39.76170	64.48000	39.78830	64.48670
UTSK	16/34	38.81410	65.77020	38.78960	65.77930
UTSL	07/25	38.83110	65.90740	38.83620	65.93550
UTSN	18/36	41.62230	64.23370	41.60560	64.23270
UTSR	15/33	38.41660	67.94110	38.40450	67.94920
UTSS	09/27	39.70304	66.96443	39.70026	67.00046
UTST	07/25	37.28330	67.29330	37.29000	67.32500
UTSU	09/27	42.08320	63.44040	42.08300	63.45820
UTTP	08/26	41.31060	69.37240	41.31470	69.41050
UTTT	08L/26R	41.25670	69.26170	41.26000	69.30170
UTTT	08R/26L	41.25330	69.26170	41.25830	69.30330
UUBI	11/29	56.94820	40.91474	56.93655	40.94992
UUBP	16/34	53.22480	34.17380	53.20350	34.17910
UUDD	13C/31C	55.41694	37.91536	55.39937	37.93647
UUDD	13R/31L	55.42106	37.87210	55.39512	37.90335
UUDL	05/23	57.55460	40.13490	57.56670	40.17980
UUEE	06C/24C	55.96980	37.38670	55.97800	37.44170
UUEE	06L/24R	55.98100	37.32890	55.98840	37.37850
UUEE	06R/24L	55.96710	37.38630	55.97570	37.44370
UUEM	07/25	56.82180	35.73790	56.82760	35.77740
UUMU	12L/30R	55.88975	38.04353	55.87221	38.08007
UUMU	12R/30L	55.88889	38.03745	55.86771	38.08156
UUOB	11/29	50.64850	36.57570	50.63900	36.60460
UUOB	12/30	50.64970	36.57470	50.63970	36.60510
UUOK	12/30	51.75690	36.28060	51.74430	36.31060
UUOO	12/30	51.82090	39.21700	51.80750	39.24220
UUOT	14/32	52.81475	41.47577	52.79803	41.48973
UUWW	01/19	55.58660	37.25760	55.61180	37.27690
UUWW	06/24	55.58650	37.23870	55.59800	37.29030
UUYH	18/36	63.57836	53.81165	63.55545	53.79745
UUYS	13/31	66.01507	57.35641	65.99445	57.37814
UUYY	18/36	61.65740	50.85387	61.63654	50.83636
UWGG	06/24	56.21000	43.78640	56.21170	43.79390
UWGG	15/33	56.21520	43.78300	56.21010	43.78650
UWGG	18L/36R	56.24160	43.79000	56.21950	43.78190
UWGG	18R/36L	56.24200	43.78670	56.21730	43.77760
UWKD	11/29	55.61700	49.25090	55.59800	49.30000
UWKE	03/21	55.55710	52.07810	55.57230	52.10690
UWKS	06/24	56.08680	47.32810	56.09380	47.36640
UWKS	06R/24L	56.08670	47.33630	56.09090	47.35930
UWLL	03/21	54.25932	48.21393	54.28289	48.23925
UWLW	02/20	54.38180	48.78250	54.42030	48.82290
UWOO	08/26	51.79580	55.43860	51.79580	55.47490
UWOR	01/19	51.07300	58.58290	51.07820	58.58530
UWOR	07/25	51.06950	58.57540	51.07550	58.61580
UWOR	07R/25L	51.07100	58.59140	51.07470	58.61610
UWOR	16/34	51.07820	58.58530	51.07270	58.58650
UWPS	02/20	54.11471	45.20108	54.13572	45.22430
UWSG	08/26	51.71313	46.14952	51.71213	46.19290
UWUU	14/32	54.56240	55.90190	54.55730	55.90670
UWUU	14R/32L	54.57319	55.84935	54.54371	55.87774
UWWW	05/23	53.49840	50.13490	53.50940	50.16930
UWWW	15/33	53.51860	50.16900	53.49320	50.18450
UY-0002	06/24	-34.48030	-54.28610	-34.47630	-54.27830
UY-0002	09/27	-34.47930	-54.28650	-34.47850	-54.27730
UY-0023	13/31	-31.80310	-54.26870	-31.80670	-54.25900
UZ-UT73	01/19	39.12710	65.16070	39.14840	65.16990
UZ-UT77	18/36	43.08950	58.88450	43.07650	58.88390
VA1B	08/26	19.99390	79.21800	19.99550	79.22700
VA1C	14/32	23.45210	75.41560	23.44180	75.42490
VA1D	08/26	24.12450	83.03360	24.12580	83.04760
VA1E	04/22	21.29030	81.37550	21.29800	81.38350
VA1F	06/24	24.40020	81.81000	24.40450	81.81950
VA1G	07/25	24.50160	81.21480	24.50530	81.22590
VA1H	18/36	25.14680	74.61070	25.13620	74.61220
VA1J	17/35	23.75800	78.85510	23.74920	78.85640
VA1K	06/24	23.21630	68.87960	23.22860	68.90290
VA1L	08/26	21.92560	78.11030	21.92660	78.11700
VA1M	10/28	17.28650	74.15210	17.28520	74.16400
VA1N	14/32	24.43460	74.86430	24.42700	74.87130
VA1O	14/32	23.23930	81.50050	23.23120	81.50700
VA1P	05/23	20.70800	70.91430	20.71820	70.92800
VA1P	13/31	20.71830	70.91620	20.71180	70.92400
VA2A	11/29	27.11510	72.38410	27.11080	72.39390
VA2B	11/29	28.90750	77.66990	28.90230	77.68480
VA2C	05/23	21.52070	80.28470	21.53180	80.29620
VA2D	08/26	23.38030	75.02020	23.38260	75.03110
VA42	09/27	38.35750	-77.45920	38.35950	-77.44520
VA57	E/W	38.24720	-77.22750	38.24970	-77.21080
VAAH	05/23	23.06600	72.62270	23.08840	72.64660
VAAK	10/28	20.70030	77.05300	20.69780	77.06430
VAAU	09/27	19.86290	75.38195	19.86316	75.40905
VABB	09/27	19.08840	72.84800	19.08890	72.88110
VABB	14/32	19.09850	72.85730	19.08010	72.87720
VABJ	05/23	23.27980	69.66150	23.29580	69.67890
VABM	08/26	15.85800	74.61030	15.86090	74.62630
VABO	04/22	22.32820	73.21800	22.34410	73.23460
VABP	12/30	23.29140	77.32400	23.28280	77.34170
VABV	07/25	21.74900	72.17720	21.75550	72.19430
VADN	03/21	20.42300	72.83750	20.43770	72.84490
VADN	09/27	20.43490	72.83550	20.43420	72.84510
VADS	06/24	24.26520	72.20050	24.27070	72.20840
VAGN	14/32	24.65790	77.34450	24.65150	77.35020
VAHB	08/26	15.36080	75.07710	15.36270	75.09260
VAHS	05/23	22.36997	71.02877	22.38831	71.05073
VAID	07/25	22.71750	75.79100	22.72610	75.81110
VAJB	06/24	23.17310	80.04380	23.18250	80.06030
VAJL	09/27	20.96318	75.61951	20.96216	75.63583
VAJM	06/24	22.45730	69.99640	22.46810	70.01780
VAJM	12/30	22.47100	70.00080	22.46090	70.02250
VAKE	05/23	23.10830	70.09460	23.11710	70.10600
VAKJ	01/19	24.80720	79.91600	24.82720	79.92120
VAKP	07/25	16.66250	74.28330	16.66680	74.29540
VAKS	05/23	21.31310	70.26530	21.32110	70.27550
VALT	05/23	18.40690	76.45880	18.41600	76.47060
VAND	09/27	19.18280	77.31190	19.18120	77.32490
VANP	14/32	21.10900	79.03380	21.08580	79.05230
VAOZ	09/27	20.11780	73.89870	20.12040	73.92710
VAPO	10/28	18.58290	73.90630	18.58140	73.93030
VAPO	14/32	18.58500	73.91640	18.57380	73.92870
VAPR	09/27	21.64850	69.65060	21.64890	69.66390
VARG	05/23	17.00910	73.32340	17.01820	73.33220
VARK	05/23	22.30350	70.77300	22.31480	70.78600
VARP	06/24	21.17580	81.73080	21.18500	81.74680
VASD	09/27	19.68850	74.36517	19.68914	74.38886
VASL	15/33	17.63300	75.93120	17.62290	75.93850
VASU	04/22	21.11040	72.73820	21.11770	72.74540
VAUD	08/26	24.61620	73.88490	24.61920	73.90730
VCBI	04/22	7.16874	79.87490	7.19277	79.89330
VCCA	05/23	8.29684	80.42300	8.30613	80.43280
VCCB	06/24	7.70338	81.67440	7.70813	81.68310
VCCC	04/22	6.81507	79.88170	6.82892	79.89080
VCCG	07/25	7.33499	81.62140	7.33918	81.63040
VCCJ	05/23	9.79068	80.06832	9.79952	80.07745
VCCK	07/25	5.99218	80.31620	5.99519	80.32430
VCCN	11/29	6.55353	79.97330	6.55072	79.98180
VCCS	04/22	7.95035	80.72330	7.96298	80.73370
VCCT	06/24	8.53300	81.17250	8.54403	81.19120
VCCV	05/23	8.73617	80.49280	8.74661	80.50190
VCCW	07/25	6.25249	81.23000	6.25650	81.24030
VDBG	07/25	13.09300	103.21800	13.09810	103.23100
VDPP	05/23	11.53710	104.83400	11.55600	104.85400
VDSV	03/21	10.57400	103.63400	10.58440	103.64000
VE-0210	16/34	9.28887	-68.39479	9.28104	-68.38800
VE23	09/27	23.63130	86.96950	23.63160	86.98150
VE24	03/21	27.54540	95.56480	27.56030	95.57650
VE36	06/24	20.50870	83.44280	20.51480	83.45330
VE41	11/29	24.20350	86.28560	24.20030	86.29400
VE54	09/27	24.01920	84.09060	24.01940	84.09960
VE62	04/22	20.54050	85.87750	20.55880	85.89510
VE67	10/28	28.60640	94.11700	28.60350	94.13020
VE85	13/31	23.09800	75.88110	23.09210	75.88940
VE91	12/30	27.19630	96.99840	27.19080	97.00900
VE96	10/28	22.00300	78.91180	22.00030	78.92260
VEAN	05/23	28.17460	94.80090	28.17610	94.80320
VEAT	18/36	23.89730	91.24130	23.87670	91.23960
VEAZ	01/19	23.74150	92.80200	23.75170	92.80350
VEBD	18/36	26.69360	88.32890	26.66890	88.32820
VEBI	04/22	25.69730	91.97300	25.71000	91.98450
VEBK	13/31	23.64830	86.14290	23.63870	86.15490
VEBN	09/27	25.45290	82.84860	25.45180	82.87040
VEBS	05/23	20.24020	85.81230	20.24840	85.82320
VEBS	14/32	20.25720	85.80780	20.24090	85.82050
VEBU	17/35	21.99520	82.10950	21.98160	82.11250
VECA	05/23	27.45420	95.10710	27.47020	95.12820
VECC	01L/19R	22.64020	88.44400	22.66170	88.44650
VECC	01R/19L	22.64220	88.44630	22.67480	88.45010
VECO	04/22	26.32710	89.46350	26.33390	89.47090
VEDB	07/25	23.83320	86.42010	23.83640	86.43070
VEDH	10/28	26.19503	85.90380	26.19150	85.93088
VEDX	17/35	22.35180	87.21270	22.32720	87.21620
VEGK	11/29	26.74460	83.43700	26.73490	83.46240
VEGT	02/20	26.09470	91.58060	26.11750	91.59120
VEGY	10/28	24.74680	84.94020	24.74190	84.96210
VEHK	15/33	21.58460	84.00250	21.57480	84.00900
VEHX	11R/29L	26.70170	89.35590	26.69480	89.38230
VEIM	04/22	24.74980	93.88900	24.77010	93.90440
VEJH	06/24	21.90845	84.04092	21.91832	84.06150
VEJS	08/26	22.81230	86.16300	22.81400	86.17470
VEJT	04/22	26.72270	94.16580	26.74040	94.18520
VEKR	03/21	24.30410	92.00490	24.31220	92.00940
VEKU	06/24	24.90840	92.97120	24.91740	92.98630
VELP	17/35	23.85180	92.61790	23.82940	92.62160
VELR	04/22	27.28790	94.08980	27.30310	94.10550
VEMN	05/23	27.47800	95.01030	27.48970	95.02350
VEMR	12/30	25.88880	93.76150	25.87910	93.78170
VEMZ	10/28	26.12050	85.30780	26.11770	85.31950
VENP	01/19	20.86540	82.51940	20.87470	82.51970
VEPH	15/33	23.48500	87.42070	23.46370	87.43430
VEPI	02/20	22.77290	88.35660	22.78910	88.36190
VEPT	07/25	25.58810	85.07890	25.59460	85.09700
VEPU	09/27	25.75960	87.39680	25.75960	87.42320
VERC	13/31	23.32250	85.31160	23.30680	85.33180
VERK	09/27	22.25650	84.80570	22.25680	84.82340
VETZ	05/23	26.70030	92.77510	26.71800	92.79440
VEUK	03/21	20.09390	83.18150	20.10090	83.18610
VEVZ	05/23	17.71560	83.21810	17.72670	83.23090
VEVZ	10/28	17.72430	83.21880	17.72200	83.24750
VEZO	18/36	27.59380	93.82840	27.58280	93.82770
VG40	16/34	36.88610	-79.85390	36.88120	-79.85070
VGBR	17/35	22.80920	90.30020	22.79280	90.30210
VGCB	17/35	21.46130	91.96200	21.44310	91.96570
VGEG	05/23	22.24080	91.80270	22.25840	91.82390
VGHS	14/32	23.85503	90.38850	23.83170	90.40690
VGIS	15/33	24.15830	89.04630	24.14670	89.05250
VGJR	16/34	23.19380	89.15630	23.17380	89.16530
VGRJ	17/35	24.44530	88.61500	24.42910	88.61810
VGSD	16/34	25.76700	88.90570	25.75150	88.91210
VGSY	11/29	24.96830	91.85360	24.95810	91.88000
VGTJ	17/35	23.79110	90.37900	23.76640	90.38640
VHHH	07C/25C	22.31040	113.89600	22.32160	113.93100
VHHH	07L/25R	22.32107	113.88069	22.33231	113.91556
VHHH	07R/25L	22.29620	113.89800	22.30743	113.93282
VHSK	11/29	22.43970	114.07200	22.43350	114.08900
VI20	09/27	28.07700	76.19960	28.07710	76.21040
VI40	13/31	29.71700	77.03410	29.71130	77.04100
VI43	05/23	29.37990	73.89300	29.39570	73.91480
VI57	10/28	34.65660	77.35980	34.64860	77.39170
VI65	02/20	34.51660	76.15220	34.53190	76.15970
VI66	13/31	32.94650	79.20320	32.92830	79.22320
VI69	10/28	28.10820	75.36870	28.10520	75.38240
VI70	11/29	28.35060	75.58810	28.34690	75.59920
VI71	16/34	30.82520	76.88980	30.81750	76.89370
VI73	05/23	27.20470	73.70700	27.21190	73.71570
VI75	09/27	26.52060	80.22850	26.52020	80.23730
VI76	08/26	25.99950	78.25570	26.00060	78.26790
VI82	16/34	30.58710	78.32140	30.57870	78.32530
VI88	16/34	31.56520	75.33920	31.55480	75.34350
VI90	11/29	26.44940	82.56200	26.44570	82.57430
VIAG	05/23	27.14940	77.95150	27.16660	77.97140
VIAG	12/30	27.16120	77.95260	27.15400	77.96910
VIAH	11/29	27.86382	78.13808	27.85924	78.15228
VIAL	06/24	25.43530	81.72390	25.44100	81.73700
VIAL	12/30	25.44360	81.72610	25.43290	81.74760
VIAM	12L/30R	30.37830	76.80230	30.36500	76.82720
VIAR	16/34	31.72330	74.79060	31.69590	74.80390
VIAW	12/30	33.88470	74.96130	33.86860	74.99000
VIAX	13/31	31.44220	75.74820	31.42530	75.76940
VIBK	05/23	28.06170	73.19730	28.07950	73.21710
VIBL	09/27	26.98880	80.87930	26.98790	80.90690
VIBR	16/34	31.88140	77.15220	31.87200	77.15650
VIBT	13/31	30.27840	74.74470	30.26190	74.76680
VIBW	12/30	28.83940	76.17430	28.83470	76.18390
VIBY	11/29	28.42670	79.43790	28.41740	79.46380
VICG	11/29	30.67850	76.77550	30.66840	76.80160
VICX	09/27	26.40410	80.40010	26.40460	80.42830
VIDD	12/30	28.58810	77.20010	28.58090	77.21150
VIDF	14/32	29.59840	80.23510	29.58890	80.24340
VIDN	08/26	30.18880	78.17450	30.19060	78.18600
VIDP	09/27	28.57050	77.08800	28.56980	77.11700
VIDP	10/28	28.56720	77.08480	28.55850	77.12250
VIDP	11L/29R	28.55013	77.06818	28.54075	77.11188
VIDP	11R/29L	28.54717	77.06549	28.53773	77.10953
VIDX	09/27	28.70780	77.34490	28.70760	77.37290
VIGG	15/33	32.17050	76.25940	32.15980	76.26740
VIGR	06/24	26.28730	78.21580	26.29940	78.23970
VIHR	12/30	29.18220	75.74990	29.17670	75.76070
VIHX	13/31	30.75670	75.61900	30.74040	75.64060
VIJN	15/33	25.49530	78.55540	25.48700	78.56150
VIJO	05/23	26.24230	73.03920	26.25990	73.05850
VIJP	08/26	26.82290	75.79820	26.82550	75.82620
VIJP	15/33	26.83510	75.79460	26.82350	75.80400
VIJR	04/22	26.87960	70.85560	26.89770	70.87430
VIJU	18/36	32.69840	74.83680	32.67990	74.83800
VIKA	10/28	26.44250	80.35940	26.44040	80.37040
VIKO	08/26	25.15890	75.83960	25.16160	75.85160
VILD	12/30	30.85790	75.94590	30.85150	75.95930
VILH	07L/25R	34.13130	77.53260	34.14040	77.56040
VILK	09/27	26.76040	80.87550	26.76080	80.90310
VIPK	01/19	32.22150	75.63230	32.24580	75.63690
VIPL	15/33	30.31930	76.36130	30.31040	76.36760
VIPT	10/28	29.03410	79.46810	29.03270	79.47940
VIRB	09/27	26.24840	81.37190	26.24850	81.38910
VISA	05/23	29.55310	74.99480	29.56800	75.01740
VISM	14/32	31.08640	77.06440	31.07720	77.07160
VISP	09/27	29.99390	77.41110	29.99400	77.43950
VISR	13/31	33.99900	74.76070	33.97530	74.78780
VIST	11/29	24.56380	80.85000	24.56080	80.85990
VIUT	02/20	25.80140	71.47750	25.82460	71.48700
VIUX	18/36	32.91460	75.15590	32.88980	75.15650
VLHS	16/34	20.26360	100.43500	20.25100	100.44000
VLLB	06/24	19.89250	102.15200	19.90200	102.17000
VLPS	15/33	15.13820	105.77700	15.12590	105.78600
VLPV	14/32	19.45810	103.21500	19.45170	103.22100
VLSK	04/22	16.55090	104.75500	16.56230	104.76400
VLSN	08/26	20.41720	104.06100	20.41950	104.07200
VLVT	13/31	17.99796	102.55329	17.97873	102.57323
VLXK	07/25	19.44420	103.14500	19.45140	103.16900
VMI	17/35	-22.15400	-57.94460	-22.16400	-57.94040
VMMC	16/34	22.16230	113.58600	22.13500	113.59700
VNBW	10/28	27.50684	83.39580	27.50269	83.42581
VNCG	10/28	26.57180	88.07360	26.56980	88.08550
VNJP	09/27	26.70890	85.91740	26.70870	85.92740
VNKT	02/20	27.68380	85.35340	27.70940	85.36480
VNLK	06/24	27.68568	86.72722	27.68802	86.73172
VNNG	08/26	28.10260	81.65940	28.10470	81.67460
VNPK	04/22	28.19580	83.97740	28.20590	83.98670
VNSI	01/19	27.15420	84.97890	27.16470	84.98140
VNVT	09/27	26.48170	87.25650	26.48120	87.27160
VO26	17/35	9.15909	77.81960	9.14869	77.82270
VO52	06/24	14.53160	75.78140	14.53850	75.79340
VO94	05/23	7.00978	93.91940	7.01631	93.92630
VO95	09/27	12.66200	77.76206	12.66253	77.77869
VOAR	06/24	13.06160	79.67500	13.08080	79.70740
VOAT	04/22	10.81890	72.17260	10.82840	72.17950
VOBG	09/27	12.94880	77.65550	12.95150	77.68580
VOBI	12/30	15.16550	76.87850	15.16010	76.88710
VOBL	09L/27R	13.20716	77.68607	13.20685	77.72297
VOBL	09R/27L	13.18973	77.68998	13.18941	77.72688
VOBR	02/20	17.89700	77.48340	17.91540	77.48970
VOBR	08/26	17.90470	77.47040	17.90850	77.48940
VOBZ	08/26	16.52890	80.78880	16.53200	80.80490
VOCB	05/23	11.02190	77.03490	11.03820	77.05190
VOCC	13/31	9.94886	76.27120	9.94083	76.28130
VOCC	17/35	9.95543	76.27120	9.93943	76.27490
VOCI	09/27	10.15140	76.38640	10.15260	76.41740
VOCL	10/28	11.13930	75.94240	11.13440	75.96820
VOCP	11/29	14.51150	78.76810	14.50840	78.77750
VOCX	02/20	9.14106	92.81530	9.16395	92.82390
VODG	10L/28R	17.63140	78.39020	17.62770	78.41350
VODG	10R/28L	17.62640	78.39530	17.62330	78.41450
VOGA	10/28	15.74570	73.84451	15.74311	73.87708
VOGO	08/26	15.37780	73.81560	15.38390	73.84720
VOHK	09/27	17.55250	78.51270	17.55410	78.53240
VOHS	09L/27R	17.23059	78.41232	17.23114	78.45330
VOHS	09R/27L	17.22857	78.41282	17.22910	78.45287
VOHY	09/27	17.45300	78.45390	17.45360	78.48430
VOKU	10/28	15.71782	78.15912	15.71504	78.17754
VOMD	09/27	9.83396	78.08510	9.83505	78.10170
VOML	06/24	12.94911	74.87762	12.96015	74.89590
VOMM	07/25	12.98410	80.15300	12.99600	80.18440
VOMM	12/30	13.00190	80.16580	12.99340	80.18250
VONS	09/27	16.54240	79.31150	16.54290	79.32590
VOPB	04/22	11.62920	92.72080	11.65310	92.73870
VOPC	07/25	11.96670	79.80490	11.97070	79.81520
VOPN	09/27	14.14980	77.78080	14.14880	77.80150
VORY	05/23	17.09731	81.80128	17.11442	81.82510
VOSM	04/22	11.77660	78.06090	11.79010	78.07030
VOSX	05/23	11.00610	77.15100	11.02100	77.16840
VOTJ	07/25	10.71940	79.09460	10.72570	79.10900
VOTJ	14/32	10.72440	79.09960	10.71490	79.10880
VOTK	10/28	8.72538	78.01990	8.72309	78.03180
VOTP	08/26	13.63100	79.53280	13.63400	79.55370
VOTR	09/27	10.76520	78.70730	10.76650	78.72430
VOTV	14/32	8.49315	76.90940	8.47109	76.93090
VOTX	05/23	12.90050	80.11550	12.91050	80.12500
VOTX	12/30	12.91000	80.11690	12.90190	80.13150
VOYK	09/27	13.13560	77.59590	13.13540	77.61610
VQGP	11/29	26.88780	90.45750	26.88140	90.47080
VQPR	15/33	27.41216	89.41906	27.39439	89.43037
VQTY	12/30	27.25960	91.50920	27.25330	91.51980
VRDA	06/24	5.80962	73.45664	5.82415	73.47790
VRMG	10/28	-0.69061	73.13850	-0.69467	73.16470
VRMH	03/21	6.73930	73.16800	6.74916	73.17300
VRMK	03/21	1.85425	73.51960	1.86415	73.52430
VRMM	18/36	4.21257	73.53101	4.18186	73.53104
VRMO	18/36	0.74187	73.43388	0.72561	73.43454
VRMT	16/34	0.49321	72.99470	0.48306	72.99910
VTBD	03L/21R	13.89710	100.59600	13.92640	100.61200
VTBD	03R/21L	13.89950	100.60200	13.92740	100.61700
VTBH	01/19	14.94490	100.64200	14.95390	100.64400
VTBH	06/24	14.94580	100.63700	14.95140	100.64600
VTBI	17/35	14.08220	101.37900	14.07330	101.38100
VTBK	03/21	14.09120	99.91090	14.11280	99.92350
VTBL	05/23	14.86940	100.65800	14.87770	100.66700
VTBL	10/28	14.88630	100.66100	14.88620	100.66300
VTBL	16/34	14.88390	100.66000	14.86510	100.66700
VTBO	05/23	12.27030	102.31400	12.27890	102.32400
VTBP	08/26	11.78520	99.78990	11.78910	99.80790
VTBP	18/36	11.79310	99.80460	11.78410	99.80470
VTBS	01/19	13.65670	100.75183	13.69171	100.76103
VTBS	02L/20R	13.66517	100.72924	13.70016	100.73844
VTBS	02R/20L	13.67128	100.73467	13.70367	100.74318
VTBU	18/36	12.69580	101.00600	12.66410	101.00400
VTBV	16/34	12.25387	102.51522	12.24613	102.51810
VTBW	05/23	13.76440	102.31000	13.77320	102.32100
VTCC	18/36	18.78376	98.96292	18.75304	98.96285
VTCH	11/29	19.30400	97.96680	19.29850	97.98490
VTCI	01/19	19.36958	98.43517	19.37508	98.43678
VTCL	18/36	18.27980	99.50350	18.26200	99.50500
VTCN	02/20	18.79950	100.78000	18.81630	100.78700
VTCP	01/19	18.12540	100.16400	18.13890	100.16500
VTCT	03/21	19.94050	99.87600	19.96420	99.88990
VTPB	18/36	16.68550	101.19500	16.66650	101.19500
VTPH	16/34	12.64510	99.94820	12.62730	99.95490
VTPI	18/36	15.29090	100.29600	15.26370	100.29600
VTPL	01/19	16.81990	101.25100	16.82880	101.25200
VTPM	09/27	16.69980	98.53800	16.70000	98.55210
VTPN	05/23	15.66930	100.13200	15.67670	100.14200
VTPO	18/36	17.24750	99.81840	17.22850	99.81800
VTPP	14/32	16.79390	100.27100	16.77200	100.28700
VTPT	09/27	16.89600	99.24630	16.89600	99.26040
VTPY	05/23	17.22960	99.05270	17.23880	99.06310
VTSA	17/35	6.66641	100.08000	6.65639	100.08100
VTSB	04/22	9.12283	99.12600	9.14237	99.14510
VTSC	02/20	6.51161	101.74000	6.52823	101.74700
VTSE	06/24	10.70650	99.35340	10.71590	99.37000
VTSF	01/19	8.53014	99.94370	8.54909	99.94570
VTSG	14/32	8.10647	98.98010	8.09176	98.99220
VTSH	13/31	7.19128	100.60300	7.18172	100.61300
VTSK	08/26	6.78503	101.14700	6.78588	101.16000
VTSM	17/35	9.55721	100.06200	9.53867	100.06300
VTSN	18/36	8.48149	99.95440	8.46076	99.95690
VTSP	09/27	8.11199	98.30330	8.11451	98.33042
VTSR	02/20	9.76934	98.58180	9.78590	98.58920
VTSS	08/26	6.93083	100.37900	6.93419	100.40700
VTST	08/26	7.50724	99.60720	7.51025	99.62600
VTUD	12/30	17.39270	102.77500	17.38020	102.80100
VTUI	05/23	17.18680	104.11000	17.20350	104.12700
VTUJ	01/19	14.86140	103.49700	14.87520	103.49900
VTUK	03/21	16.45500	102.77600	16.47820	102.79100
VTUL	01/19	17.43000	101.71900	17.44820	101.72500
VTUN	06/24	14.92810	102.06600	14.94080	102.09100
VTUO	04/22	15.22180	103.24800	15.23730	103.25900
VTUQ	06/24	14.94490	102.30400	14.95410	102.32100
VTUR	17/35	16.07450	103.64500	16.06620	103.64700
VTUU	05/23	15.24280	104.85900	15.25970	104.88100
VTUV	18/36	16.12630	103.77400	16.10730	103.77300
VTUW	15/33	17.39300	104.63600	17.37450	104.65000
VTUZ	01/19	16.63840	102.96600	16.66670	102.96900
VV02	09L/27R	10.97710	106.80400	10.97790	106.83200
VV02	09R/27L	10.97500	106.80400	10.97680	106.83200
VV03	05/23	20.79560	106.59600	20.81110	106.61400
VVBM	09/27	12.66850	108.10600	12.66810	108.13400
VVCA	14/32	15.41566	108.69576	15.39633	108.71600
VVCI	07/25	20.81610	106.71400	20.82270	106.73600
VVCM	09/27	9.17762	105.17101	9.17726	105.18467
VVCR	02L/20R	11.98507	109.21480	12.01118	109.22385
VVCR	02R/20L	11.98162	109.21656	12.00770	109.22560
VVCS	11/29	8.73472	106.62479	8.72925	106.64047
VVCT	06/24	10.07970	105.70200	10.09060	105.72100
VVDB	17/35	21.40523	103.00215	21.39013	103.00933
VVDH	11/29	17.51780	106.58500	17.50900	106.60500
VVDL	09/27	11.75226	108.34695	11.75384	108.37672
VVDN	17L/35R	16.05770	108.19800	16.03040	108.20200
VVDN	17R/35L	16.05740	108.19600	16.03010	108.20000
VVGL	02/20	21.03220	105.88200	21.04870	105.89000
VVKP	07/25	21.39070	106.25100	21.39840	106.27100
VVNB	11L/29R	21.22550	105.79200	21.21650	105.82300
VVNB	11R/29L	21.22496	105.78543	21.21432	105.82222
VVPB	09/27	16.40220	107.69000	16.40080	107.71500
VVPC	15/33	13.96650	109.03500	13.94350	109.05000
VVPK	09/27	14.00466	108.00356	14.00430	108.02577
VVPQ	10/28	10.17120	103.97900	10.16850	104.00700
VVPR	04/22	11.62410	108.94200	11.64290	108.96200
VVRG	08/26	9.95647	105.12605	9.95985	105.13929
VVTH	03/21	13.03706	109.32736	13.05981	109.34067
VVTS	07L/25R	10.81500	106.63700	10.82490	106.66300
VVTS	07R/25L	10.81150	106.63700	10.82370	106.67000
VVTX	13/31	19.91162	105.45736	19.89351	105.48118
VVVD	03/21	21.10580	107.40800	21.13510	107.42300
VVVH	17/35	18.74834	105.66927	18.72952	105.67184
VY02	01/19	20.14200	94.96670	20.16520	94.97060
VYAN	18/36	19.78080	94.02650	19.75750	94.02570
VYAS	03/21	21.94290	96.39980	21.96790	96.41230
VYBG	18/36	21.19040	94.93020	21.16710	94.93010
VYBM	15/33	24.27540	97.24180	24.26260	97.25050
VYBP	17/35	11.16290	98.73160	11.13620	98.73860
VYCI	01/19	14.13550	93.36740	14.14750	93.36960
VYCZ	01/19	21.93170	96.08820	21.94940	96.09090
VYDW	16/34	14.11280	98.19970	14.09500	98.20750
VYHL	16/34	24.91510	94.90800	24.88410	94.92000
VYKG	12/30	21.30710	99.62610	21.29610	99.64590
VYKL	09/27	23.18860	94.04290	23.18790	94.05930
VYKP	18/36	19.43280	93.53480	19.42010	93.53480
VYKT	02/20	10.04140	98.53540	10.05710	98.54060
VYLK	01/19	19.68430	97.21430	19.69870	97.21540
VYLS	01/19	22.97060	97.75160	22.98510	97.75280
VYLY	18/36	20.94560	94.82290	20.93510	94.82230
VYMD	17/35	21.72000	95.97440	21.68200	95.98120
VYME	18/36	12.45200	98.62200	12.42760	98.62090
VYMK	04/22	25.37680	97.34650	25.39040	97.35820
VYMM	04/22	16.43880	97.65640	16.45070	97.66500
VYMO	12/30	23.09520	96.63930	23.08980	96.65130
VYMS	12/30	20.52050	99.25070	20.51300	99.26300
VYNP	18/36	25.36950	97.29500	25.33920	97.29530
VYNS	03/21	20.87580	97.72790	20.90520	97.74390
VYNT	16/34	19.63890	96.19360	19.60850	96.20710
VYPA	03/21	16.88840	97.67120	16.89900	97.67790
VYPN	06/24	16.81260	94.77430	16.81790	94.78560
VYPT	17/35	27.33940	97.42500	27.32050	97.42760
VYPY	07/25	18.82180	95.26010	18.82710	95.27190
VYST	01/19	20.93010	95.91310	20.95320	95.91590
VYSW	11/29	20.13470	92.86410	20.13070	92.88120
VYTD	02/20	18.45370	94.29740	18.46780	94.30280
VYTL	04/22	20.47620	99.92910	20.49150	99.94160
VYTO	18/36	19.04770	96.40130	19.01480	96.40120
VYXG	04/22	21.40010	94.12550	21.41400	94.13790
VYYY	03/21	16.89800	96.12690	16.91660	96.13950
W00	18/36	38.94460	-76.77310	38.93810	-76.77170
W10	16/34	48.02100	-122.43800	48.01430	-122.43700
W16	07/25	47.87150	-121.99900	47.87130	-121.99100
W19	03/21	42.98680	-89.51130	42.99210	-89.50730
W19	04/22	42.98780	-89.51240	42.99120	-89.50700
W20	16/34	47.14550	-119.23800	47.13860	-119.23800
W23	09/27	44.19800	-89.22290	44.19720	-89.21150
W23	18/36	44.20210	-89.21710	44.19750	-89.21730
W24	10/28	37.37830	-79.12670	37.37780	-79.11670
W27	14/32	45.90130	-122.73900	45.89640	-122.73600
W29	11/29	38.97730	-76.33460	38.97550	-76.32470
W34	09/27	44.45300	-88.56620	44.45300	-88.56120
W34	18/36	44.45990	-88.56070	44.45390	-88.56070
W42	04/22	39.49870	-76.41320	39.50400	-76.40950
W48	16/34	39.26480	-76.43410	39.26000	-76.43010
W50	08/26	39.24240	-77.15360	39.24470	-77.14710
W52	15/33	45.83090	-122.57900	45.82410	-122.57600
W56	07/25	45.68730	-122.52700	45.68730	-122.51700
W75	01/19	37.59930	-76.44640	37.60550	-76.44690
W87	09/27	42.01690	-83.37910	42.01680	-83.37200
W87	18/36	42.02200	-83.37620	42.01510	-83.37790
WA09	06/24	48.61110	-123.14700	48.61330	-123.13000
WA14	07/25	46.66250	-118.83900	46.66250	-118.82700
WA1B	14/32	-6.56771	134.14301	-6.57913	134.15100
WA23	06/24	48.01997	-117.74547	48.02213	-117.73187
WA24	01/19	46.39280	-119.02400	46.40110	-119.01800
WA44	13/31	-5.76174	123.91400	-5.76741	123.92000
WAAA	03/21	-5.09229	119.54400	-5.06803	119.55800
WAAA	13/31	-5.05429	119.54500	-5.06897	119.56300
WABB	11/29	-1.18473	136.09300	-1.19532	136.12300
WABP	12/30	-4.52253	136.87801	-4.53397	136.89700
WADB	13/31	-8.53411	118.68200	-8.54521	118.69200
WADD	09/27	-8.74871	115.15400	-8.74763	115.18100
WADE	14/32	-8.13870	114.61500	-8.14280	114.61800
WADL	13/31	-8.74933	116.26600	-8.76500	116.28500
WADS	14/32	-8.48398	117.40800	-8.49410	117.41600
WADT	10/28	-9.40838	119.23600	-9.41105	119.25300
WADW	15/33	-9.66266	120.29800	-9.67577	120.30600
WADY	08/26	-8.31110	114.33400	-8.30920	114.34600
WAEE	14/32	0.83772	127.37600	0.82511	127.38700
WAEW	09/27	2.04574	128.31400	2.04624	128.33501
WAFF	15/33	-0.91001	119.90600	-0.92703	119.91400
WAFM	02/20	-2.56213	120.32300	-2.55396	120.32600
WAFP	03/21	-1.42097	120.65500	-1.41253	120.66000
WAFW	03/21	-1.04371	122.76900	-1.03413	122.77500
WAGG	16/34	-2.21626	113.93900	-2.23399	113.94600
WAHI	11/29	-7.90026	110.04341	-7.91036	110.07109
WAHL	13/31	-7.64074	109.02900	-7.64937	109.03900
WAJG	07/25	-4.44341	140.88019	-4.44196	140.88698
WAJI	13/31	-1.87106	138.75101	-1.78592	138.75600
WAJJ	12/30	-2.57116	140.50864	-2.58731	140.53023
WAKE	02/20	-7.17871	139.58224	-7.17364	139.58420
WAKK	16/34	-8.51242	140.41600	-8.52818	140.42101
WALG	03/21	2.83164	117.37100	2.84117	117.37600
WALL	07/25	-1.27266	116.88400	-1.26388	116.90500
WALQ	01/19	-0.31141	117.41500	-0.30074	117.41700
WALR	06/24	3.31981	117.55600	3.33052	117.57300
WALS	04/22	-0.38146	117.24254	-0.36693	117.25668
WALT	08/26	-0.09396	117.43300	-0.09158	117.44500
WALV	04/22	3.45217	117.86500	3.45928	117.87000
WALX	07/25	2.00475	117.74200	2.01027	117.75600
WAMG	09/27	0.63859	122.83800	0.63575	122.86029
WAMH	15/33	3.68754	125.52600	3.67888	125.53000
WAMM	18/36	1.55934	124.92600	1.53540	124.92500
WAMO	02/20	2.64311	125.42135	2.65438	125.42553
WAOC	09/27	-3.41221	115.98700	-3.41261	116.00300
WAOH	12/30	-3.98732	116.09700	-3.99250	116.10700
WAOI	13/31	-2.70016	111.66800	-2.71023	111.67900
WAON	06/24	-2.21969	115.43100	-2.21342	115.44200
WAOO	10/28	-3.44031	114.75100	-3.44439	114.77400
WAOS	13/31	-2.49351	112.96900	-2.50487	112.98100
WAPI	12/30	-7.98630	131.30299	-7.99140	131.30901
WAPK	04/22	-6.07064	134.27000	-6.06175	134.27800
WAPL	09/27	-5.66138	132.72600	-5.66186	132.73700
WAPP	04/22	-3.71825	128.08099	-3.70227	128.09700
WAQT	01/19	2.14931	117.43100	2.16169	117.43400
WARA	17/35	-7.91832	112.71200	-7.93564	112.71600
WARA	17L/35R	-7.91953	112.71400	-7.93274	112.71700
WARI	17L/35R	-7.60300	111.43400	-7.62622	111.43600
WARI	17R/35L	-7.60310	111.43200	-7.63075	111.43400
WARJ	09/27	-7.78856	110.42200	-7.78780	110.44200
WARJ	09R/27L	-7.78948	110.42700	-7.78907	110.43900
WARP	12/30	-6.95418	115.92800	-6.95904	115.93500
WARQ	08/26	-7.51863	110.74500	-7.51354	110.76800
WARR	10/28	-7.37765	112.77300	-7.38201	112.80000
WARS	13/31	-6.96732	110.36900	-6.97813	110.38200
WART	12/30	-7.02066	113.88500	-7.02653	113.89300
WASC	12/30	-1.49409	134.17105	-1.49945	134.17883
WASF	10/28	-2.91962	132.26199	-2.92077	132.27200
WASK	01/19	-3.65163	133.69400	-3.63741	133.69701
WASN	18/36	-0.41980	130.77394	-0.43190	130.77290
WASO	02/20	-2.53766	133.43700	-2.52682	133.44099
WASR	17/35	-0.88277	134.04900	-0.90089	134.04900
WASS	09/27	-0.89466	131.27699	-0.89569	131.29401
WATC	05/23	-8.64581	122.23000	-8.63548	122.24300
WATE	09/27	-8.84944	121.65300	-8.84915	121.66800
WATG	09/27	-8.59656	120.47100	-8.59747	120.48200
WATM	03/21	-8.13763	124.59400	-8.12704	124.60000
WATO	17/35	-8.48042	119.88800	-8.49289	119.89000
WATT	07/25	-10.17480	123.66100	-10.16960	123.68300
WATT	12/30	-10.17130	123.65900	-10.17790	123.66800
WAVV	15/33	-4.09585	138.95399	-4.10917	138.96100
WAWB	04/22	-5.49048	122.56600	-5.48328	122.57200
WAWS	12/30	-2.52859	121.35400	-2.53381	121.36100
WAWT	12/30	-3.04201	119.81800	-3.04746	119.82500
WAWW	08/26	-4.08332	122.40900	-4.07989	122.42800
WBB	05/23	63.51420	-162.28600	63.51770	-162.27000
WBGB	17/35	3.13595	113.01800	3.11173	113.02300
WBGG	07/25	1.48101	110.33691	1.49356	110.36850
WBGJ	04/22	4.80286	115.00600	4.81374	115.01400
WBGM	10/28	4.17854	114.31800	4.17646	114.32600
WBGR	02/20	4.31083	113.98200	4.33331	113.99200
WBGS	13/31	2.26965	111.97600	2.25356	111.99500
WBKD	11/29	5.03496	118.31800	5.02954	118.33000
WBKK	02/20	5.91815	116.04315	5.94963	116.05644
WBKL	14/32	5.31267	115.24200	5.29218	115.25598
WBKS	08/26	5.89932	118.05000	5.90247	118.06900
WBKW	06/24	4.30696	118.11200	4.31978	118.13200
WBMU	03/21	4.04275	114.80100	4.05392	114.80900
WBSB	03/21	4.93001	114.92000	4.95839	114.93700
WBTM	05/23	2.17336	111.19700	2.18232	111.20700
WI07	09/27	43.61830	-88.77720	43.61830	-88.76560
WI07	18/36	43.62470	-88.76610	43.61530	-88.76560
WI09	18/36	42.97960	-88.47580	42.97490	-88.47580
WI12	18/36	45.70940	-91.62490	45.70390	-91.62480
WI1B	11/29	-6.90077	107.46900	-6.90694	107.48300
WI1C	14/32	-6.36966	106.62000	-6.37677	106.62500
WI1G	10/28	-7.91592	110.55900	-7.91727	110.57000
WI22	09/27	44.32310	-88.60440	44.32300	-88.59730
WI22	10/28	44.32350	-88.60460	44.32200	-88.59710
WI24	03/21	42.87950	-89.75360	42.88270	-89.75090
WI31	18/36	46.42390	-91.65330	46.40940	-91.65280
WI32	01/19	44.98460	-91.33110	44.99000	-91.32970
WI33	18/36	46.10660	-91.90240	46.10050	-91.90240
WI46	09/27	43.88280	-88.54275	43.88268	-88.53721
WIBB	18/36	0.47088	101.44500	0.45069	101.44400
WIBD	03/21	1.60213	101.43000	1.61626	101.43800
WIBJ	10/28	-0.35186	102.32900	-0.35376	102.34100
WICA	14/32	-6.63699	108.15683	-6.65775	108.17429
WICB	04L/22R	-6.29087	106.56900	-6.28370	106.57600
WICB	04R/22L	-6.29530	106.56800	-6.28484	106.57800
WICB	12/30	-6.28804	106.56100	-6.29618	106.57500
WICC	11/29	-6.89733	107.56700	-6.90392	107.58600
WICD	04/22	-6.76046	108.53600	-6.75184	108.54300
WICM	15/33	-7.34242	108.24300	-7.35078	108.24900
WICN	07/25	-7.72185	108.48300	-7.71805	108.49500
WIDD	04/22	1.10745	104.10700	1.13461	104.13100
WIDE	18/36	0.85137	100.37000	0.83968	100.37000
WIDM	18/36	3.35350	106.25800	3.34274	106.25800
WIDN	04/22	0.91658	104.52700	0.92879	104.53800
WIDS	14/32	-0.47495	104.57600	-0.48343	104.58200
WIHH	06/24	-6.27223	106.87900	-6.26098	106.90300
WIHP	18/36	-6.32802	106.76500	-6.34591	106.76400
WIII	06/24	-6.11389	106.64459	-6.10384	106.66977
WIII	07L/25R	-6.12106	106.63900	-6.10899	106.66900
WIII	07R/25L	-6.14260	106.64400	-6.13032	106.67400
WILL	14/32	-5.23750	105.17484	-5.25657	105.19103
WIMA	06/24	5.22276	96.94300	5.23060	96.95770
WIMB	09/27	1.16662	97.69860	1.16614	97.71080
WIME	11/29	1.40255	99.42470	1.39765	99.43620
WIMK	05/23	3.54907	98.66220	3.56704	98.68120
WIMM	05/23	3.62590	98.85860	3.64984	98.88246
WIMN	09/27	2.26008	98.97860	2.25939	98.99900
WIMS	12/30	1.56031	98.88250	1.55157	98.89530
WIMU	15/33	3.39705	97.85990	3.38590	97.86770
WIOD	18/36	-2.73277	107.75376	-2.75531	107.75526
WIOG	10/28	-0.34813	111.74300	-0.34961	111.75200
WIOK	17/35	-1.81038	109.96300	-1.82289	109.96400
WION	18/36	3.92030	108.38800	3.89713	108.38700
WIOO	15/33	-0.14132	109.40000	-0.16010	109.40800
WIOP	10/28	0.83686	112.93300	0.83429	112.94100
WIPA	13/31	-1.63230	103.63700	-1.64374	103.65100
WIPD	15/33	-4.78292	103.93100	-4.79113	103.93500
WIPK	16/34	-2.15350	106.13700	-2.17090	106.14100
WIPO	03/21	-4.40006	104.39700	-4.38347	104.40600
WIPP	11/29	-2.89387	104.69000	-2.90263	104.71000
WIPQ	03/21	-3.29100	103.87600	-3.28106	103.88300
WIPT	15/33	-0.77565	100.27600	-0.79819	100.28600
WITK	09/27	4.72086	96.84600	4.72090	96.85650
WITL	16/34	5.07409	97.25700	5.06493	97.26130
WITN	10/28	5.87521	95.33140	5.87305	95.34790
WITT	17/35	5.53457	95.41810	5.51248	95.42270
WMAP	05/23	2.03767	103.30300	2.04512	103.31200
WMBT	02/20	2.81416	104.15800	2.82220	104.16200
WMGK	08/26	5.79831	102.47500	5.80083	102.49300
WMKA	04/22	6.18052	100.39000	6.19881	100.40700
WMKB	18/36	5.47692	100.39200	5.45492	100.39100
WMKC	10/28	6.16847	102.28400	6.16524	102.30200
WMKD	18/36	3.78832	103.21000	3.76300	103.20800
WMKE	16/34	4.54307	103.42500	4.53138	103.42900
WMKF	03/21	3.11223	101.70100	3.11340	101.70200
WMKF	04/22	3.10544	101.69800	3.11906	101.70700
WMKI	04/22	4.56187	101.08700	4.57407	101.09800
WMKJ	16/34	1.65548	103.66400	1.62713	103.67500
WMKK	14L/32R	2.77828	101.70200	2.74739	101.72200
WMKK	14R/32L	2.74351	101.69800	2.71313	101.71800
WMKK	15/33	2.73817	101.67750	2.70850	101.69733
WMKL	03/21	6.31551	99.71890	6.34394	99.73840
WMKN	04/22	5.37619	103.09700	5.38908	103.11000
WMKP	04/22	5.28590	100.26700	5.30838	100.28700
WMSA	15/33	3.14533	101.54100	3.11583	101.55800
WN09	18/36	44.16670	-89.50820	44.16220	-89.50790
WN53	15/33	48.11560	-122.06400	48.10530	-122.06100
WN54	01/19	47.73030	-117.07500	47.73950	-117.06800
WPAS	11/29	-7.84445	131.32914	-7.85232	131.34546
WPDB	16/34	-9.29866	125.28600	-9.30796	125.28800
WPDL	08/26	-8.54841	125.51700	-8.54470	125.53300
WPEC	14/32	-8.47647	126.39200	-8.49440	126.40600
WRLC	04/22	0.11850	117.47400	0.12480	117.47900
WRLJ	04/22	0.55760	117.64210	0.56340	117.64640
WS20	11/29	43.95780	-90.67420	43.95470	-90.66170
WS23	12/30	45.21710	-89.74970	45.21510	-89.74470
WS43	08/26	44.35480	-88.06370	44.35630	-88.05320
WS51	11/29	43.35440	-90.68750	43.35110	-90.67420
WS96	18/36	42.62300	-89.76740	42.61860	-89.76730
WSAG	04/22	1.41749	103.80400	1.43014	103.81500
WSAG	05/23	1.42334	103.81300	1.42973	103.81900
WSAP	02/20	1.34464	103.90300	1.37617	103.91600
WSAT	01/19	1.38689	103.69900	1.39313	103.70000
WSAT	18/36	1.39964	103.71000	1.37488	103.70800
WSAT	18R/36L	1.38342	103.70900	1.38027	103.70900
WSSL	03/21	1.41044	103.86300	1.42247	103.87100
WSSS	02C/20C	1.32880	103.98500	1.36213	103.99900
WSSS	02L/20R	1.34897	103.97800	1.38241	103.99200
WV52	12/30	38.43300	-79.83110	38.42820	-79.82050
WV62	06/24	39.05250	-79.43550	39.05770	-79.42730
WY00	10/28	43.97040	-107.38800	43.96500	-107.37100
WY33	07/25	42.81570	-110.29200	42.81820	-110.26400
WY46	8/26	41.07253	-104.82900	41.07303	-104.82230
X-MMTG	09/27	16.77260	-93.36530	16.76970	-93.34200
X-MMTG	16/34	16.76930	-93.34130	16.75670	-93.33720
X01	15/33	25.85170	-81.39210	25.84600	-81.38840
X09	17/35	29.69470	-95.84070	29.68550	-95.84030
X23	18/36	28.92610	-81.65170	28.91980	-81.65220
X25	18/36	27.95700	-81.60170	27.95060	-81.60120
X33	07/25	36.69280	-90.78860	36.69490	-90.78030
X36	12/30	26.99170	-82.37700	26.98770	-82.36970
X55	18/36	28.84770	-81.63020	28.83890	-81.63000
XA05	09/27	34.10180	-102.63100	34.10030	-102.61800
XA08	18/36	28.17270	-99.09080	28.15960	-99.09240
XA66	12/30	28.07900	-99.29270	28.07100	-99.28010
XA89	14/32	28.21460	-100.02300	28.20250	-100.01400
XA93	17/35	28.62580	-99.65490	28.61290	-99.65390
XK-0010	18/36	42.44250	20.42720	42.42640	20.42830
XP-0003	05/23	16.82590	112.33700	16.84120	112.35300
XRMU	08/26	43.29687	45.76979	43.29841	45.78798
XS11	11/29	29.77850	-99.36370	29.77470	-99.35470
XS12	10/28	30.67670	-98.02220	30.67530	-98.01280
XS20	16/34	30.15890	-99.29980	30.14930	-99.29580
XS40	13/31	28.80310	-99.00330	28.79720	-98.99690
XS44	08/26	31.01390	-104.22300	31.01670	-104.20200
XS59	15/33	28.28420	-97.21340	28.27320	-97.20660
XS67	14/32	27.94970	-96.98880	27.93860	-96.98000
XS71	17/35	28.75350	-98.04550	28.74260	-98.04450
XS91	17/35	32.09090	-95.59990	32.08210	-95.59880
XS93	12/30	26.72110	-98.56320	26.71290	-98.55400
XS94	17/35	27.11890	-99.42400	27.10400	-99.42110
Y58	04/22	44.24660	-94.71250	44.25230	-94.70680
Y63	14/32	45.98840	-95.99610	45.98130	-95.98760
Y71	12/30	46.38590	-101.84900	46.38000	-101.84100
Y73	17/35	46.07760	-88.63000	46.07220	-88.62860
Y77	08/26	46.57680	-91.46200	46.57770	-91.45020
Y87	09/27	44.79110	-86.00760	44.79200	-85.99890
Y87	17/35	44.79000	-86.00500	44.78280	-86.00250
Y88	05/23	44.60390	-85.76350	44.60880	-85.75530
Y88	16/34	44.60850	-85.75830	44.60290	-85.75620
Y91	09/27	44.32060	-85.17550	44.32060	-85.16060
Y91	18/36	44.32460	-85.17390	44.31750	-85.17390
Y98	05/23	46.61640	-85.92190	46.62420	-85.91060
Y98	14/32	46.62400	-85.92020	46.61840	-85.91330
Y99	08/26	48.03040	-101.95800	48.03040	-101.94500
YABA	05/23	-34.94710	117.80600	-34.94010	117.81400
YABA	14/32	-34.94030	117.80400	-34.95160	117.81800
YACR	04/22	-22.47593	149.15334	-22.47046	149.15939
YADA	04/22	-25.90000	144.56371	-25.89270	144.57280
YADA	10/28	-25.89269	144.56221	-25.89606	144.57399
YALP	15/33	-20.97943	137.83026	-20.99005	137.83466
YAMB	04/22	-27.64460	152.70799	-27.63660	152.72000
YAMB	15/33	-27.62170	152.70500	-27.64730	152.71600
YAMN	17/35	-32.53322	137.69275	-32.54204	137.69316
YARA	04/22	-37.31100	142.98700	-37.30750	142.99300
YARA	12/30	-37.30820	142.98500	-37.31470	142.99699
YARG	01/19	-16.64480	128.44701	-16.62540	128.45399
YARM	05/23	-30.53300	151.60899	-30.52480	151.62500
YARM	09/27	-30.52410	151.61000	-30.52530	151.62199
YAUR	16/34	-13.34840	141.71800	-13.35910	141.72200
YAYE	13/31	-25.17810	130.96700	-25.19300	130.98700
YAYR	01/19	-19.59810	147.32401	-19.58580	147.32899
YBAF	04L/22R	-27.57100	153.00200	-27.56395	153.01176
YBAF	04R/22L	-27.57169	153.00436	-27.56552	153.01309
YBAF	10L/28R	-27.57040	152.99722	-27.57491	153.01325
YBAF	10R/28L	-27.57220	152.99806	-27.57523	153.00868
YBAR	01/19	-23.57279	145.29989	-23.55803	145.30457
YBAR	14/32	-23.55920	145.30299	-23.56570	145.30901
YBAS	12/30	-23.80100	133.89301	-23.81210	133.91400
YBAS	17/35	-23.79730	133.88699	-23.80750	133.88699
YBBN	01L/19R	-27.38310	153.10699	-27.35660	153.12199
YBBN	01R/19L	-27.40390	153.11800	-27.37530	153.13400
YBCG	14/32	-28.15650	153.50101	-28.17609	153.51318
YBCG	17/35	-28.16440	153.50700	-28.16960	153.50600
YBCK	06/24	-24.43500	145.42101	-24.42910	145.43600
YBCK	12/30	-24.42070	145.42000	-24.42940	145.43300
YBCS	15/33	-16.86580	145.74400	-16.89230	145.75600
YBCV	12/30	-26.40790	146.25800	-26.41800	146.26801
YBCV	18/36	-26.41270	146.26199	-26.42240	146.26199
YBDG	05/23	-36.74134	144.32391	-36.73799	144.33142
YBDG	17/35	-36.72847	144.33047	-36.74287	144.32988
YBDV	03/21	-25.90390	139.34300	-25.89550	139.35100
YBDV	14/32	-25.88520	139.34100	-25.89860	139.35001
YBEG	07/25	-19.65532	146.28610	-19.65104	146.30176
YBHI	05/23	-32.00900	141.46100	-31.99630	141.48300
YBHI	14/32	-32.00380	141.46700	-32.01100	141.47301
YBHM	14/32	-20.35130	148.94701	-20.36360	148.95700
YBIE	14/32	-24.33880	139.45500	-24.35200	139.46470
YBIR	04/22	-36.00040	142.91400	-35.99460	142.92300
YBIR	09/27	-36.00060	142.91499	-36.00120	142.92101
YBKE	05/23	-30.04490	145.93700	-30.03730	145.95399
YBKE	18/36	-30.03240	145.95700	-30.04130	145.95599
YBKT	03/21	-17.75510	139.53101	-17.74590	139.53999
YBKT	14/32	-17.74950	139.52699	-17.75400	139.53200
YBLA	08R/26L	-36.55200	146.00700	-36.55270	146.01801
YBLA	17R/35L	-36.54970	146.00500	-36.55620	146.00500
YBLI	15/33	-30.32736	152.45677	-30.33398	152.46042
YBLN	03/21	-33.69733	115.39633	-33.67733	115.40783
YBLT	05/23	-37.51259	143.78642	-37.50717	143.79909
YBLT	13/31	-37.50542	143.78741	-37.50902	143.79199
YBLT	18/36	-37.50690	143.79494	-37.51796	143.79279
YBMA	16/34	-20.65500	139.48599	-20.67760	139.49100
YBMK	14/32	-21.16320	149.17700	-21.17830	149.18800
YBNA	06/24	-28.83580	153.55200	-28.83090	153.57001
YBNS	04/22	-37.89031	147.56434	-37.88467	147.57457
YBNS	14/32	-37.88339	147.56578	-37.88966	147.57135
YBOK	05/23	-27.40610	151.73100	-27.40130	151.73801
YBOK	09/27	-27.40910	151.72501	-27.41060	151.73500
YBOK	14/32	-27.40270	151.73700	-27.41490	151.74699
YBOK	H09L/H27R	-27.40611	151.73421	-27.40652	151.73726
YBOK	H09R/H27L	-27.40800	151.73100	-27.40840	151.73399
YBOU	14/32	-22.90575	139.89631	-22.91969	139.90528
YBPN	11/29	-20.49050	148.54401	-20.49830	148.56300
YBRK	04/22	-23.38250	150.46500	-23.37585	150.47471
YBRK	15/33	-23.36870	150.47000	-23.39070	150.48000
YBRL	02/20	-16.08110	136.30000	-16.07070	136.30499
YBRM	10/28	-17.94560	122.21600	-17.95140	122.23800
YBRN	08/26	-34.62190	143.57600	-34.62170	143.58299
YBRN	18/36	-34.61950	143.57800	-34.63010	143.57700
YBRW	03/21	-29.98090	146.81000	-29.97070	146.81900
YBRY	10/28	-22.67235	119.15757	-22.67676	119.17524
YBSG	12/30	-12.61584	142.07626	-12.63038	142.10037
YBSS	01/19	-37.73958	144.41884	-37.72887	144.42359
YBSS	09/27	-37.72959	144.41668	-37.73301	144.43346
YBSU	13/31	-26.58321	153.07452	-26.60323	153.09169
YBTH	08/26	-33.40670	149.64900	-33.40680	149.66299
YBTH	17/35	-33.40079	149.65068	-33.41611	149.65190
YBTI	15/33	-11.75900	130.61200	-11.77050	130.61900
YBTL	01/19	-19.25830	146.76500	-19.23820	146.77400
YBTL	07/25	-19.25580	146.75600	-19.25310	146.76601
YBTR	18/36	-23.59630	148.80701	-23.61000	148.80499
YBUD	07/25	-24.90640	152.31400	-24.90270	152.32401
YBUD	14/32	-24.89730	152.31729	-24.91260	152.32800
YBUN	07/25	-33.38054	115.67244	-33.37563	115.68413
YBWG	09/27	-27.36640	121.02400	-27.36580	121.04500
YBWP	12/30	-12.67330	141.91600	-12.68160	141.92900
YBWW	12/30	-27.54874	151.78450	-27.56630	151.80600
YBWX	03/21	-20.86900	115.40300	-20.85360	115.41100
YCAR	04/22	-24.88670	113.66400	-24.87570	113.67500
YCAR	18/36	-24.87870	113.66600	-24.88890	113.66600
YCAS	10/28	-28.88000	153.05499	-28.88270	153.06599
YCBA	05/23	-31.54150	145.78700	-31.53322	145.80107
YCBA	17/35	-31.53808	145.79481	-31.54630	145.79601
YCBB	01/19	-31.33500	149.27000	-31.32990	149.27400
YCBB	11/29	-31.32710	149.25600	-31.33460	149.26900
YCBG	09/27	-42.82820	147.47600	-42.82960	147.48300
YCBG	12/30	-42.82240	147.47400	-42.82880	147.48199
YCBG	14/32	-42.82180	147.47400	-42.82810	147.47800
YCBP	04/22	-29.04430	134.71400	-29.03590	134.72501
YCBP	14/32	-29.03650	134.72099	-29.04300	134.72501
YCCA	03/21	-26.77210	150.61800	-26.76790	150.62199
YCCA	14/32	-26.76810	150.61400	-26.77580	150.62100
YCCY	06/24	-20.67030	140.49899	-20.66640	140.50900
YCCY	12/30	-20.66020	140.50000	-20.67130	140.51500
YCDO	01/19	-33.07020	147.21100	-33.05890	147.21700
YCDO	10/28	-33.06300	147.20000	-33.06580	147.21201
YCDU	11/29	-32.12780	133.69800	-32.13340	133.71500
YCDU	17/35	-32.12660	133.71300	-32.13570	133.71400
YCEE	08/26	-33.71020	136.49899	-33.71040	136.51401
YCEE	18/36	-33.70770	136.50400	-33.71570	136.50400
YCFS	03/21	-30.33835	153.10658	-30.32420	153.12100
YCFS	10/28	-30.31650	153.11400	-30.31870	153.12300
YCGO	17/35	-17.13345	144.52837	-17.14230	144.52879
YCHT	06/24	-20.04755	146.26638	-20.04009	146.28098
YCIN	11/29	-17.57560	123.81500	-17.58520	123.84200
YCKN	11/29	-15.44070	145.17599	-15.44610	145.19000
YCMT	01/19	-22.77470	147.62100	-22.76610	147.62601
YCMT	15/33	-22.76690	147.61700	-22.77790	147.62100
YCMU	06/24	-28.03330	145.61400	-28.03020	145.62300
YCMU	12/30	-28.02670	145.62000	-28.03680	145.63300
YCNK	17/35	-32.77994	151.34099	-32.78973	151.33926
YCNM	05/23	-30.98630	148.36900	-30.97820	148.38200
YCNM	12/30	-30.97680	148.37399	-30.98010	148.37900
YCNY	14/32	-18.75380	138.70500	-18.76610	138.71500
YCOE	11/29	-13.76060	143.11200	-13.76490	143.12199
YCOM	18/36	-36.29050	148.97501	-36.30910	148.97000
YCOR	05/23	-36.00080	146.34500	-35.99273	146.35840
YCOR	14/32	-35.98310	146.34599	-35.99246	146.35481
YCPT	01/19	-31.31556	137.44124	-31.30157	137.44537
YCRG	06/24	-36.18530	147.88000	-36.18150	147.89400
YCSK	09/27	-66.28796	110.73806	-66.28788	110.78278
YCTM	10/28	-34.62420	148.02901	-34.62690	148.03700
YCTM	16/34	-34.61718	148.03564	-34.62975	148.03745
YCUN	05/23	-31.62725	117.21153	-31.61670	117.22400
YCUN	14/32	-31.61736	117.21027	-31.62720	117.22200
YCUS	17/35	-34.21172	135.63448	-34.22295	135.63447
YCWR	03/21	-33.84640	148.64301	-33.83850	148.65199
YCWR	15/33	-33.83923	148.64490	-33.85315	148.65050
YDAY	13/31	-27.15419	151.25916	-27.16272	151.26770
YDBI	01/19	-28.59580	148.21400	-28.58560	148.21800
YDBY	05/23	-17.37460	123.65800	-17.36880	123.66700
YDBY	11/29	-17.36880	123.65300	-17.37430	123.66900
YDEA	09/27	-13.66800	134.28656	-13.66944	134.29572
YDLQ	06/24	-35.56110	144.94000	-35.55660	144.95300
YDLQ	12/30	-35.55260	144.94299	-35.56300	144.95313
YDMG	12/30	-17.93320	138.80800	-17.94080	138.82100
YDOD	09/27	-36.35970	143.00500	-36.36110	143.01801
YDOD	18/36	-36.36080	143.00700	-36.36810	143.00600
YDPO	06/24	-41.16970	146.41901	-41.16580	146.44000
YDPO	14/32	-41.16570	146.42900	-41.17290	146.43300
YDYS	14/32	-22.61670	148.35899	-22.62830	148.36700
YECH	05/23	-36.15790	144.75900	-36.15550	144.76401
YECH	17/35	-36.15780	144.76199	-36.16906	144.76231
YELD	10/28	-12.01810	135.56799	-12.02030	135.58099
YEML	06/24	-23.57220	148.17101	-23.56650	148.18900
YEML	15/33	-23.56480	148.17500	-23.56972	148.17773
YESE	14/32	-20.96567	140.99794	-20.98282	141.01167
YESP	03/21	-33.68920	121.82100	-33.67980	121.82700
YESP	11/29	-33.67927	121.81276	-33.68510	121.83100
YEVD	18/36	-29.09380	153.42000	-29.10550	153.41901
YFBS	09/27	-33.36180	147.92101	-33.36350	147.93401
YFRT	09/27	-30.83650	128.11000	-30.83730	128.12399
YFRT	18/36	-30.83270	128.11301	-30.84640	128.11301
YFTZ	01/19	-18.18920	125.55800	-18.17790	125.56200
YGAS	01/19	-27.59320	152.25566	-27.58553	152.25856
YGAY	06/24	-25.61813	151.61516	-25.61336	151.62661
YGDA	12/30	-29.06980	147.38100	-29.07580	147.38901
YGDH	11/29	-30.95360	150.24100	-30.96160	150.25500
YGDH	17/35	-30.95520	150.25101	-30.96050	150.25101
YGDI	04/22	-28.52700	150.31599	-28.51800	150.32500
YGDI	12/30	-28.52070	150.31799	-28.52550	150.32401
YGEL	03/21	-28.80450	114.70300	-28.78750	114.71000
YGEL	08/26	-28.78800	114.70000	-28.78650	114.70900
YGEL	14/32	-28.78810	114.70000	-28.79410	114.70600
YGFN	18/36	-29.74720	153.03200	-29.76250	153.03000
YGIG	08/26	-31.46650	115.85400	-31.46220	115.87200
YGLA	10/28	-23.86690	151.21699	-23.87269	151.23412
YGLB	04/22	-34.81320	149.72200	-34.80540	149.73199
YGLB	08/26	-34.80970	149.72701	-34.80990	149.73500
YGLI	10/28	-29.67389	151.68246	-29.67685	151.69439
YGLI	14/32	-29.66710	151.68600	-29.67920	151.69299
YGN	12/30	50.85662	-126.88570	50.84792	-126.86065
YGPT	04/22	-11.40410	130.42101	-11.39590	130.42900
YGTE	10/28	-13.97100	136.45000	-13.97380	136.46700
YGTH	06/24	-34.25723	146.05182	-34.25094	146.06879
YGTH	18/36	-34.24670	146.06900	-34.25200	146.06799
YGTN	06/24	-18.30505	143.52590	-18.30037	143.53572
YGYM	14/32	-26.28468	152.69932	-26.29467	152.70612
YHAY	04/22	-34.53740	144.82401	-34.52790	144.83501
YHAY	15/33	-34.52390	144.82700	-34.53320	144.83200
YHBA	11/29	-25.31550	152.87199	-25.32420	152.88901
YHID	08/26	-10.58670	142.28101	-10.58550	142.29401
YHID	14/32	-10.58100	142.28900	-10.58950	142.29601
YHLC	04/22	-18.24100	127.66100	-18.23130	127.67100
YHLC	08/26	-18.23560	127.66300	-18.23500	127.67200
YHLS	06/24	-33.49607	145.51697	-33.49230	145.53027
YHML	10/28	-37.64600	142.05901	-37.65040	142.07201
YHML	17/35	-37.63864	142.06190	-37.65400	142.06200
YHOT	11/29	-37.04510	147.32800	-37.05120	147.34200
YHPN	01/19	-35.71990	142.35800	-35.71050	142.36301
YHPN	08/26	-35.71400	142.35800	-35.71400	142.36301
YHSM	08/26	-36.66890	142.17101	-36.66880	142.18600
YHSM	17/35	-36.66900	142.17200	-36.67878	142.17208
YHUG	06/24	-20.81850	144.21800	-20.81500	144.22600
YHUG	12/30	-20.80830	144.21899	-20.81740	144.23100
YIFL	03/21	-17.56440	146.00900	-17.55440	146.01601
YIFL	14/32	-17.55420	146.00700	-17.56370	146.01500
YIGM	05/23	-18.66827	146.13905	-18.66088	146.15131
YISF	14/32	-24.25407	144.42068	-24.26456	144.42779
YIVL	04/22	-29.89251	151.13778	-29.88930	151.14400
YIVL	16/34	-29.87860	151.14301	-29.89740	151.14700
YIVO	16/34	-32.88127	144.31055	-32.89240	144.31209
YJAB	09/27	-12.65750	132.88800	-12.65860	132.90100
YJBY	08/26	-35.14525	150.68819	-35.14637	150.70422
YJBY	15/33	-35.14173	150.69493	-35.15493	150.69957
YJLC	10/28	-20.66640	141.71201	-20.67010	141.72501
YKBR	18/36	-27.68499	114.25927	-27.69941	114.25924
YKBY	05/23	-32.84450	134.29401	-32.84020	134.30000
YKBY	13/31	-32.83260	134.28700	-32.84030	134.29800
YKER	05/23	-35.75270	143.93900	-35.74950	143.94600
YKER	14/32	-35.74790	143.93401	-35.75610	143.94000
YKII	06/24	-39.87790	143.87900	-39.87580	143.88800
YKII	10/28	-39.87340	143.87000	-39.87940	143.88699
YKII	17/35	-39.87280	143.88499	-39.88280	143.88400
YKKG	03/21	-17.43300	130.80701	-17.42350	130.81300
YKKG	13/31	-17.43340	130.80800	-17.43940	130.81400
YKLC	11/29	-16.12128	123.72618	-16.12898	123.74401
YKMP	04/22	-31.07650	152.75800	-31.06790	152.77200
YKOW	12/30	-15.48240	141.74699	-15.48860	141.75800
YKRY	05/23	-26.58550	151.83600	-26.58060	151.84801
YKRY	16/34	-26.57250	151.83800	-26.58660	151.84100
YKSC	01/19	-35.72362	137.52174	-35.70841	137.52905
YKSC	06/24	-35.71490	137.51700	-35.71080	137.52800
YKSC	15/33	-35.70933	137.51791	-35.72030	137.52400
YKUB	11/29	-10.22449	142.21561	-10.22820	142.22392
YKUR	16/34	-20.50546	134.66884	-20.51419	134.67212
YLEC	02/20	-30.60370	138.42000	-30.59420	138.42700
YLEC	11/29	-30.59570	138.42400	-30.60360	138.44000
YLED	10/28	-37.92029	144.09744	-37.92353	144.10998
YLED	16/34	-37.91650	144.09998	-37.92591	144.10187
YLEG	04/22	-38.49912	145.85701	-38.49266	145.86562
YLEG	18/36	-38.49331	145.86112	-38.49933	145.86003
YLEO	04/22	-28.88910	121.30600	-28.87450	121.31800
YLEO	12/30	-28.87500	121.30800	-28.88220	121.31700
YLEV	08/26	-12.49840	135.80200	-12.49770	135.81100
YLHR	12/30	-12.78370	143.30099	-12.79150	143.31200
YLIS	15/33	-28.82390	153.25500	-28.83770	153.26199
YLLE	03/21	-27.41190	141.80400	-27.39940	141.81500
YLRD	04/22	-29.45510	147.98100	-29.45070	147.98599
YLRD	10/28	-29.45060	147.97000	-29.45480	147.98399
YLRE	04/22	-23.43800	144.27100	-23.42600	144.28400
YLST	10/28	-27.84270	120.69500	-27.84560	120.71300
YLTN	07/25	-28.61680	122.42100	-28.61110	122.43800
YLTN	16/34	-28.60640	122.42300	-28.61400	122.42600
YLTV	03/21	-38.21553	146.46509	-38.20650	146.47658
YLTV	03L/21R	-38.20996	146.47008	-38.20656	146.47443
YLTV	09/27	-38.20511	146.46541	-38.20613	146.47577
YLZI	12/30	-14.66995	145.45106	-14.67558	145.45691
YMAV	18/36	-38.02724	144.46942	-38.05441	144.46483
YMAY	07/25	-36.06810	146.94901	-36.06540	146.97000
YMBA	10/28	-17.06740	145.41582	-17.07295	145.43210
YMBU	06/24	-37.03296	143.70884	-37.03037	143.71677
YMBU	17/35	-37.03050	143.70686	-37.03980	143.70829
YMCT	08/26	-37.58348	140.35981	-37.58200	140.37399
YMDG	04/22	-32.56970	149.60201	-32.56010	149.61700
YMDG	16/34	-32.55510	149.61099	-32.56470	149.61301
YMEK	09/27	-26.60910	118.53500	-26.60740	118.55700
YMEK	15/33	-26.60936	118.54902	-26.61660	118.55600
YMEN	08/26	-37.73139	144.89288	-37.73079	144.91466
YMEN	17/35	-37.72042	144.90076	-37.73394	144.90141
YMER	03/21	-36.91290	149.89700	-36.90090	149.90700
YMES	04/22	-38.10600	147.13901	-38.09310	147.16100
YMES	09/27	-38.09570	147.12801	-38.09880	147.15300
YMGB	11/29	-12.09210	134.88699	-12.09780	134.89900
YMGD	14/32	-12.05260	134.23300	-12.06440	134.24001
YMGT	02/20	-33.93536	115.09835	-33.92571	115.10124
YMHB	12/30	-42.82822	147.50102	-42.84559	147.52460
YMHU	06/24	-16.44874	136.06416	-16.44077	136.08605
YMIA	09/27	-34.22640	142.07401	-34.22970	142.09300
YMIA	18/36	-34.22580	142.09000	-34.23610	142.08900
YMIR	06/24	-17.32857	141.88062	-17.32685	141.88385
YMIR	11/29	-17.32674	141.88110	-17.33124	141.89095
YMIT	11/29	-26.48363	147.93732	-26.48880	147.95045
YMJM	12/30	-34.26280	116.13400	-34.26780	116.14600
YMLT	14L/32R	-41.54120	147.21400	-41.54660	147.21899
YMLT	14R/32L	-41.53710	147.20399	-41.55210	147.21700
YMLT	18/36	-41.53930	147.21800	-41.54530	147.21500
YMMB	04/22	-37.97951	145.09811	-37.97665	145.10206
YMMB	13L/31R	-37.97215	145.09790	-37.98028	145.10591
YMMB	13R/31L	-37.97448	145.09710	-37.98206	145.10459
YMMB	17L/35R	-37.97172	145.09930	-37.98373	145.10035
YMMB	17R/35L	-37.97199	145.09689	-37.98313	145.09786
YMMI	03/21	-28.71250	121.88400	-28.69750	121.89600
YMML	09/27	-37.66080	144.82201	-37.66230	144.84801
YMML	16/34	-37.65320	144.83501	-37.68580	144.84100
YMMU	11/29	-22.79830	148.69901	-22.80390	148.71300
YMND	05/23	-32.70361	151.48868	-32.69754	151.49960
YMND	08/26	-32.70105	151.48842	-32.70155	151.49918
YMND	18/36	-32.69617	151.49324	-32.70059	151.49203
YMNE	11/29	-27.28370	120.54600	-27.29030	120.56200
YMNG	05/23	-36.89344	145.17300	-36.88273	145.19139
YMNG	18/36	-36.88276	145.19001	-36.89574	145.18744
YMOG	04/22	-28.11780	117.83500	-28.11120	117.84000
YMOG	16/34	-28.10774	117.83700	-28.12266	117.84420
YMOR	01/19	-29.50630	149.84300	-29.49240	149.84801
YMOR	05/23	-29.50080	149.83701	-29.49620	149.84500
YMPC	04/22	-37.93640	144.74600	-37.92960	144.75600
YMPC	17/35	-37.92420	144.75301	-37.93650	144.75500
YMRB	16/34	-22.05130	148.07500	-22.06500	148.07700
YMRY	04/22	-35.90380	150.14000	-35.89960	150.14799
YMRY	18/36	-35.88880	150.14799	-35.90230	150.14500
YMST	05/23	-21.62647	117.07594	-21.62078	117.08607
YMST	11/29	-21.62090	117.07470	-21.62645	117.08640
YMTI	09/27	-16.66050	139.16299	-16.66250	139.17700
YMTO	16/34	-24.88648	151.10043	-24.89805	151.10314
YMYB	12/30	-25.51180	152.71201	-25.51680	152.71899
YMYB	17/35	-25.50640	152.71300	-25.52060	152.71400
YNAR	05/23	-34.70370	146.50900	-34.69871	146.51709
YNAR	14/32	-34.69330	146.50500	-34.70510	146.51601
YNBR	09/27	-30.31382	149.82894	-30.31450	149.83701
YNBR	18/36	-30.31410	149.82800	-30.32963	149.82347
YNGU	11/29	-14.72060	134.74100	-14.72630	134.75400
YNHL	09/27	-36.30980	141.64200	-36.31170	141.65199
YNHL	18/36	-36.30700	141.64400	-36.31690	141.64200
YNPE	13/31	-10.93839	142.44786	-10.95080	142.45900
YNRC	02/20	-36.98999	140.72303	-36.97920	140.73000
YNRC	08/26	-36.98090	140.71700	-36.97990	140.72900
YNRM	04/22	-32.21840	148.22099	-32.21260	148.23000
YNRM	11/29	-32.21230	148.21800	-32.21950	148.23100
YNRN	05/23	-25.68464	150.85408	-25.67738	150.86481
YNRV	06/24	-33.80180	120.20000	-33.79400	120.21600
YNRV	14/32	-33.79340	120.20700	-33.80150	120.21500
YNTN	14/32	-17.68080	141.06700	-17.69350	141.07600
YNUM	15/33	-14.26440	135.71201	-14.27470	135.71800
YNWN	05/23	-23.42380	119.79500	-23.41320	119.81100
YNYN	05/23	-31.55440	147.19600	-31.54690	147.21001
YNYN	18/36	-31.54460	147.20100	-31.55390	147.19800
YOEN	12/30	-12.32260	133.00200	-12.32830	133.01199
YOLA	09/27	-38.28533	143.67063	-38.28650	143.68057
YOLD	07/25	-30.48685	136.86687	-30.48125	136.88513
YOOM	12/30	-28.09430	140.19099	-28.10360	140.20500
YORG	04/22	-33.37843	149.12101	-33.37320	149.12900
YORG	11/29	-33.37470	149.11909	-33.38630	149.13800
YPAD	05/23	-34.95850	138.51700	-34.94060	138.54300
YPAD	12/30	-34.94120	138.52200	-34.94940	138.53700
YPAG	15/33	-32.49810	137.71100	-32.51200	137.71800
YPAM	14/32	-18.75102	146.57808	-18.75918	146.58462
YPBO	06/24	-23.17550	117.73700	-23.16740	117.75600
YPCC	15/33	-12.18190	96.82790	-12.20080	96.83940
YPCM	16/34	-11.75632	130.87867	-11.76783	130.88286
YPDN	11/29	-12.40940	130.86501	-12.41920	130.89400
YPDN	18/36	-12.40880	130.87100	-12.42260	130.87100
YPEA	05/23	-31.67230	116.00900	-31.66150	116.02100
YPEA	18L/36R	-31.66240	116.01400	-31.68430	116.01700
YPEA	18R/36L	-31.66880	116.01300	-31.68440	116.01500
YPED	18/36	-34.69194	138.61803	-34.71837	138.61324
YPGV	13/31	-12.26280	136.81000	-12.27570	136.82500
YPIR	03/21	-33.24100	137.99800	-33.23650	138.00301
YPIR	08/26	-33.23810	137.99100	-33.23810	138.00200
YPIR	17/35	-33.23510	137.99100	-33.24470	137.99100
YPJT	06L/24R	-32.10060	115.87400	-32.09330	115.88600
YPJT	06R/24L	-32.10090	115.87700	-32.09480	115.88700
YPJT	12/30	-32.09995	115.87248	-32.10558	115.88702
YPKA	08/26	-20.71403	116.76471	-20.71174	116.78644
YPKG	11/29	-30.78830	121.45500	-30.79460	121.47400
YPKG	18/36	-30.78140	121.46200	-30.79220	121.46100
YPKS	04/22	-33.13720	148.23100	-33.12850	148.24500
YPKS	11/29	-33.12480	148.23000	-33.13320	148.24500
YPKT	16/34	-14.24350	129.52800	-14.25560	129.53200
YPKU	12/30	-15.77386	128.70169	-15.78200	128.71700
YPLC	01/19	-34.61260	135.87700	-34.59970	135.88100
YPLC	05/23	-34.60740	135.87500	-34.60120	135.88699
YPLC	15/33	-34.59910	135.87500	-34.61080	135.88200
YPLM	18/36	-22.22000	114.09100	-22.24740	114.08900
YPMH	18/36	-29.70614	135.52631	-29.72571	135.52246
YPMP	14/32	-14.89100	141.60600	-14.90180	141.61200
YPMQ	03/21	-31.44294	152.85722	-31.42890	152.86700
YPOD	08/26	-38.31950	141.46300	-38.31880	141.48100
YPOD	17/35	-38.31370	141.46600	-38.32430	141.46700
YPPD	14/32	-20.37410	118.62200	-20.39070	118.63800
YPPD	18/36	-20.37030	118.62900	-20.37930	118.62900
YPPF	03L/21R	-34.80380	138.63100	-34.79310	138.63800
YPPF	03R/21L	-34.80220	138.63400	-34.79200	138.64101
YPPF	08L/26R	-34.79350	138.62500	-34.79280	138.63499
YPPF	08R/26L	-34.79560	138.62300	-34.79480	138.63400
YPPH	03/21	-31.95870	115.96000	-31.92860	115.96800
YPPH	06/24	-31.94100	115.95900	-31.93090	115.97900
YPTN	14/32	-14.51220	132.36900	-14.53090	132.38600
YPWR	12/30	-31.13690	136.81500	-31.14520	136.82899
YPWR	18/36	-31.13510	136.81400	-31.15640	136.81100
YPXM	18/36	-10.44080	105.69000	-10.45970	105.69200
YQDI	06/24	-31.50150	150.51300	-31.49740	150.52400
YQDI	14/32	-31.49090	150.51401	-31.50300	150.52600
YQLP	09/27	-26.60890	144.25000	-26.60980	144.26500
YQLP	18/36	-26.60150	144.25600	-26.61092	144.25317
YRBN	06/24	-34.64617	150.63930	-34.64399	150.64488
YREN	07/25	-34.20040	140.66000	-34.19610	140.67799
YREN	18/36	-34.19640	140.67900	-34.20550	140.67799
YRMD	09/27	-20.70020	143.10699	-20.70220	143.12100
YRNG	09/27	-12.35680	134.88600	-12.35730	134.89900
YROM	09/27	-26.54410	148.76601	-26.54560	148.77400
YROM	18/36	-26.53770	148.77699	-26.55100	148.77400
YRTI	09/27	-32.00630	115.53300	-32.00630	115.54700
YSBK	11C/29C	-33.91960	150.98399	-33.92680	150.99600
YSBK	11L/29R	-33.92010	150.98700	-33.92570	150.99699
YSBK	11R/29L	-33.92160	150.98500	-33.92680	150.99400
YSCB	12/30	-35.30070	149.18500	-35.31040	149.19900
YSCB	17/35	-35.29063	149.19444	-35.32020	149.19444
YSCN	06/24	-34.04060	150.68100	-34.03500	150.69501
YSCN	10/28	-34.04150	150.68201	-34.04380	150.68900
YSCO	11/29	-32.03484	150.82593	-32.04146	150.83853
YSDU	05/23	-32.22280	148.56900	-32.21370	148.58299
YSDU	11/29	-32.21440	148.57300	-32.21900	148.58299
YSGE	11/29	-28.04690	148.58900	-28.05390	148.60201
YSHK	18/36	-25.88889	113.57557	-25.90413	113.57612
YSHL	08/26	-34.56230	150.78200	-34.56320	150.79601
YSHL	16/34	-34.55150	150.78500	-34.56750	150.78900
YSHT	09/27	-36.42948	145.39086	-36.43013	145.39562
YSHT	18/36	-36.42215	145.39296	-36.43229	145.39063
YSMI	06/24	-40.83860	145.07500	-40.83350	145.09300
YSMI	10/28	-40.83100	145.08501	-40.83290	145.09100
YSNB	13/31	-11.41370	130.64400	-11.42200	130.65401
YSNF	04/22	-29.04660	167.93300	-29.03820	167.94501
YSNF	11/29	-29.03640	167.92999	-29.04580	167.94701
YSNW	03/21	-34.94890	150.53600	-34.93570	150.55200
YSNW	08/26	-34.94790	150.52699	-34.94930	150.54900
YSPE	08/26	-28.61993	151.97248	-28.62024	151.98998
YSPT	01/19	-27.92540	153.37000	-27.91830	153.37300
YSRI	10/28	-33.60160	150.77100	-33.60730	150.79300
YSSY	07/25	-33.94370	151.16400	-33.93750	151.19000
YSSY	16L/34R	-33.94960	151.18800	-33.97110	151.19400
YSSY	16R/34L	-33.92940	151.17200	-33.96430	151.18100
YSTA	09/27	-36.64440	143.17700	-36.64500	143.18300
YSTA	18/36	-36.63650	143.18500	-36.64540	143.18401
YSTW	06/24	-31.08320	150.84300	-31.08100	150.85100
YSTW	12L/30R	-31.07110	150.83701	-31.08460	150.85400
YSTW	12R/30L	-31.08130	150.83299	-31.08810	150.84100
YSTW	18/36	-31.07710	150.84700	-31.08620	150.84500
YSWG	05/23	-35.16710	147.46001	-35.15960	147.47700
YSWG	12/30	-35.16423	147.46306	-35.16865	147.47070
YSWH	04/22	-35.38206	143.53093	-35.37627	143.53908
YSWH	08/26	-35.37490	143.52499	-35.37510	143.54100
YSWH	15/33	-35.37620	143.53500	-35.38200	143.53799
YSWK	01/19	-30.92881	153.02612	-30.92017	153.02699
YSWL	11/29	-37.06560	142.72701	-37.07090	142.74100
YSWL	18/36	-37.07130	142.74200	-37.07900	142.74100
YTDN	04/22	-38.21820	145.41875	-38.21333	145.42772
YTEE	14/32	-21.82880	140.88300	-21.84166	140.89263
YTEF	12/30	-21.71050	122.22200	-21.71990	122.23800
YTEM	05/23	-34.42580	147.49500	-34.41750	147.51401
YTEM	09/27	-34.42180	147.50800	-34.42300	147.51700
YTEM	18/36	-34.41740	147.51500	-34.43050	147.51300
YTGM	04/22	-27.99490	143.80800	-27.99020	143.81500
YTGM	13/31	-27.98140	143.80800	-27.99160	143.81700
YTIB	02/20	-29.45750	142.05400	-29.44970	142.05901
YTIB	15/33	-29.44400	142.05400	-29.45710	142.05901
YTMO	14/32	-21.80190	139.91600	-21.81610	139.92700
YTMU	17/35	-35.26340	148.24100	-35.27300	148.24001
YTNG	10/28	-24.49270	150.57201	-24.49770	150.58600
YTNG	14/32	-24.49210	150.57500	-24.49760	150.58099
YTNK	07/25	-19.63586	134.16970	-19.63109	134.18767
YTNK	11/29	-19.63410	134.17599	-19.63870	134.18500
YTOC	09/27	-35.81010	145.59500	-35.81170	145.60800
YTOC	18/36	-35.80407	145.60592	-35.81540	145.60400
YTRE	04/22	-31.89280	152.50999	-31.88320	152.52100
YTRE	12/30	-31.88450	152.50800	-31.88830	152.51199
YTST	12/30	-14.08254	126.37356	-14.09266	126.38665
YTWB	06/24	-27.54410	151.91100	-27.54230	151.91800
YTWB	11/29	-27.54020	151.91200	-27.54539	151.92362
YTYA	08/26	-38.26523	145.17179	-38.26525	145.17912
YTYA	17/35	-38.26230	145.17970	-38.27182	145.17953
YWBL	04/22	-38.29873	142.44363	-38.29227	142.45270
YWBL	13/31	-38.28985	142.44135	-38.29901	142.45182
YWBR	18/36	-26.11880	126.58400	-26.13310	126.58200
YWCA	03/21	-31.52580	143.37523	-31.51901	143.38101
YWCK	09/27	-28.14835	151.93489	-28.15020	151.95100
YWDH	04/22	-25.41450	142.66299	-25.40650	142.67400
YWGM	14/32	-31.86422	116.93607	-31.87253	116.94346
YWGT	09/27	-36.41890	146.30000	-36.41960	146.30600
YWGT	18/36	-36.40830	146.31000	-36.42290	146.30701
YWHA	05/23	-33.05996	137.50505	-33.05207	137.51810
YWHA	17/35	-33.05110	137.51801	-33.06630	137.52000
YWIS	14/32	-22.46660	150.17500	-22.48090	150.18300
YWKB	08/26	-36.32210	142.41299	-36.32120	142.42799
YWKB	17/35	-36.31750	142.41800	-36.32440	142.41901
YWKI	02/20	-34.18360	140.03101	-34.17670	140.03500
YWKI	08/26	-34.18710	140.02400	-34.18630	140.03400
YWLG	05/23	-30.03730	148.11800	-30.02960	148.13300
YWLG	18/36	-30.02660	148.12601	-30.03690	148.12399
YWLM	12/30	-32.78710	151.82260	-32.80490	151.84750
YWLU	03/21	-26.63720	120.21600	-26.62800	120.22300
YWLU	15/33	-26.62660	120.21700	-26.63960	120.22700
YWRN	03/21	-31.74070	147.79201	-31.73350	147.80000
YWRN	09/27	-31.73330	147.80299	-31.73500	147.81599
YWSL	05/23	-38.09480	146.96201	-38.09230	146.96700
YWSL	09/27	-38.08970	146.95700	-38.09238	146.97700
YWSL	14/32	-38.09180	146.96400	-38.09700	146.96899
YWTN	05/23	-22.36390	143.07700	-22.36104	143.08268
YWTN	14/32	-22.35710	143.08299	-22.36790	143.09000
YWUD	07/25	-33.04440	135.44000	-33.04210	135.44901
YWUD	14/32	-33.03440	135.44099	-33.04550	135.45000
YWWL	04/22	-33.93970	147.19299	-33.93440	147.19800
YWWL	09/27	-33.93800	147.18100	-33.94020	147.19800
YWYM	12/30	-15.50440	128.14900	-15.51260	128.16100
YWYY	05/23	-40.99810	145.72301	-40.99520	145.73100
YWYY	09/27	-40.99680	145.72400	-40.99920	145.74300
YYND	12/30	-22.24938	131.77641	-22.25773	131.78793
YYNG	01/19	-34.26091	148.24542	-34.25028	148.24879
YYRM	05/23	-38.57160	146.74825	-38.56705	146.75933
YYRM	09/27	-38.56611	146.74850	-38.56731	146.75795
YYWG	01/19	-36.03730	146.02499	-36.02780	146.03000
Z13	11/29	60.90590	-161.42700	60.90380	-161.41800
Z40	07/25	61.39470	-149.85100	61.39420	-149.83400
Z92	04/22	42.58720	-82.57850	42.59160	-82.57280
ZA-0047	08/26	-28.63000	20.31900	-28.62420	20.33030
ZA-0069	06A/24D	-25.43220	31.57340	-25.42580	31.58050
ZA-0105	03/21	-25.69600	27.78200	-25.68950	27.78350
ZA-0112	06/24	-25.97460	28.34710	-25.96790	28.35330
ZA-0113	08/26	-26.85360	28.19420	-26.84910	28.20200
ZA-0114	08/26	-24.75940	27.96290	-24.75400	27.97530
ZA-0355	02/20	-33.59242	18.61875	-33.58458	18.61769
ZBAA	01/19	40.05891	116.61760	40.09283	116.61230
ZBAA	18L/36R	40.08936	116.59483	40.05553	116.60017
ZBAA	18R/36L	40.10211	116.56969	40.07348	116.57416
ZBAD	01L/19R	39.47130	116.43100	39.50170	116.42700
ZBAD	11L/29R	39.51670	116.43100	39.50890	116.47400
ZBAD	17L/35R	39.51791	116.39611	39.48393	116.40147
ZBAD	17R/35L	39.51707	116.38734	39.48310	116.39270
ZBDS	13/31	39.49981	109.84550	39.48411	109.87669
ZBDT	14/32	40.07111	113.46647	40.05316	113.49275
ZBHH	08/26	40.84700	111.80600	40.85590	111.84200
ZBLA	09/27	49.20370	119.80700	49.20630	119.84300
ZBSJ	15/33	38.29360	114.68700	38.26780	114.70800
ZBTJ	16L/34R	39.14148	117.36261	39.11546	117.37856
ZBTJ	16R/34L	39.13737	117.33820	39.11137	117.35416
ZBYC	08/26	35.11520	111.01417	35.12119	111.04850
ZBYN	13L/31R	37.75560	112.61400	37.73820	112.64300
ZGDY	08/26	29.10007	110.43066	29.10584	110.45652
ZGGG	01L/19R	23.38069	113.27529	23.41048	113.28333
ZGGG	01R/19L	23.37680	113.28400	23.40841	113.29195
ZGGG	02L/20R	23.37570	113.30500	23.40890	113.31400
ZGGG	02R/20L	23.36950	113.30800	23.40280	113.31700
ZGGG	03/21	23.35478	113.31915	23.38632	113.32767
ZGHA	18L/36R	28.20910	113.22241	28.17486	113.22451
ZGHA	18R/36L	28.20090	113.21900	28.17740	113.22000
ZGKL	01/19	25.20550	110.03800	25.23070	110.04000
ZGNN	05/23	22.59960	108.16300	22.61630	108.18200
ZGOW	04/22	23.54230	116.49500	23.56160	116.51200
ZGSD	05/23	21.99550	113.36467	22.02117	113.39200
ZGSZ	15/33	22.65300	113.80300	22.62560	113.81800
ZGSZ	16L/34R	22.65446	113.78485	22.62388	113.80162
ZGSZ	16R/34L	22.65906	113.77634	22.63008	113.79222
ZHCC	12L/30R	34.53950	113.84100	34.52720	113.87700
ZHCC	12R/30L	34.52550	113.82400	34.51380	113.85800
ZHHH	04/22	30.77230	114.19600	30.79520	114.22000
ZHHH	05L/23R	30.75764	114.21079	30.78197	114.23570
ZHHH	05R/23L	30.75821	114.21639	30.77984	114.23853
ZHYC	14/32	30.56450	111.47022	30.54472	111.49453
ZJHK	09/27	19.93480	110.44200	19.93490	110.47600
ZJHK	10/28	19.95371	110.44834	19.95381	110.48274
ZJQH	15/33	19.15400	110.44522	19.12892	110.46034
ZJSY	08/26	18.30080	109.39600	18.30500	109.42800
ZKPY	17/35	39.22040	125.66400	39.19020	125.67600
ZLIC	03/21	38.30708	106.38206	38.33530	106.40234
ZLLL	01/19	36.50366	103.64647	36.53965	103.64416
ZLLL	18L/36R	36.53161	103.62379	36.49562	103.62608
ZLXN	11/29	36.53592	102.01947	36.52473	102.05961
ZLXY	05L/23R	34.44215	108.73562	34.46470	108.76675
ZLXY	06L/24R	34.42098	108.75105	34.44353	108.78217
ZLXY	06R/24L	34.42313	108.76033	34.44087	108.78497
ZMBH	16/34	46.17480	100.69700	46.15190	100.71100
ZMBU	18/36	46.67000	113.28300	46.65070	113.28700
ZMCD	12/30	48.14010	114.63000	48.13130	114.66200
ZMCK	11/29	47.65100	106.79700	47.64280	106.84300
ZMDZ	03/21	43.58230	104.42300	43.60120	104.43600
ZMKD	16/34	47.96560	91.61990	47.94190	91.63460
ZMMN	10/28	49.66560	100.08300	49.66100	100.11600
ZMUB	14/32	47.85300	106.75300	47.83220	106.78100
ZMUB	15/33	47.85080	106.75000	47.83600	106.76500
ZPJH	16/34	21.98330	100.75600	21.96460	100.76300
ZPLJ	02/20	26.66412	100.24033	26.69002	100.24917
ZPPP	03/21	25.10225	102.91702	25.13048	102.94159
ZPPP	04/22	25.08969	102.93075	25.12149	102.95840
ZSAM	05/23	24.53460	118.11500	24.55340	118.14100
ZSCN	03/21	28.85340	115.89400	28.87660	115.90600
ZSHC	06/24	30.23819	120.40829	30.25214	120.43976
ZSHC	07/25	30.22212	120.41776	30.23689	120.45106
ZSJN	01/19	36.84100	117.21600	36.87340	117.21600
ZSNB	13/31	29.83460	121.44800	29.81880	121.47600
ZSNJ	06/24	31.73340	118.84600	31.75060	118.87800
ZSNJ	07/25	31.71351	118.84811	31.73071	118.88033
ZSNT	18/36	32.08946	120.97954	32.05881	120.98058
ZSOF	15/33	32.00171	116.96750	31.97517	116.98554
ZSPD	16L/34R	31.16018	121.81616	31.12757	121.82846
ZSPD	16R/34L	31.15900	121.81200	31.12640	121.82400
ZSPD	17L/35R	31.16130	121.78600	31.12700	121.79900
ZSPD	17R/35L	31.15483	121.78316	31.12567	121.79417
ZSQD	16/34	36.38128	120.09323	36.35036	120.10538
ZSQD	17/35	36.37102	120.07172	36.34010	120.08387
ZSQZ	03/21	24.78706	118.58270	24.80731	118.59573
ZSSH	04/22	33.78211	119.11754	33.80260	119.13519
ZSSS	18L/36R	31.21320	121.33500	31.18250	121.33700
ZSSS	18R/36L	31.21000	121.33200	31.18600	121.33300
ZSTX	13/31	29.74091	118.24560	29.72647	118.26680
ZSWH	02/20	37.17600	122.22400	37.19830	122.23400
ZSWX	03/21	31.48383	120.42474	31.51091	120.43639
ZSWZ	03/21	27.89577	120.84450	27.92122	120.85987
ZSXZ	09/27	34.05814	117.53805	34.06056	117.57478
ZSYA	17/35	32.58096	119.71491	32.55286	119.72267
ZSYN	04/22	33.41849	120.19584	33.43822	120.21460
ZSYW	02/20	29.32983	120.02671	29.35553	120.03639
ZUCK	02L/20R	29.70518	106.63675	29.73283	106.64632
ZUCK	02R/20L	29.70476	106.64067	29.73581	106.65144
ZUCK	03L/21R	29.71432	106.66147	29.74713	106.67290
ZUCK	03R/21L	29.72100	106.66790	29.75034	106.67813
ZUGY	01L/19R	26.52420	106.79800	26.55270	106.80400
ZUGY	01R/19L	26.52334	106.80201	26.55712	106.80858
ZUHY	16/34	32.54700	102.34700	32.51610	102.35800
ZULS	10R/28L	29.29776	90.89168	29.29837	90.93283
ZUTF	01/19	30.29042	104.41753	30.32383	104.43322
ZUTF	02/20	30.27764	104.43845	30.30436	104.45103
ZUTF	11/29	30.31510	104.45990	30.30220	104.49650
ZUUU	02L/20R	30.56346	103.93999	30.59360	103.95400
ZUUU	02R/20L	30.51950	103.93700	30.54960	103.95068
ZUXC	18/36	28.00530	102.18400	27.97280	102.18500
ZWKC	08/26	41.67620	82.85740	41.67900	82.88820
ZWSH	08/26	39.54190	76.00140	39.54390	76.03850
ZWTN	11/29	37.04350	79.84820	37.03350	79.88160
ZWWW	07/25	43.90250	87.45270	43.91170	87.49580
ZWWW	08L/26R	43.92364	87.45451	43.93175	87.49274
ZWWW	08R/26L	43.91935	87.45104	43.92844	87.49406
ZYCC	06/24	43.98680	125.67000	44.00560	125.70000
ZYHB	05L/23R	45.61230	126.23700	45.63450	126.26300
ZYHB	05R/23L	45.57745	126.20901	45.60249	126.23828
ZYJM	06/24	46.83590	130.45300	46.84930	130.47501
ZYMD	04/22	44.51350	129.56200	44.53460	129.57600
ZYQQ	17L/35R	47.25040	123.91200	47.22880	123.92500
ZYTL	10/28	38.96710	121.52000	38.96420	121.55800
ZYTX	06/24	41.63040	123.46900	41.64930	123.49800
ZYYJ	09/27	42.88110	129.43600	42.88450	129.46700
